statecode,state,districtcode,districtname,marketcode,marketname,latitude,longitude
AN,Andaman and Nicobar,1,Nicobar,3365,Car Nicobar APMC,12.63913738304127,92.90201992493812
AN,Andaman and Nicobar,2,North and Middle Andaman,3367,Diglipur APMC,12.587130841522896,92.80304461404619
AN,Andaman and Nicobar,2,North and Middle Andaman,345,Mayabandar APMC,12.579549070931007,92.90602719831915
AP,Andhra Pradesh,710,Alluri Sitharama Raju,4688,Araku Valley APMC,18.33662156134095,82.92566670246775
AP,Andhra Pradesh,710,Alluri Sitharama Raju,4771,Rampachodvaram APMC,17.847031821660995,82.25293435084849
AP,Andhra Pradesh,714,Anakapalli,4738,Madygula APMC,17.816068539832816,82.74619583553891
AP,Andhra Pradesh,714,Anakapalli,4758,Payakaraopeta APMC,17.385675029732663,82.61624914351142
AP,Andhra Pradesh,4,Anantapur,837,Anantapur APMC,14.754169636091286,77.6032250376943
AP,Andhra Pradesh,4,Anantapur,365,Dharmavaram APMC,14.591722909632827,77.59127921117988
AP,Andhra Pradesh,4,Anantapur,882,Gooti APMC,15.082606787065204,77.5650359178179
AP,Andhra Pradesh,4,Anantapur,885,Guntakal APMC,15.145108556144747,77.37867746296821
AP,Andhra Pradesh,4,Anantapur,888,Hindupur APMC,13.79508398350546,77.54186515978488
AP,Andhra Pradesh,4,Anantapur,902,Kadiri APMC,15.121688030530843,77.56370263670037
AP,Andhra Pradesh,4,Anantapur,905,Kalyandurg APMC,14.564134936945607,77.17730591086557
AP,Andhra Pradesh,4,Anantapur,939,Madakasira APMC,13.985621870301541,77.44187039502573
AP,Andhra Pradesh,4,Anantapur,1182,"P. Ramacharyulu Park,RBZ APMC",14.791053248720235,77.45950615880182
AP,Andhra Pradesh,4,Anantapur,364,Penukonda APMC,13.991367739142438,77.5100061338417
AP,Andhra Pradesh,4,Anantapur,1009,RAYADURG APMC,14.641296908411467,76.87909953209673
AP,Andhra Pradesh,4,Anantapur,4773,Rapthadu APMC,14.615920937906061,77.50305918450054
AP,Andhra Pradesh,4,Anantapur,4782,Singanamala APMC,14.934464059161817,77.73845550217862
AP,Andhra Pradesh,4,Anantapur,1027,Tadipatri APMC,14.914308188197294,78.04904913353161
AP,Andhra Pradesh,4,Anantapur,2812,Tenakallu APMC,14.31272935832414,77.1470062607113
AP,Andhra Pradesh,4,Anantapur,1043,Urvakonda APMC,14.949212553879105,77.21825216913227
AP,Andhra Pradesh,709,Annamayya,4687,Angallu APMC,13.600471614915444,78.54693878608748
AP,Andhra Pradesh,709,Annamayya,4790,Valmikipuram APMC,13.728818926648488,78.71539429963654
AP,Andhra Pradesh,716,Bapatla,4794,Vemuru APMC,16.179221089432442,80.6833184802825
AP,Andhra Pradesh,5,Chittor,843,Bangarupalyam APMC,13.157920910927244,78.98070880524563
AP,Andhra Pradesh,5,Chittor,857,Chittoor APMC,13.233958979423077,79.05188444148834
AP,Andhra Pradesh,5,Chittor,3318,Chittor(Rythu Bazar) APMC,13.230732724558706,79.22792575611999
AP,Andhra Pradesh,5,Chittor,3014,Kalikiri APMC,13.404628217914997,78.97224690523745
AP,Andhra Pradesh,5,Chittor,930,Kuppam APMC,12.750428661322958,78.32889919934681
AP,Andhra Pradesh,5,Chittor,938,Madanapalli APMC,12.857039837516277,78.37501029654648
AP,Andhra Pradesh,5,Chittor,1987,Mulakalacheruvu APMC,13.724765383303607,78.33891903302924
AP,Andhra Pradesh,5,Chittor,1988,Nagalapuram APMC,13.395905625020037,79.74111891442921
AP,Andhra Pradesh,5,Chittor,958,Nagari APMC,13.313820527110758,79.63711519916009
AP,Andhra Pradesh,5,Chittor,978,Pakala APMC,13.38279333517598,79.12601909580758
AP,Andhra Pradesh,5,Chittor,361,Palamaner APMC,13.208312628177499,78.72476811253293
AP,Andhra Pradesh,5,Chittor,4761,Penumuru APMC,13.333710586642152,79.19673557217116
AP,Andhra Pradesh,5,Chittor,990,Piler APMC,13.608937041353208,78.92286701958783
AP,Andhra Pradesh,5,Chittor,999,Punganur APMC,13.270936517062774,78.55582911444483
AP,Andhra Pradesh,5,Chittor,1001,Puttur APMC,13.16621974497418,78.93464378449805
AP,Andhra Pradesh,5,Chittor,3446,Rompicherla APMC,13.766365920310262,79.05358693492852
AP,Andhra Pradesh,5,Chittor,4776,S.R.Puram APMC,13.224317837085366,79.15177501794149
AP,Andhra Pradesh,5,Chittor,1022,Somala APMC,13.488133108889686,78.78391086542204
AP,Andhra Pradesh,5,Chittor,1024,Srikalahasti APMC,13.699495991027577,79.71087949914876
AP,Andhra Pradesh,5,Chittor,1034,Thambalapalli APMC,13.891816271510768,78.46497207244144
AP,Andhra Pradesh,5,Chittor,1035,Thottambedu APMC,12.654546453278678,78.31447044637194
AP,Andhra Pradesh,5,Chittor,1038,Tirupati APMC,14.02485393327261,79.99940958269435
AP,Andhra Pradesh,5,Chittor,1181,V.Kota Mkt.Yard APMC,13.056597237041968,78.99208474441258
AP,Andhra Pradesh,5,Chittor,1052,Vayalapadu APMC,13.651766315285222,78.5141778681182
AP,Andhra Pradesh,5,Chittor,2264,Vepanjari APMC,13.181615838191123,79.27331085891139
AP,Andhra Pradesh,6,Cuddapah,362,Badvel APMC,14.644460966782798,78.77410909019883
AP,Andhra Pradesh,6,Cuddapah,1,Cuddapah APMC,14.368696034637722,78.89028811646888
AP,Andhra Pradesh,6,Cuddapah,900,Jammalamadugu APMC,14.50509010632775,78.80936970588463
AP,Andhra Pradesh,6,Cuddapah,908,Kamalapuram APMC,14.28858245954568,78.90149340567898
AP,Andhra Pradesh,6,Cuddapah,916,Koduru APMC,14.052613809238135,79.2640907186319
AP,Andhra Pradesh,6,Cuddapah,933,Lakkireddipally APMC,14.33207311997976,78.88785670280616
AP,Andhra Pradesh,6,Cuddapah,956,Mydukur APMC,14.43053057945523,78.79308600896006
AP,Andhra Pradesh,6,Cuddapah,997,Proddatur APMC,14.633476675062546,78.73752721348187
AP,Andhra Pradesh,6,Cuddapah,2867,"Proddatur,RBZ APMC",14.315049561576508,78.70697562023325
AP,Andhra Pradesh,6,Cuddapah,998,Pulivendala APMC,14.375445571505495,78.73929868277409
AP,Andhra Pradesh,6,Cuddapah,1002,Rajampet APMC,14.6878251937242,79.08102246583285
AP,Andhra Pradesh,6,Cuddapah,363,Rayachoti APMC,14.339263040749739,78.99692467675939
AP,Andhra Pradesh,6,Cuddapah,1990,Siddavatam APMC,14.555509692309421,79.03049292647565
AP,Andhra Pradesh,6,Cuddapah,1020,Siddout APMC,14.726835979080116,78.91769333841634
AP,Andhra Pradesh,6,Cuddapah,4781,Simhadhripuram APMC,14.91080553121494,78.79541072480191
AP,Andhra Pradesh,6,Cuddapah,4798,Yerraguntla APMC,14.24590990281674,78.5265168837646
AP,Andhra Pradesh,7,East Godavari,831,Alamuru APMC,16.88624887666376,81.63171109334581
AP,Andhra Pradesh,7,East Godavari,832,Allavaram APMC,16.90299595404167,81.66573459661583
AP,Andhra Pradesh,7,East Godavari,1162,"Amalapuram(Mpl. Gate),RBZ APMC",16.64702583925532,82.02587166122312
AP,Andhra Pradesh,7,East Godavari,835,Ambajipeta APMC,17.06865265077988,81.68163066418455
AP,Andhra Pradesh,7,East Godavari,839,Anaparthy APMC,16.889770676740028,81.99142982972647
AP,Andhra Pradesh,7,East Godavari,1161,"Ganesh Chouk,Rajahmundry,RBZ APMC",17.00026387683573,81.77126280826263
AP,Andhra Pradesh,7,East Godavari,1998,Jaggampet APMC,17.078499680811746,81.7554056925367
AP,Andhra Pradesh,7,East Godavari,904,Kakinada APMC,17.026422051847124,81.6959329487483
AP,Andhra Pradesh,7,East Godavari,2843,"Kakinada(R.T.C) ,RBZ APMC",16.934762684480987,82.05428494064695
AP,Andhra Pradesh,7,East Godavari,3127,Karapa APMC,17.013675179247493,81.77552013498564
AP,Andhra Pradesh,7,East Godavari,925,Kothapeta APMC,16.96581985572193,81.71470314185478
AP,Andhra Pradesh,7,East Godavari,3369,Mandapeta APMC,17.00720063950567,81.73742010678662
AP,Andhra Pradesh,7,East Godavari,955,Mummidivaram APMC,16.95886762053908,81.76498568052858
AP,Andhra Pradesh,7,East Godavari,960,Nagaram APMC,16.993249992795533,81.75023195648127
AP,Andhra Pradesh,7,East Godavari,352,Peddapuram APMC,16.996797419666276,81.69939331768566
AP,Andhra Pradesh,7,East Godavari,992,Pithapuram APMC,16.90590079937185,81.77354689341169
AP,Andhra Pradesh,7,East Godavari,1999,Prattipadu APMC,17.02715185274194,81.72175052457115
AP,Andhra Pradesh,7,East Godavari,1003,Rajahmundry APMC,16.93268479853217,81.73646994413971
AP,Andhra Pradesh,7,East Godavari,1160,"Rajahmundry(Nataraj),RBZ APMC",16.98516633537325,81.70379325149467
AP,Andhra Pradesh,7,East Godavari,4768,Rajanagaram APMC,16.965445051432322,81.76773962503594
AP,Andhra Pradesh,7,East Godavari,1007,Ramachandrapuram APMC,16.928305139048785,81.67827216305844
AP,Andhra Pradesh,7,East Godavari,1163,"Ravulapalem(MY),RBZ APMC",17.039361004609074,81.79322788964939
AP,Andhra Pradesh,7,East Godavari,2411,Ravulapelem APMC,17.04679003600865,81.67900523692245
AP,Andhra Pradesh,7,East Godavari,1010,Razole APMC,16.935758243802745,81.73216507257135
AP,Andhra Pradesh,7,East Godavari,3396,Samalkot APMC,17.07703617576009,81.78447343370482
AP,Andhra Pradesh,7,East Godavari,2811,Sampara APMC,16.972495643383397,81.75093536229382
AP,Andhra Pradesh,7,East Godavari,3011,Tellarevu APMC,16.99875449798751,81.66114256898443
AP,Andhra Pradesh,7,East Godavari,1040,Tuni APMC,17.01511816857113,81.69624162144659
AP,Andhra Pradesh,8,Guntur,845,Bapatla APMC,15.956872648216327,80.0934843093688
AP,Andhra Pradesh,8,Guntur,1172,"CSMLS Point, ,RBZ,Guntur APMC",16.190663920047427,80.70185108722187
AP,Andhra Pradesh,8,Guntur,357,Chilakaluripet APMC,16.344595405811503,80.4757994802654
AP,Andhra Pradesh,8,Guntur,1060,Duggirala APMC,16.354430161587903,80.71937688587685
AP,Andhra Pradesh,8,Guntur,1174,"Gandhi Irvin Park(Tenali),RBZ APMC",15.910010901600758,80.54049829604214
AP,Andhra Pradesh,8,Guntur,886,Guntur APMC,16.32573359040363,80.36583142126946
AP,Andhra Pradesh,8,Guntur,895,Ipur APMC,16.06630111220013,79.81789790146927
AP,Andhra Pradesh,8,Guntur,928,Krosuru APMC,16.561162651427395,80.04938380479776
AP,Andhra Pradesh,8,Guntur,3013,Kuchinapudi APMC,15.998593032215206,80.84678754523115
AP,Andhra Pradesh,8,Guntur,936,Macharla APMC,16.261135480998693,80.45178987716564
AP,Andhra Pradesh,8,Guntur,947,Mangalagiri APMC,16.337147132086706,80.57278458705994
AP,Andhra Pradesh,8,Guntur,1173,"Mangalagiri(SLNS Temple),RBZ APMC",16.268778967075413,80.4261533066387
AP,Andhra Pradesh,8,Guntur,356,Narasaraopet APMC,16.22494856618964,80.08193805855566
AP,Andhra Pradesh,8,Guntur,1175,"Nr. Co-op Central Bank(Ten),RBZ APMC",16.16767936664011,80.13446991297543
AP,Andhra Pradesh,8,Guntur,1171,"Opp:Swami Theatre, ,RBZ,Guntur APMC",16.323647083388316,80.6118893505836
AP,Andhra Pradesh,8,Guntur,4762,Phirangipuram APMC,16.282457608153372,80.19075623149095
AP,Andhra Pradesh,8,Guntur,2001,Pidugurala APMC,16.395434915008188,79.93922429332642
AP,Andhra Pradesh,8,Guntur,981,Pidugurala(Palnadu) APMC,16.431556023269977,79.931192385447
AP,Andhra Pradesh,8,Guntur,996,Ponnur APMC,16.114697540001718,80.5789839551388
AP,Andhra Pradesh,8,Guntur,4763,Prathipadu APMC,16.180206027440963,80.35057646313172
AP,Andhra Pradesh,8,Guntur,1011,Repalli APMC,16.044900751321595,80.57624782622878
AP,Andhra Pradesh,8,Guntur,1018,Sattenapalli APMC,16.396725576069734,80.18480600070366
AP,Andhra Pradesh,8,Guntur,1029,Tadikonda APMC,16.480304449146157,80.50165315996001
AP,Andhra Pradesh,8,Guntur,1033,Tenali APMC,16.253046315484912,80.67924489638511
AP,Andhra Pradesh,8,Guntur,1050,Vinukonda APMC,16.0746366679841,79.7178367069537
AP,Andhra Pradesh,9,Krishna,1170,"Bapulapadu,RBZ APMC",16.622146807480924,80.93419523229414
AP,Andhra Pradesh,9,Krishna,870,Divi APMC,16.29711202146955,81.13289803407044
AP,Andhra Pradesh,9,Krishna,878,Gannavaram APMC,16.600231259623403,80.78242378112786
AP,Andhra Pradesh,9,Krishna,4709,Ghantsala HQ Kodali APMC,16.145612465531013,80.81276350205633
AP,Andhra Pradesh,9,Krishna,355,Gudiwada APMC,16.406626033329367,80.87593416515199
AP,Andhra Pradesh,9,Krishna,4712,Gudlavalleru APMC,16.344852994886818,81.04901999844755
AP,Andhra Pradesh,9,Krishna,897,Jaggayyapeta APMC,16.944784411158547,80.10625171646836
AP,Andhra Pradesh,9,Krishna,354,Kaikaluru APMC,16.565199692647116,81.27146950157712
AP,Andhra Pradesh,9,Krishna,2000,Kalidindi APMC,16.515037220912827,81.28590236906442
AP,Andhra Pradesh,9,Krishna,910,Kanchekacherla APMC,16.593753267270326,80.35664779601942
AP,Andhra Pradesh,9,Krishna,1168,"Kedareshwari peta, Vijayawada,RBZ APMC",16.53575330560257,80.93254939234106
AP,Andhra Pradesh,9,Krishna,935,Machilipatnam APMC,16.17876056884508,81.07158396257054
AP,Andhra Pradesh,9,Krishna,944,Malleswaram APMC,16.29372201271833,81.32956586554012
AP,Andhra Pradesh,9,Krishna,953,Movva Hqs APMC,16.162642356413976,80.95586434338611
AP,Andhra Pradesh,9,Krishna,957,Mylavaram APMC,16.739678156245414,80.66607378527445
AP,Andhra Pradesh,9,Krishna,965,Nandigama APMC,16.30044220212161,81.08191378153931
AP,Andhra Pradesh,9,Krishna,975,Nuzvid APMC,16.574255879302132,80.83496677514383
AP,Andhra Pradesh,9,Krishna,982,Pamarru APMC,16.373972776141937,81.03903721932038
AP,Andhra Pradesh,9,Krishna,1169,"Patamata,RBZ APMC",17.710227697904493,82.96917517866434
AP,Andhra Pradesh,9,Krishna,4760,Pedana APMC,16.265269320826302,81.07767560340983
AP,Andhra Pradesh,9,Krishna,3148,Penamaluru APMC,16.48483674783417,80.73507447765847
AP,Andhra Pradesh,9,Krishna,1039,Tiruvuru APMC,17.176193644806947,80.62480880493193
AP,Andhra Pradesh,9,Krishna,1049,Vijayawada APMC,16.491732176040905,80.76231625875378
AP,Andhra Pradesh,9,Krishna,1167,"Vijayawada(S.Maidan),RBZ APMC",15.921660095741704,81.0762893729314
AP,Andhra Pradesh,9,Krishna,1053,Vuyyur APMC,16.349201598178468,80.86284871845422
AP,Andhra Pradesh,10,Kurnool,2871,"A.A.Nagar,Kurnool,RBZ APMC",15.777530559802392,77.99743558396362
AP,Andhra Pradesh,10,Kurnool,828,Adoni APMC,15.591551054231608,77.24797682857144
AP,Andhra Pradesh,10,Kurnool,366,Allagadda APMC,15.188776582888202,78.50346337256664
AP,Andhra Pradesh,10,Kurnool,833,Alur APMC,15.385883565923901,77.2487170721012
AP,Andhra Pradesh,10,Kurnool,841,Atmakur APMC,15.867839976944301,78.09297559824337
AP,Andhra Pradesh,10,Kurnool,844,Banaganapalli APMC,15.793692864534112,78.02773231108549
AP,Andhra Pradesh,10,Kurnool,1183,"C.Camp,RBZ APMC",15.775610367285715,78.0531224738777
AP,Andhra Pradesh,10,Kurnool,869,Dhone APMC,15.821202707967464,77.9785252220398
AP,Andhra Pradesh,10,Kurnool,4728,Kodumur APMC,15.679388075859034,77.78533517709694
AP,Andhra Pradesh,10,Kurnool,918,Koilkunta APMC,15.20092108355359,78.33423115792456
AP,Andhra Pradesh,10,Kurnool,1184,"Kothpet,RBZ APMC",15.589290578285757,77.48122096349047
AP,Andhra Pradesh,10,Kurnool,931,Kurnool APMC,15.900957752153058,78.01793796732656
AP,Andhra Pradesh,10,Kurnool,3326,Kurnool(Rythu Bazar) APMC,15.534186813507088,77.30566236610396
AP,Andhra Pradesh,10,Kurnool,4740,Mantralayam APMC,15.83207787430524,77.46716017350536
AP,Andhra Pradesh,10,Kurnool,367,Nandikotkur APMC,15.793036786630058,78.02815519856622
AP,Andhra Pradesh,10,Kurnool,964,Nandyal APMC,15.611148997804031,78.26819949808706
AP,Andhra Pradesh,10,Kurnool,987,Pattikonda APMC,15.436556848676982,77.51722613095305
AP,Andhra Pradesh,10,Kurnool,1059,Yemmiganur APMC,15.749008078451956,77.36445597925965
AP,Andhra Pradesh,715,Nandyal,4755,Panyam APMC,15.491744967737466,78.38773706768404
AP,Andhra Pradesh,11,Nellore,360,Atmakur(SPS) APMC,14.438507732644537,80.0221671342614
AP,Andhra Pradesh,11,Nellore,1180,"Fatehkhanpet,RBZ APMC",14.322565123005386,79.98198683206675
AP,Andhra Pradesh,11,Nellore,884,Gudur APMC,14.405392954981219,80.07308124421428
AP,Andhra Pradesh,11,Nellore,914,Kavali APMC,14.837412261815452,79.9910380264393
AP,Andhra Pradesh,11,Nellore,926,Kovur APMC,14.467187363396711,79.95789410150311
AP,Andhra Pradesh,11,Nellore,961,Naidupet APMC,14.274990663497663,79.92611721054293
AP,Andhra Pradesh,11,Nellore,973,Nellore APMC,14.42014225721814,79.97872879239699
AP,Andhra Pradesh,11,Nellore,1179,"Nellore(Play Ground),RBZ APMC",14.48338084933367,80.02027750706334
AP,Andhra Pradesh,11,Nellore,1008,Rapur APMC,14.185928935439355,79.55269642797032
AP,Andhra Pradesh,11,Nellore,4779,Sarvepalli APMC,14.329683286443636,79.9453489135404
AP,Andhra Pradesh,11,Nellore,1025,Sullurpet APMC,13.711562930021406,79.9433420814955
AP,Andhra Pradesh,11,Nellore,1041,Udayagiri APMC,14.817720841948345,79.33060339845385
AP,Andhra Pradesh,11,Nellore,1045,Vakadu APMC,14.05931448456589,80.04762529905818
AP,Andhra Pradesh,11,Nellore,1047,Venkatagiri APMC,14.81540391884446,79.47027439255704
AP,Andhra Pradesh,712,Palnadu,4703,Durgi APMC,16.383021045857348,79.56240906821219
AP,Andhra Pradesh,712,Palnadu,4713,Gurazala APMC,16.61128825131143,79.60157819089629
AP,Andhra Pradesh,712,Palnadu,4770,Rajupalem APMC,16.377213416868763,80.06208601695717
AP,Andhra Pradesh,712,Palnadu,4775,Rompicherla APMC,16.17245895233311,79.86267204943795
AP,Andhra Pradesh,12,Prakasam,826,Addanki APMC,15.69590606350894,79.79355320624494
AP,Andhra Pradesh,12,Prakasam,861,Chirala APMC,15.242773603086262,79.36776821004804
AP,Andhra Pradesh,12,Prakasam,864,Cumbum(AP) APMC,15.573768838080337,79.1330412266956
AP,Andhra Pradesh,12,Prakasam,358,Darsi APMC,15.758313474036093,79.75603514169748
AP,Andhra Pradesh,12,Prakasam,1178,"Dibbala Bazar,RBZ APMC",15.609406267546852,79.17129530977385
AP,Andhra Pradesh,12,Prakasam,880,Giddalur APMC,15.369483115087148,78.9557321144054
AP,Andhra Pradesh,12,Prakasam,911,Kandukur APMC,15.65614729554509,79.04342674303955
AP,Andhra Pradesh,12,Prakasam,912,Kanigiri APMC,15.429719021420482,79.52921100051734
AP,Andhra Pradesh,12,Prakasam,920,Kondapi APMC,15.435079204000658,79.86948138043324
AP,Andhra Pradesh,12,Prakasam,1176,"Kothapatnam B.Stand,RBZ APMC",15.548945800209383,80.03315702115103
AP,Andhra Pradesh,12,Prakasam,1177,"Lawyer pet (Sai tmpl),RBZ APMC",15.414928129256197,80.02556184087874
AP,Andhra Pradesh,12,Prakasam,937,Maddipadu APMC,15.581257184306487,80.00213900705556
AP,Andhra Pradesh,12,Prakasam,948,Markapur APMC,15.717610254447408,79.284578083768
AP,Andhra Pradesh,12,Prakasam,1866,Martur APMC,15.763136159120837,79.07540733220341
AP,Andhra Pradesh,12,Prakasam,976,Ongole APMC,15.480980583554517,80.0494496617034
AP,Andhra Pradesh,12,Prakasam,3330,Ongole(Rythu Bazar) APMC,15.544511404423789,80.07557665979775
AP,Andhra Pradesh,12,Prakasam,983,Parchur APMC,15.36948432769282,79.70584491602024
AP,Andhra Pradesh,12,Prakasam,993,Podili APMC,15.575195338036686,79.63913244650436
AP,Andhra Pradesh,12,Prakasam,1013,Santhamaguluru APMC,16.077665344490217,79.93647131989412
AP,Andhra Pradesh,12,Prakasam,4797,Yerragondapalem APMC,15.982645767992521,79.20746378899321
AP,Andhra Pradesh,713,Sri Sathya Sai,4710,Gorantla  APMC,14.144306735519018,77.8222592326658
AP,Andhra Pradesh,713,Sri Sathya Sai,4764,Puttaparthi  APMC,14.14931623664003,77.84638849476107
AP,Andhra Pradesh,13,Srikakulam,836,Amadalavalasa APMC,18.461621140396993,83.83875367958609
AP,Andhra Pradesh,13,Srikakulam,4706,Etcherla APMC,18.286101307571176,83.77885088931282
AP,Andhra Pradesh,13,Srikakulam,889,Hiramandalam APMC,18.725154683873846,83.98000816797007
AP,Andhra Pradesh,13,Srikakulam,894,Ichapuram APMC,19.10216186162885,84.69290556569304
AP,Andhra Pradesh,13,Srikakulam,4717,Jalumuru APMC,18.473218441347296,83.99232420106617
AP,Andhra Pradesh,13,Srikakulam,909,Kanchili APMC,18.999600669630574,84.53497939590517
AP,Andhra Pradesh,13,Srikakulam,923,Kothabommali APMC,18.44034502726038,84.2712031646984
AP,Andhra Pradesh,13,Srikakulam,351,Narasannapet APMC,18.488333882736846,84.07470770379912
AP,Andhra Pradesh,13,Srikakulam,979,Palakonda APMC,18.44970988098519,83.95641935251805
AP,Andhra Pradesh,13,Srikakulam,4754,Palasa APMC,18.75240508992009,84.37444793774416
AP,Andhra Pradesh,13,Srikakulam,988,Pathapatnam APMC,18.67067217083443,84.05949171240684
AP,Andhra Pradesh,13,Srikakulam,995,Ponduru APMC,18.383130278301266,83.70644227495593
AP,Andhra Pradesh,13,Srikakulam,1004,Rajam APMC,18.76445792265353,84.57849244886786
AP,Andhra Pradesh,13,Srikakulam,1219,Sompeta APMC,19.029828946729037,84.61822990980177
AP,Andhra Pradesh,13,Srikakulam,1023,Srikakulam APMC,18.253271049202887,83.9458730688643
AP,Andhra Pradesh,13,Srikakulam,1032,Tekkali APMC,18.758219874051335,84.31059318126758
AP,Andhra Pradesh,711,Tirupathi,4690,B.N.Kandriga APMC,13.743544464145769,79.86456495424083
AP,Andhra Pradesh,711,Tirupathi,4698,Chandragiri APMC,13.589807030075937,79.31993025720662
AP,Andhra Pradesh,711,Tirupathi,4783,Thiruchanur APMC,13.617763797579975,79.55046147629429
AP,Andhra Pradesh,14,Vijayanagaram,852,Bobbili APMC,16.822469720836846,82.67135864259052
AP,Andhra Pradesh,14,Vijayanagaram,855,Chipurupalli APMC,16.811992857676263,82.25738542636893
AP,Andhra Pradesh,14,Vijayanagaram,874,Gajapathinagaram APMC,17.595673760994043,82.85295989363469
AP,Andhra Pradesh,14,Vijayanagaram,924,Kothavalasa APMC,17.416661083178834,82.50574734421468
AP,Andhra Pradesh,14,Vijayanagaram,932,Kurupam APMC,17.471814149218982,82.33314609932009
AP,Andhra Pradesh,14,Vijayanagaram,4741,Merakamudidam APMC,17.4981867665926,82.19002891384696
AP,Andhra Pradesh,14,Vijayanagaram,1148,"Old Maharaj Hospital,RBZ,Vizianagaram APMC",17.44407799203331,82.63826418779249
AP,Andhra Pradesh,14,Vijayanagaram,984,Parvathipuram APMC,17.283861814021474,82.64418395297193
AP,Andhra Pradesh,14,Vijayanagaram,1000,Pusapatirega APMC,16.97662772083472,82.24582900242484
AP,Andhra Pradesh,14,Vijayanagaram,1149,"R and B Guest House,RBZ,Vizianagaram APMC",18.179294154392977,83.38224852790806
AP,Andhra Pradesh,14,Vijayanagaram,1150,"Ring Road Jn.,RBZ, Vizianagaram APMC",17.213217182001117,82.16312141261403
AP,Andhra Pradesh,14,Vijayanagaram,1012,Saluru APMC,17.305458961472294,82.47729354651763
AP,Andhra Pradesh,14,Vijayanagaram,18,Vijayanagaram APMC,17.149783463302317,82.42535314389039
AP,Andhra Pradesh,14,Vijayanagaram,3333,Vijayanagaram(Rythu Bazar) APMC,17.267006333251512,82.06345204650948
AP,Andhra Pradesh,15,Visakhapatnam,1152,"Akkaiahpalem,RBZ,Visakhapatnam APMC",17.742269525966314,83.29403138147661
AP,Andhra Pradesh,15,Visakhapatnam,1609,Anakapally APMC,17.650776508680412,83.24273549586492
AP,Andhra Pradesh,15,Visakhapatnam,2003,Bheemunipatnam APMC,17.913635270394863,83.3964389188567
AP,Andhra Pradesh,15,Visakhapatnam,847,Bhimunipatnam APMC,17.884322828370944,83.45805708331837
AP,Andhra Pradesh,15,Visakhapatnam,859,Chintapally APMC,17.648772438010727,83.28149408824702
AP,Andhra Pradesh,15,Visakhapatnam,863,Chodavaram APMC,17.85175163980298,82.87662446173266
AP,Andhra Pradesh,15,Visakhapatnam,1159,"Gajuwaka,RBZ,Visakhapatnam APMC",17.71464204682968,83.19166874745973
AP,Andhra Pradesh,15,Visakhapatnam,1156,"Gopala Patnam Cent.,RBZ,Visakhapatnam APMC",17.74669818542267,83.20306192669979
AP,Andhra Pradesh,15,Visakhapatnam,1212,"Kancharlapalem,RBZ APMC",17.653897730296595,83.27157463606504
AP,Andhra Pradesh,15,Visakhapatnam,1153,"M.V.P.Colony,RBZ,Visakhapatnam APMC",17.732013148302478,83.30434350275632
AP,Andhra Pradesh,15,Visakhapatnam,1157,"Marripalem,RBZ,Visakhapatnam APMC",17.70549405527895,83.30121586187084
AP,Andhra Pradesh,15,Visakhapatnam,1155,"Mulagada,Visakhapatnam APMC",17.726844502020764,83.23399718346141
AP,Andhra Pradesh,15,Visakhapatnam,969,Narsipatnam APMC,17.91657883245079,83.36630882887505
AP,Andhra Pradesh,15,Visakhapatnam,977,Paderu APMC,18.166637738025727,82.68254445673954
AP,Andhra Pradesh,15,Visakhapatnam,1158,"Pedagantiyada,RBZ,Visakhapatnam APMC",17.607358265604166,83.26105302768609
AP,Andhra Pradesh,15,Visakhapatnam,1154,"Peddavaltair,RBZ,Visakhapatnam APMC",17.729165901456874,83.36216753108742
AP,Andhra Pradesh,15,Visakhapatnam,2841,"Pendurthi,RBZ APMC",17.829143290157056,83.22158015557541
AP,Andhra Pradesh,15,Visakhapatnam,1151,"Seethammadhara,RBZ,Visakhapatnam APMC",17.799986425987658,83.39623135844768
AP,Andhra Pradesh,15,Visakhapatnam,838,Visakhapatnam APMC,17.68161114341937,83.26608311501701
AP,Andhra Pradesh,15,Visakhapatnam,1058,Yellamanchili APMC,17.64811024768141,82.82664730600109
AP,Andhra Pradesh,16,West Godavari,825,Achanta APMC,16.653552530594904,81.60359739699335
AP,Andhra Pradesh,16,West Godavari,829,Akiveedu APMC,16.679905480598407,81.64263436898638
AP,Andhra Pradesh,16,West Godavari,842,Attili APMC,16.580713368984203,81.65675389255122
AP,Andhra Pradesh,16,West Godavari,849,Bhimadole APMC,16.73341660469005,81.57969808762259
AP,Andhra Pradesh,16,West Godavari,848,Bhimavaram APMC,16.559024420094225,81.62932020752508
AP,Andhra Pradesh,16,West Godavari,860,Chintalapudi APMC,16.703740719665355,81.70167027048073
AP,Andhra Pradesh,16,West Godavari,3012,Denduluru APMC,16.606198099952504,81.59890283740316
AP,Andhra Pradesh,16,West Godavari,872,Eluru APMC,16.680479364886274,81.59394801398837
AP,Andhra Pradesh,16,West Godavari,1164,"Eluru(P.Sri.Mkt),RBZ APMC",16.709489964985494,81.02546872375159
AP,Andhra Pradesh,16,West Godavari,1166,"Eluru-II,RBZ APMC",16.449992800647163,81.60888292719916
AP,Andhra Pradesh,16,West Godavari,883,Gopalavaram APMC,16.71285446039942,81.57236845927694
AP,Andhra Pradesh,16,West Godavari,927,Kovvur APMC,16.637977862744393,81.60239810140632
AP,Andhra Pradesh,16,West Godavari,972,Narsapuram APMC,16.59065920020698,81.68916773684451
AP,Andhra Pradesh,16,West Godavari,1165,Nidadavolu APMC,16.96916503036804,81.60527067841198
AP,Andhra Pradesh,16,West Godavari,980,Palakole APMC,16.495649259197208,81.71393181972908
AP,Andhra Pradesh,16,West Godavari,353,Penugonda APMC,16.637695013949102,81.59619373598264
AP,Andhra Pradesh,16,West Godavari,994,Polavaram APMC,16.62275640230137,81.70490423525938
AP,Andhra Pradesh,16,West Godavari,1028,Tadepalligudem APMC,16.745185014634913,81.47455432483099
AP,Andhra Pradesh,16,West Godavari,1031,Tanuku APMC,16.6595031331625,81.64869189016996
AP,Andhra Pradesh,16,West Godavari,2263,Undi APMC,16.678870778164484,81.53885963196244
AP,Andhra Pradesh,16,West Godavari,1042,Ungatur APMC,16.76729329569008,81.63068248717946
AR,Arunachal Pradesh,17,Changlang,1691,Miao APMC,27.449181734466798,96.52737007107562
AR,Arunachal Pradesh,18,East Kameng,2530,Seppa APMC,27.543186836919716,92.92708079610787
AR,Arunachal Pradesh,19,East Siang,347,Pasighat APMC,28.074744108185623,95.34891474766086
AR,Arunachal Pradesh,21,Lohit,2533,Anjaw APMC,28.07577189878403,96.81921092867574
AR,Arunachal Pradesh,21,Lohit,379,Tezu APMC,28.253673854022804,96.27928914501682
AR,Arunachal Pradesh,22,Lower Dibang Valley,1092,Roing APMC,28.311380494271685,95.84914732131705
AR,Arunachal Pradesh,23,Lower Subansiri,1093,Ziro APMC,27.5899130796217,93.83370262532176
AR,Arunachal Pradesh,24,Papum Pore,2532,Kurung Kumey APMC,27.944985106226113,93.37573422589979
AR,Arunachal Pradesh,24,Papum Pore,20,Naharlagun APMC,27.14507858796588,93.7784927712988
AR,Arunachal Pradesh,25,Tawang,380,Tawang APMC,27.64434533487597,91.90624396304163
AR,Arunachal Pradesh,26,Tirap,1690,Khonsa APMC,27.031023374683826,95.53537149315873
AR,Arunachal Pradesh,27,Upper Siang,2531,Yingkiong APMC,28.73616028536279,95.06416490154938
AR,Arunachal Pradesh,28,Upper Subansiri,1693,Daporijo APMC,28.209423507406008,94.02390804393286
AR,Arunachal Pradesh,29,West Kameng,1689,Bomdila APMC,27.3695291544132,92.41831056447313
AR,Arunachal Pradesh,30,West Siang,1692,Along APMC,28.475742103923317,94.56472280722399
AS,Assam,31,Barpeta,4238,Alupatty Char APMC,26.340941292683045,91.16886634897217
AS,Assam,31,Barpeta,4295,Barpeta Road APMC,26.60578637451221,90.95011274184718
AS,Assam,31,Barpeta,385,Bohorihat APMC,26.4473514542227,90.66365228083339
AS,Assam,31,Barpeta,381,Howly APMC,26.3916789217505,90.98925586032908
AS,Assam,31,Barpeta,4294,Mandia APMC,26.304111003181724,91.01644007457223
AS,Assam,32,Bongaigaon,4828,Bijni APMC,26.47197908498963,90.77007972786564
AS,Assam,32,Bongaigaon,1705,Bongiagaon APMC,26.52945148174449,90.50848418905844
AS,Assam,33,Cachar,4296,Bhaga APMC,24.478330173089226,92.80374536346812
AS,Assam,33,Cachar,4241,Fatakbazar APMC,24.81060032918938,93.15221642069501
AS,Assam,33,Cachar,4243,Gobindapur APMC,24.732257734923994,92.88113620723453
AS,Assam,33,Cachar,4244,Kashipur APMC,24.94474653022397,92.70341937559962
AS,Assam,33,Cachar,4245,Koroikandi APMC,24.947138041990296,93.31391352934817
AS,Assam,33,Cachar,4242,Lakhipur APMC,24.733450808389335,93.03649386249157
AS,Assam,33,Cachar,4246,Sonabarighat APMC,24.71723524373043,92.84204440093374
AS,Assam,34,Darrang,4247,Balugaon APMC,26.786632787058643,92.75835500009994
AS,Assam,34,Darrang,4248,Banglagarh APMC,26.64838527671095,92.6593363940096
AS,Assam,34,Darrang,4249,Besimari APMC,26.672162084699224,92.20407861318033
AS,Assam,34,Darrang,21,Kharupetia APMC,26.491062788390366,92.23126000841415
AS,Assam,34,Darrang,4250,Tangni APMC,26.48446514072107,92.1955634408399
AS,Assam,35,Dhemaji,4832,Dhemaji APMC,27.681029946051822,94.70459976505654
AS,Assam,35,Dhemaji,388,Silapathar APMC,27.55955723203763,94.75152855146507
AS,Assam,36,Dhubri,4253,Bilasipara APMC,26.21274109859838,90.23421803979666
AS,Assam,36,Dhubri,4254,Chapar APMC,26.295867371963578,90.39625267360792
AS,Assam,36,Dhubri,4255,Dhubri APMC,26.022147898974954,89.97710552605763
AS,Assam,36,Dhubri,22,Gauripur APMC,26.131375947142743,89.92262911601189
AS,Assam,37,Dibrugarh,1709,Dibrugarh APMC,27.422633642781825,94.8693114158504
AS,Assam,38,Goalpara,4256,Darangiri Banana Market APMC,26.081759930784173,90.53230963015687
AS,Assam,38,Goalpara,1706,Goalpara APMC,25.99277348230941,90.5980026898506
AS,Assam,38,Goalpara,4257,Jaleswar APMC,26.038734188041605,90.26020085583554
AS,Assam,38,Goalpara,4258,Krishnai APMC,26.07840150514753,90.82557539053965
AS,Assam,38,Goalpara,4259,Lakhipur APMC,26.13378680042118,90.27628907252347
AS,Assam,38,Goalpara,4261,Simlitola APMC,26.036884651395756,90.89182389693671
AS,Assam,38,Goalpara,4260,Sonari APMC,26.15745240339829,90.60131312044625
AS,Assam,39,Golaghat,4262,Dergaon APMC,26.772422216824634,93.79853088145856
AS,Assam,39,Golaghat,386,Golaghat APMC,26.5433618954026,93.99509223826611
AS,Assam,39,Golaghat,4263,Gomariguri APMC,26.6555783373716,93.86997950156497
AS,Assam,39,Golaghat,4264,Sarupathar APMC,26.146584451441054,93.90911757547566
AS,Assam,40,Hailakandi,4826,Ainakhal APMC,24.8265489468862,92.76105622219842
AS,Assam,40,Hailakandi,4827,Algapur APMC,24.81127482329255,92.63776602587373
AS,Assam,40,Hailakandi,4837,Harbartganj APMC,24.65023566763137,92.58696345155066
AS,Assam,717,Hojai,4843,Gandhimaidan APMC,25.90772823835766,93.18033305977889
AS,Assam,41,Jorhat,387,Jorhat APMC,26.77386452879333,94.23162197840831
AS,Assam,41,Jorhat,4267,Mariani APMC,26.646228645574787,94.2732159375192
AS,Assam,41,Jorhat,4268,Titabor APMC,26.518738384960322,94.08434190558935
AS,Assam,42,Kamrup,4265,Brahmaputra Private Market APMC,26.388917344868357,91.48351522840272
AS,Assam,42,Kamrup,4835,Fancy Bazaar APMC,26.180127876966946,91.76307455925799
AS,Assam,42,Kamrup,1714,Goreswar APMC,26.53879225326598,91.73600049614087
AS,Assam,42,Kamrup,23,P.O. Uparhali Guwahati APMC,26.123862110552878,91.68679754821675
AS,Assam,42,Kamrup,3668,Pamohi(Garchuk) APMC,26.07531599843369,91.65390189497145
AS,Assam,42,Kamrup,4772,Rangia Sub-Divisional Market Committee APMC,25.86916883215849,91.25430154028027
AS,Assam,42,Kamrup,4266,Sontoli APMC,26.21545152141965,91.130699692183
AS,Assam,43,Karbi Anglong,4269,Diphu APMC,25.846868589110947,93.40901198345904
AS,Assam,43,Karbi Anglong,4270,Manja APMC,25.937127197899493,93.32999160236248
AS,Assam,43,Karbi Anglong,4271,Sariahjan APMC,25.85818584201745,93.56501507403124
AS,Assam,44,Karimganj,1713,Karimganj APMC,24.508857653719193,92.42511430703273
AS,Assam,45,Kokrajhar,4272,Balajan Tiniali APMC,26.82864267341027,90.21143032561005
AS,Assam,45,Kokrajhar,4273,Dotma Bazar APMC,26.337726304246043,90.12920783449448
AS,Assam,45,Kokrajhar,4274,Gossaigaon APMC,26.501864776571846,90.0246558560463
AS,Assam,45,Kokrajhar,4276,Saraibil APMC,26.356646305141954,90.23560855876778
AS,Assam,45,Kokrajhar,4275,Serfanguri APMC,26.377246058994334,90.26213097606477
AS,Assam,46,Lakhimpur,4285,Anand Bazar APMC,27.02911504278029,94.23297096362299
AS,Assam,46,Lakhimpur,4286,Baginadi APMC,27.41601096716394,94.1983033174251
AS,Assam,46,Lakhimpur,4829,Bongolmara APMC,26.996424562425656,93.8837048303885
AS,Assam,46,Lakhimpur,4287,Ghilamara APMC,27.280381137034322,94.34493680874382
AS,Assam,46,Lakhimpur,4288,Gogamukh APMC,26.876337229022177,94.22719907218266
AS,Assam,46,Lakhimpur,4289,Kakoi Weekly Market APMC,27.121319648590447,94.12617032970697
AS,Assam,46,Lakhimpur,1708,North Lakhimpur APMC,27.312033741238245,94.04906807067347
AS,Assam,48,Morigaon,4277,Boralimari APMC,25.962562518947646,91.98387827561459
AS,Assam,48,Morigaon,4278,Burhagaon APMC,26.30191815181401,92.14943572390729
AS,Assam,48,Morigaon,4279,Jagiroad Dry Fish Market APMC,26.417734714846294,92.3450112487181
AS,Assam,48,Morigaon,3667,Kushtoli APMC,26.511950544193642,92.32013147864822
AS,Assam,48,Morigaon,4280,Laharighat APMC,25.976396644232494,92.23064138772496
AS,Assam,48,Morigaon,4281,Moirabari APMC,26.24234579807317,92.08721436728183
AS,Assam,49,Nagaon,4251,Ambagan APMC,26.581691728709202,92.95075521811579
AS,Assam,49,Nagaon,382,Dhing APMC,26.475089365109888,92.51730869376992
AS,Assam,49,Nagaon,4834,Doomdumia APMC,26.512432481063612,92.48650662821966
AS,Assam,49,Nagaon,4252,Haibargaon APMC,26.33722807676299,92.72248264238533
AS,Assam,49,Nagaon,1095,Lanka APMC,25.937387115750614,92.96289342868471
AS,Assam,50,Nalbari,4282,Dhamdhama APMC,26.50517323591622,91.5473321343718
AS,Assam,50,Nalbari,4283,Kumrikata APMC,26.324155463623047,91.69839133506437
AS,Assam,50,Nalbari,4284,Mukalmua APMC,26.30426409814203,91.36487807465288
AS,Assam,50,Nalbari,1711,Nalbari APMC,26.30282346022674,91.42966296890758
AS,Assam,52,Sibsagar,4831,Chairaideo APMC,27.34690367634603,94.79847766380314
AS,Assam,52,Sibsagar,4290,Moran APMC,26.78314581716834,94.49604973449412
AS,Assam,52,Sibsagar,1710,Sibsagar APMC,26.986641955731653,94.62891681176161
AS,Assam,52,Sibsagar,4291,Simalguri APMC,26.91818454403022,94.61896646828508
AS,Assam,52,Sibsagar,4292,Sonari APMC,27.092479616167516,95.20153187865809
AS,Assam,53,Sonitpur,4293,Bindukuri APMC,26.72632058096702,92.71036459934523
AS,Assam,53,Sonitpur,4830,Borsola APMC,26.555120194562765,92.38857087162707
AS,Assam,53,Sonitpur,1707,Dhekiajuli APMC,26.745617785857853,92.39590522925802
AS,Assam,53,Sonitpur,4836,Gohpur APMC,26.831094108525686,93.62757841165242
AS,Assam,53,Sonitpur,4838,Itakola APMC,26.796229001036494,92.96648319274124
AS,Assam,53,Sonitpur,4840,Mission Chariali APMC,26.621828257835197,92.72088473255697
AS,Assam,718,Sribhumi,4842,Banga Bazaar APMC,26.754457260174163,93.56324081227324
AS,Assam,718,Sribhumi,4844,Santar Bazaar APMC,26.6725802309245,93.25538676359258
AS,Assam,54,Tinsukia,4239,Bardhumsa APMC,27.58199381019227,95.28233799334055
AS,Assam,54,Tinsukia,4833,Digboi APMC,27.317998572165322,95.64993751805028
AS,Assam,54,Tinsukia,4839,Margerita APMC,27.408865235800157,95.79959378832238
AS,Assam,54,Tinsukia,4841,Sadia APMC,27.778873333409713,95.74513294817866
AS,Assam,54,Tinsukia,384,Tinsukia APMC,27.463103039725674,95.30932110746437
BI,Bihar,55,Araria,778,Arreria APMC,26.155436265595004,87.41802374029989
BI,Bihar,55,Araria,1484,Forbesganj APMC,26.235833728959776,87.36125167568096
BI,Bihar,55,Araria,3921,Raniganj APMC,26.048582686480515,87.41653091219155
BI,Bihar,56,Arwal,1479,Arwal APMC,25.096641435501766,84.74504060021532
BI,Bihar,57,Aurangabad,3923,Amba APMC,24.7359774200762,84.2267373799124
BI,Bihar,57,Aurangabad,394,Aurangabad APMC,24.866652068150998,84.49362404994845
BI,Bihar,57,Aurangabad,3922,Daunagar APMC,25.050386122345913,84.5369494794427
BI,Bihar,58,Banka,3925,Amarpur APMC,25.095956251767124,86.86212444230465
BI,Bihar,58,Banka,1493,Barahat APMC,24.853181628269056,86.99504295670195
BI,Bihar,58,Banka,3924,Rajaun APMC,25.08443893880196,86.94512377444715
BI,Bihar,59,Begusarai,3926,Balliah APMC,25.493124025895007,86.30360972783829
BI,Bihar,59,Begusarai,24,Begusarai APMC,25.504499343053848,86.1044988401262
BI,Bihar,59,Begusarai,1491,Teghra APMC,25.413784031611094,85.97847997692561
BI,Bihar,60,Bhagalpur,25,Bhagalpur APMC,25.222094250590526,86.99655806546339
BI,Bihar,60,Bhagalpur,3927,Bihpur APMC,25.392440981273385,87.06987718353618
BI,Bihar,60,Bhagalpur,1489,Kahalgaon APMC,25.303606144323282,87.17422989857076
BI,Bihar,60,Bhagalpur,3928,Naugachiya APMC,25.320016365894908,87.03147794918465
BI,Bihar,61,Bhojpur,392,Aarah APMC,26.129714807265646,86.28340925721484
BI,Bihar,61,Bhojpur,3929,Bihiya APMC,25.544113302513477,84.37546707875718
BI,Bihar,61,Bhojpur,3930,Piro APMC,25.348500992843398,84.38971291048662
BI,Bihar,62,Buxar,3932,Brahmpur APMC,25.629115304530565,84.3259319359243
BI,Bihar,62,Buxar,393,Buxur APMC,25.55878023739369,84.11275679340238
BI,Bihar,62,Buxar,3931,Dumarao APMC,25.53542217361256,84.18417968739097
BI,Bihar,63,Chhapra,26,Chhapra APMC,25.783616504357273,84.71431591681828
BI,Bihar,64,Darbhanga,3934,Bahadurpur (Ekmi Ghat) APMC,25.136041841889273,85.69592821871791
BI,Bihar,64,Darbhanga,3933,Benipir APMC,26.146876215745298,86.11969702771066
BI,Bihar,64,Darbhanga,1501,Biraul APMC,25.96135490211415,86.24254740538976
BI,Bihar,64,Darbhanga,27,Darbhanga APMC,26.129022112534177,85.8221128729477
BI,Bihar,65,East Champaran/ Motihari,1499,Chakia APMC,26.646557989607317,84.90336297959576
BI,Bihar,65,East Champaran/ Motihari,3942,Madhuban APMC,26.58624926934095,84.9162310950261
BI,Bihar,65,East Champaran/ Motihari,402,Motihari APMC,26.666774065811982,84.9065018450365
BI,Bihar,65,East Champaran/ Motihari,3943,Raxaul APMC,26.75283655068961,84.91955442044618
BI,Bihar,66,Gaya,32,Gaya APMC,24.76061925065678,85.0047681552704
BI,Bihar,66,Gaya,3935,Tekari APMC,24.932150829107243,84.86104539098004
BI,Bihar,67,Gopalgang,1482,Gopalganj APMC,26.424839712333096,84.46561731921281
BI,Bihar,68,Jamui,1494,Jamui APMC,24.745068221632664,86.28702534188056
BI,Bihar,68,Jamui,3936,Sikandara APMC,24.98017239086508,86.03653002147914
BI,Bihar,69,Jehanabad,1478,Jehanabad APMC,25.169923218881948,84.87267878363474
BI,Bihar,70,Kaimur/Bhabhua,3941,Kaimur APMC,25.112407286536293,83.61670039131948
BI,Bihar,70,Kaimur/Bhabhua,1480,Mohana APMC,25.175271539554764,83.66721291972698
BI,Bihar,71,Kaithar,3938,Barari APMC,25.56536521683418,87.44030016158348
BI,Bihar,71,Kaithar,1487,Barsoi APMC,25.597325881693564,87.88959977424756
BI,Bihar,71,Kaithar,3937,"Gerabari, Korha Block APMC",25.88777522610528,87.67269237398216
BI,Bihar,71,Kaithar,34,Katihar APMC,25.63597307653891,87.64132429815518
BI,Bihar,72,Khagaria,403,Khagaria APMC,25.564526958973335,86.76316637062162
BI,Bihar,72,Khagaria,3939,Mansi Mandi APMC,25.38547469336775,86.71553667332829
BI,Bihar,73,Kishanganj,1486,Bahadurganj APMC,26.27039878181866,87.70767033268842
BI,Bihar,73,Kishanganj,398,Kishanganj APMC,26.35134432673757,87.94827020627395
BI,Bihar,73,Kishanganj,1500,Thakurganj APMC,26.410963396216093,88.12337884857523
BI,Bihar,74,Luckeesarai,1490,Lakhisarai APMC,25.205846248489337,86.12427902937476
BI,Bihar,74,Luckeesarai,3940,Surjyagarha APMC,24.76856933655912,86.2321920377863
BI,Bihar,75,Madhepura,1605,Bihariganj APMC,25.69837513661926,86.95782430860842
BI,Bihar,75,Madhepura,3944,Murliganj APMC,25.935273327354643,86.84734407934786
BI,Bihar,75,Madhepura,1496,Singheswarsthan APMC,25.529599319934388,87.11204309405612
BI,Bihar,76,Madhubani,3945,Benipatti APMC,26.482218822483496,85.93892565179176
BI,Bihar,76,Madhubani,1498,Jahajharpur APMC,26.461077301846426,85.11857150677005
BI,Bihar,76,Madhubani,1497,Jainagar APMC,26.611079026199462,86.19553086337713
BI,Bihar,76,Madhubani,35,Madhubani APMC,26.39509309174908,86.25129123422803
BI,Bihar,77,Munghair,399,Munghair APMC,25.945805214793676,85.76808953220267
BI,Bihar,78,Muzaffarpur,3946,Bhagwanpur Mandi APMC,26.390476644531205,85.37819984653635
BI,Bihar,78,Muzaffarpur,36,Muzaffarpur APMC,26.071430853145717,85.50231821809327
BI,Bihar,79,Nalanda,390,Biharsharif APMC,25.185033335384443,85.52099015299079
BI,Bihar,79,Nalanda,3947,Harnaut APMC,25.33512840992693,85.62505783196515
BI,Bihar,80,Nawada,1096,Nawada APMC,24.76477286790635,85.53206809570642
BI,Bihar,80,Nawada,3948,Rajauli APMC,24.62090358939653,85.51192765284826
BI,Bihar,81,Patna,391,Bihta APMC,25.635107033492922,85.08584623035476
BI,Bihar,81,Patna,389,Danapur APMC,25.561595319434804,85.06021590214738
BI,Bihar,81,Patna,1477,Mokama APMC,25.475510953717393,85.90971949696991
BI,Bihar,81,Patna,37,Patna (Musallahpur) APMC,25.733579438474962,85.00821126172707
BI,Bihar,81,Patna,38,Patna City APMC,25.623590085796216,85.16985748192052
BI,Bihar,82,Purnea,3949,Bhawanipur APMC,25.478542586031413,87.21669843741338
BI,Bihar,82,Purnea,39,Gulabbagh APMC,26.560909722776042,86.43287596216454
BI,Bihar,82,Purnea,1485,Kaswa APMC,25.85480356952626,87.53918695479084
BI,Bihar,83,Rohtas,3952,Dehri APMC,24.636699752588715,83.9350610527897
BI,Bihar,83,Rohtas,3951,Kochas (Balthari) APMC,24.78385653749727,84.00627106500141
BI,Bihar,83,Rohtas,1481,Natwar APMC,25.18137653139375,84.17896574870116
BI,Bihar,83,Rohtas,776,Nokha APMC,25.036557487850928,84.0093641606931
BI,Bihar,83,Rohtas,41,Sasaram APMC,24.913352911991478,84.03667389225656
BI,Bihar,83,Rohtas,3950,Vikramganj APMC,25.290512092567354,84.31517042368026
BI,Bihar,84,Saharsa,400,Saharsa APMC,25.847876749865407,86.59701300936436
BI,Bihar,85,Samastipur,396,Saidpurhat APMC,25.85058039615687,85.93292824292044
BI,Bihar,85,Samastipur,395,Samastipur APMC,25.765565953020836,85.82732607624607
BI,Bihar,85,Samastipur,3953,Tajpur APMC,25.8365123305523,85.63948205464519
BI,Bihar,86,Saran,3954,Sonpur APMC,25.667940355369534,85.19321848841729
BI,Bihar,87,Sheikhpura,3955,Barbigha APMC,25.24728410354837,85.72477327748813
BI,Bihar,87,Sheikhpura,1492,Shekhpura APMC,25.09096405484553,85.85126148653602
BI,Bihar,88,Sheohar,3956,Sheohar APMC,26.57303154884404,85.42883750099796
BI,Bihar,89,Sitamarhi,397,Sitamarhi APMC,26.598957050980843,85.50827116126425
BI,Bihar,90,Siwan,3957,Maharjganj APMC,26.1854114251131,84.50578838077949
BI,Bihar,90,Siwan,42,Siwan APMC,26.153650429461656,84.35288415005269
BI,Bihar,91,Supaul,1488,Birpur APMC,26.543505132960746,87.03188586608584
BI,Bihar,91,Supaul,1495,Supaul APMC,26.20273726022579,86.85846759330668
BI,Bihar,91,Supaul,3958,Triveniganj APMC,26.205288377040766,86.93505618192422
BI,Bihar,92,Vaishali,401,Hajipur APMC,25.71744426632612,85.2020123640138
BI,Bihar,92,Vaishali,3960,"Jaitipir Mandi, Lalganj block APMC",25.68280901812649,85.3605474960244
BI,Bihar,92,Vaishali,3961,"Parsoniya Mandi, Mahua block APMC",25.799568023809936,85.42000182452304
BI,Bihar,93,West Chambaran,777,Bettiah APMC,26.761670584061942,84.4195670958197
BI,Bihar,93,West Chambaran,1483,Narkatiaganj APMC,27.129476287696047,84.40400378625506
BI,Bihar,93,West Chambaran,3959,Ramnagar APMC,27.296826964960154,84.25006630504367
CH,Chandigarh,94,Chandigarh,44,Chandigarh (F&V) APMC,30.468841734676918,76.63935936881552
CH,Chandigarh,94,Chandigarh,43,Chandigarh(Grain/Fruit) APMC,30.423403182525966,76.67959538401615
CG,Chattisgarh,95,Balod,407,Balod APMC,21.58270512696321,82.3379403872409
CG,Chattisgarh,95,Balod,3203,Dondi APMC,20.504784368938754,81.22545908374092
CG,Chattisgarh,95,Balod,3202,Dondilohara APMC,20.799168143842223,81.12445700617884
CG,Chattisgarh,95,Balod,3204,Gurur APMC,20.763865758655413,81.42803860736768
CG,Chattisgarh,96,Balodabazar,2371,Balodabazar APMC,21.664734578556807,82.15085902820547
CG,Chattisgarh,96,Balodabazar,404,Bhatapara APMC,21.468036780960954,82.1671068750872
CG,Chattisgarh,96,Balodabazar,2370,Bhatgaon APMC,21.85070707162624,81.95563227483855
CG,Chattisgarh,96,Balodabazar,2056,Kasdol APMC,21.50643021582354,82.13811065940489
CG,Chattisgarh,96,Balodabazar,3168,Palari APMC,21.769903972805736,81.99907818638214
CG,Chattisgarh,96,Balodabazar,3169,Pangaon APMC,21.80005238177439,81.99312111113521
CG,Chattisgarh,96,Balodabazar,3172,Sarsiwan APMC,22.061580288240066,82.26007813563612
CG,Chattisgarh,96,Balodabazar,3165,Simga APMC,21.496996793605238,82.12993903512131
CG,Chattisgarh,97,Balrampur,3241,Bariya APMC,23.172049757339593,83.23888390422687
CG,Chattisgarh,97,Balrampur,2391,Kusmee APMC,23.426909913628798,83.93818143011983
CG,Chattisgarh,97,Balrampur,3242,Rajpur APMC,23.399008578698552,83.27556736970362
CG,Chattisgarh,97,Balrampur,2387,Ramanujganj APMC,23.89829983870988,83.52852701009274
CG,Chattisgarh,98,Bastar,3250,Bastar APMC,19.25155657216749,81.18293588657527
CG,Chattisgarh,98,Bastar,3252,Devda APMC,20.040126671498726,80.63806895273466
CG,Chattisgarh,98,Bastar,417,Jagdalpur APMC,19.208708332227154,82.08745819527446
CG,Chattisgarh,98,Bastar,3247,Jaitgiri APMC,19.355223658528434,82.08258548146888
CG,Chattisgarh,98,Bastar,3251,Karpawand APMC,19.342805259453375,82.10678131323562
CG,Chattisgarh,98,Bastar,3246,Lohandiguda APMC,19.087419310599564,81.66946311833412
CG,Chattisgarh,98,Bastar,3248,Muli APMC,19.3713778436141,81.99911801274928
CG,Chattisgarh,98,Bastar,3249,Tokapal APMC,18.961368361305666,81.95129974162829
CG,Chattisgarh,99,Bemetara,2061,Bemetara APMC,21.685853096535453,81.42623890020856
CG,Chattisgarh,99,Bemetara,3466,Bemetara(Navagarh) APMC,21.936776452411856,81.67438244272897
CG,Chattisgarh,99,Bemetara,3465,Bemetara(Thankhamaria) APMC,21.850968020931518,81.36187133930832
CG,Chattisgarh,99,Bemetara,3207,Berla APMC,21.49647183949587,81.52165214767604
CG,Chattisgarh,99,Bemetara,3519,Dadhi APMC,21.96797480527003,81.45415403099844
CG,Chattisgarh,99,Bemetara,3206,Saja APMC,21.652925291971094,81.2317618838281
CG,Chattisgarh,99,Bemetara,3209,Sambalpur (Bemetra) APMC,21.935366028929703,81.73278498659936
CG,Chattisgarh,100,Bijapur,3273,Bharamgarh APMC,19.044265511189106,80.84602463772849
CG,Chattisgarh,100,Bijapur,2397,Bhopalpattnam APMC,18.983701833521156,80.48595220058631
CG,Chattisgarh,100,Bijapur,2396,Bijapur APMC,18.800304871360954,80.90862191882643
CG,Chattisgarh,101,Bilaspur,3216,Bartori APMC,21.9843331750926,82.25153078274307
CG,Chattisgarh,101,Bilaspur,3217,Beltara APMC,22.112255705203925,82.17555056252674
CG,Chattisgarh,101,Bilaspur,410,Bilaspur APMC,22.03061711830732,82.13956445041197
CG,Chattisgarh,101,Bilaspur,3215,Bilha APMC,22.178328394368002,82.10960558586326
CG,Chattisgarh,101,Bilaspur,2066,Jairamnagar APMC,22.00322067214911,82.35667790199648
CG,Chattisgarh,101,Bilaspur,2378,Kota APMC,22.397825888925187,82.01263712350257
CG,Chattisgarh,101,Bilaspur,2379,Pendraroad APMC,22.05965950253804,81.88445548367744
CG,Chattisgarh,101,Bilaspur,3222,Ratanpur APMC,22.30542966164159,82.15761719764099
CG,Chattisgarh,101,Bilaspur,3221,Sakri APMC,22.05667828103577,83.00966086040616
CG,Chattisgarh,101,Bilaspur,2064,Takhatpur APMC,22.106455865198775,82.01822566365263
CG,Chattisgarh,101,Bilaspur,3218,Tiphra APMC,22.05772813741424,82.10837056725616
CG,Chattisgarh,102,Dantewada,2395,Gidam APMC,18.977697933912467,81.50321338038196
CG,Chattisgarh,103,Dhamtari,3187,Aamdi APMC,20.67980167606902,81.2391338298499
CG,Chattisgarh,103,Dhamtari,3196,Belarbahara APMC,20.66130326040977,81.77129174300933
CG,Chattisgarh,103,Dhamtari,3195,Belargaon APMC,20.66327545368638,81.72472979503762
CG,Chattisgarh,103,Dhamtari,3192,Belora APMC,20.731341000868213,81.42420794728305
CG,Chattisgarh,103,Dhamtari,3189,Bhakhara APMC,20.836967409452026,81.56928096587016
CG,Chattisgarh,103,Dhamtari,3193,Bhendri APMC,20.70044452117583,81.77521549405284
CG,Chattisgarh,103,Dhamtari,3194,Boraee APMC,20.594547254002656,81.29973924370323
CG,Chattisgarh,103,Dhamtari,3188,Chhati APMC,20.692108460363205,81.54916605247527
CG,Chattisgarh,103,Dhamtari,175,Dhamtari APMC,20.783109647577007,81.46720532679123
CG,Chattisgarh,103,Dhamtari,3197,Gattasilli APMC,20.67909398649009,81.51400594327566
CG,Chattisgarh,103,Dhamtari,176,Kurud APMC,20.874513203187327,81.73281315913025
CG,Chattisgarh,103,Dhamtari,3190,Magarload APMC,20.691025372797977,81.80487107010565
CG,Chattisgarh,103,Dhamtari,2377,Nagari APMC,20.368500042422955,82.06218975248447
CG,Chattisgarh,103,Dhamtari,3198,Risgaon APMC,20.822155770578597,81.58183498587555
CG,Chattisgarh,103,Dhamtari,3191,Sirri APMC,20.985683681082982,81.65766270989808
CG,Chattisgarh,104,Durg,3201,Ahivara APMC,21.323528379029103,81.37007804947211
CG,Chattisgarh,104,Durg,3200,Dhamdha APMC,21.476338691545717,81.49179479860095
CG,Chattisgarh,104,Durg,406,Durg APMC,21.21092486082389,81.33302393241013
CG,Chattisgarh,104,Durg,3199,Patan APMC,21.05826723400983,81.43632897887214
CG,Chattisgarh,105,Gariyaband,3173,Chura APMC,20.867047963946252,82.20186221422928
CG,Chattisgarh,105,Gariyaband,3174,Devbhog APMC,19.927341108785726,82.55331102076133
CG,Chattisgarh,105,Gariyaband,2057,Gariyaband APMC,20.3911877506288,82.29693154151512
CG,Chattisgarh,105,Gariyaband,3170,Phingeshwer APMC,20.469897656905697,82.02395227395259
CG,Chattisgarh,105,Gariyaband,1097,Rajim APMC,20.971330658869487,81.92078240305769
CG,Chattisgarh,107,Janjgir,2067,Akaltara APMC,21.968734783924635,82.48688484218762
CG,Chattisgarh,107,Janjgir,2381,Amadula APMC,21.795968518606518,82.82247195905204
CG,Chattisgarh,107,Janjgir,3225,Baloda(Janjgir Campus) APMC,22.10178882996946,82.54032030256813
CG,Chattisgarh,107,Janjgir,3228,Baradwar APMC,22.066455465095554,82.76923581874304
CG,Chattisgarh,107,Janjgir,3231,Birra APMC,21.738132719005048,82.85774163700333
CG,Chattisgarh,107,Janjgir,2380,Champa APMC,21.946106930244976,82.54276996722298
CG,Chattisgarh,107,Janjgir,3227,Chandrapur APMC,21.994018549647837,82.72490928115494
CG,Chattisgarh,107,Janjgir,3229,Hasoad APMC,21.740950420060035,82.89280641307091
CG,Chattisgarh,107,Janjgir,2382,Jaijaipur APMC,21.772506329801367,82.82875321219213
CG,Chattisgarh,107,Janjgir,3230,Kotmi APMC,22.063724322592197,82.33040940826909
CG,Chattisgarh,107,Janjgir,412,Naila APMC,22.08239913996869,82.4708874207775
CG,Chattisgarh,107,Janjgir,3226,Rahod APMC,21.747028455081686,82.57025906648846
CG,Chattisgarh,107,Janjgir,181,Sapti APMC,21.912788511239942,82.90213224019374
CG,Chattisgarh,107,Janjgir,413,Shakti APMC,21.751320479538812,82.01105391380896
CG,Chattisgarh,107,Janjgir,3224,Shivrinarayanpur APMC,22.166937809161528,82.6226629547481
CG,Chattisgarh,108,Jashpur,2386,Bageecha APMC,22.972614322814845,83.63940012729466
CG,Chattisgarh,108,Jashpur,422,Jaspur APMC,22.744876000191603,83.96771602069103
CG,Chattisgarh,108,Jashpur,3238,Kotba APMC,22.372320556828484,83.9598151992476
CG,Chattisgarh,108,Jashpur,2385,Kunkuri APMC,22.77472852557192,83.87999986547113
CG,Chattisgarh,108,Jashpur,3240,Mahuyatoli APMC,23.067306781274247,84.12734142423572
CG,Chattisgarh,108,Jashpur,2384,Pathalgaon APMC,22.49286375347892,83.67198680774851
CG,Chattisgarh,109,Kabirdham,3468,Biranpur kalan (Sahaspur Lohra) APMC,22.151148201020224,81.35197123886164
CG,Chattisgarh,109,Kabirdham,409,Kawardha APMC,22.11614812001201,81.2530313194903
CG,Chattisgarh,109,Kabirdham,3214,Kunda APMC,22.159658321514307,81.42457108190379
CG,Chattisgarh,109,Kabirdham,2372,Pandariya APMC,22.231380976604566,81.44829129725818
CG,Chattisgarh,109,Kabirdham,3213,Pipriya APMC,21.952839144337556,81.26790387401711
CG,Chattisgarh,110,Kanker,3264,Amoda APMC,20.17134935388176,80.9829662945507
CG,Chattisgarh,110,Kanker,3263,Antagarh APMC,19.939223773914108,81.282379578512
CG,Chattisgarh,110,Kanker,3267,Bardewri APMC,20.286015527560554,81.3246193759389
CG,Chattisgarh,110,Kanker,3271,Bhanupratappur APMC,20.291544021908965,81.0995874678406
CG,Chattisgarh,110,Kanker,2073,Charama APMC,20.48452272666074,81.37183010837747
CG,Chattisgarh,110,Kanker,3266,Dudhawa APMC,20.331625979625723,81.70109642402745
CG,Chattisgarh,110,Kanker,419,Kanker APMC,20.133885206712364,80.97102553032897
CG,Chattisgarh,110,Kanker,3270,Korar APMC,20.361020950878398,81.24678486549482
CG,Chattisgarh,110,Kanker,3268,Lakhanpuri APMC,20.40205143698036,81.4722323992336
CG,Chattisgarh,110,Kanker,3269,Narharpur APMC,20.31153766750017,81.7024317297757
CG,Chattisgarh,110,Kanker,3792,Pakhanjur APMC,19.968530302028498,80.78963366407832
CG,Chattisgarh,110,Kanker,2394,Sambalpur APMC,20.028995928727802,81.02953980587557
CG,Chattisgarh,110,Kanker,3265,Sarona APMC,20.24125381293741,81.5838092531293
CG,Chattisgarh,112,Kondagaon,3255,Bededonger APMC,19.928199478408395,81.53394894074279
CG,Chattisgarh,112,Kondagaon,3258,Chhinari APMC,19.815466322412174,81.51264236408453
CG,Chattisgarh,112,Kondagaon,3260,Dhanora APMC,19.93165698083387,81.43680417431939
CG,Chattisgarh,112,Kondagaon,3262,Gamhari APMC,19.880256182278327,81.84285872233326
CG,Chattisgarh,112,Kondagaon,3257,Hirapur APMC,19.743156721545727,81.78930447236576
CG,Chattisgarh,112,Kondagaon,2071,Keshkal APMC,19.988349321359276,81.56336037858742
CG,Chattisgarh,112,Kondagaon,418,Kondagoan APMC,19.655625756716102,81.65313844850861
CG,Chattisgarh,112,Kondagaon,3256,Makdi APMC,19.619643652207248,81.91487520161165
CG,Chattisgarh,112,Kondagaon,3259,Mardapal APMC,19.362327677445816,81.48920395784828
CG,Chattisgarh,112,Kondagaon,3254,Pharasgaon APMC,19.881605885580303,81.68868585493279
CG,Chattisgarh,112,Kondagaon,3261,Vishrampur APMC,20.078875872784383,81.89880463566217
CG,Chattisgarh,113,Korba,2068,Katghora APMC,22.367393277475603,82.63796794764134
CG,Chattisgarh,113,Korba,3520,Kathghora(Kharmora) APMC,22.495521852867853,82.63714500009131
CG,Chattisgarh,114,Koria,2392,Baikunthpur APMC,23.282601055852282,82.49951352222439
CG,Chattisgarh,114,Koria,2393,Manendragarh APMC,23.356157615754118,82.43556940921161
CG,Chattisgarh,115,Mahasamund,2058,Bagbahra APMC,20.988705364005828,82.38325948027
CG,Chattisgarh,115,Mahasamund,3180,Baloda APMC,21.665728453706755,82.16164065502169
CG,Chattisgarh,115,Mahasamund,421,Basana APMC,21.299534606519067,82.90944704275958
CG,Chattisgarh,115,Mahasamund,3182,Bhavarpur APMC,21.310364346056826,82.8827596046338
CG,Chattisgarh,115,Mahasamund,3178,Bheemkhoj APMC,21.019193320340072,82.24793742677254
CG,Chattisgarh,115,Mahasamund,3176,Bhoring APMC,21.085825141231066,82.3965179233242
CG,Chattisgarh,115,Mahasamund,3185,Bhurkoni APMC,21.186155116510392,82.53355451300799
CG,Chattisgarh,115,Mahasamund,3175,Jhalap APMC,21.179101988883318,82.40109933694774
CG,Chattisgarh,115,Mahasamund,3179,Komakhan APMC,20.996363358196408,82.39491148912087
CG,Chattisgarh,115,Mahasamund,408,Mahasamund APMC,21.1360047356491,82.48049932386962
CG,Chattisgarh,115,Mahasamund,3186,Pirda APMC,21.421812307229295,82.76475146878514
CG,Chattisgarh,115,Mahasamund,2060,Pithoura APMC,21.111337971692837,82.58146612504983
CG,Chattisgarh,115,Mahasamund,3184,Sakra APMC,21.28829437512494,82.65250761818955
CG,Chattisgarh,115,Mahasamund,2059,Sarayapali APMC,21.243280827430876,83.1112182604903
CG,Chattisgarh,115,Mahasamund,3183,Sindhanpur APMC,21.458171955737214,82.372747632766
CG,Chattisgarh,115,Mahasamund,3177,Tendukona APMC,21.168024507357995,82.7098172828371
CG,Chattisgarh,115,Mahasamund,3181,Toshgaon APMC,21.108283683336214,82.50536031988338
CG,Chattisgarh,116,Mungeli,2065,Lormi APMC,22.32809882738544,81.72672081176313
CG,Chattisgarh,116,Mungeli,411,Munguli APMC,22.080898391085913,81.65633762794815
CG,Chattisgarh,116,Mungeli,3220,Pathriya APMC,22.00208839136403,81.90834587630111
CG,Chattisgarh,116,Mungeli,3219,Sargaon APMC,21.884257504976873,82.05887830900264
CG,Chattisgarh,117,Narayanpur,2072,Narayanpur APMC,19.556725263006605,81.19613170900075
CG,Chattisgarh,119,Raigarh,2383,Baramkela APMC,21.553834800809337,83.2058758721495
CG,Chattisgarh,119,Raigarh,3234,Chikhli APMC,22.009152758505497,83.24644052709712
CG,Chattisgarh,119,Raigarh,3239,Dharamjaygarh APMC,22.445943768863213,83.1977970894513
CG,Chattisgarh,119,Raigarh,2070,Gharghoda APMC,22.156265426527394,83.35138988427157
CG,Chattisgarh,119,Raigarh,3236,Kedar APMC,21.946927930719898,83.49457553984544
CG,Chattisgarh,119,Raigarh,415,Kharsiya APMC,22.012191414648125,83.12933343480803
CG,Chattisgarh,119,Raigarh,3233,Pusor APMC,21.76625911668135,83.38909213786438
CG,Chattisgarh,119,Raigarh,414,Raigarh APMC,21.877537014706093,83.36284447878444
CG,Chattisgarh,119,Raigarh,3237,Salihabhata APMC,22.07118868004058,83.36382465166876
CG,Chattisgarh,119,Raigarh,2069,Sarangarh APMC,21.700472757013074,83.16463276185233
CG,Chattisgarh,119,Raigarh,3235,Sariya APMC,21.66765075680812,83.3408852314195
CG,Chattisgarh,120,Raipur,2055,Abhanpur APMC,21.045537410188015,81.76989448291151
CG,Chattisgarh,120,Raipur,2004,Anand Nagar APMC,21.301981398179006,81.69521885391386
CG,Chattisgarh,120,Raipur,2054,Arang APMC,21.13258813771912,81.8278012933733
CG,Chattisgarh,120,Raipur,3167,Bhaisa APMC,21.414941169837537,81.99858001609074
CG,Chattisgarh,120,Raipur,3171,Kharora APMC,21.402957670997772,81.90799387217417
CG,Chattisgarh,120,Raipur,3166,Mandirhasoad APMC,21.539899115482072,81.57699611447389
CG,Chattisgarh,120,Raipur,3208,Navagaon APMC,21.23821301136814,81.76276405744349
CG,Chattisgarh,120,Raipur,183,Navapara APMC,20.239468606430425,81.7261489309979
CG,Chattisgarh,120,Raipur,405,Neora APMC,21.570949556025454,81.79064118723807
CG,Chattisgarh,120,Raipur,189,Raipur APMC,21.29741191749072,81.60002421776221
CG,Chattisgarh,120,Raipur,3163,Silyari APMC,21.477602292109562,81.6467020026939
CG,Chattisgarh,120,Raipur,3164,Tulsi APMC,21.4060541916943,81.57881565793693
CG,Chattisgarh,121,Rajnandgaon,3211,Ambagarh Chowki APMC,20.77006714894089,80.71640580318675
CG,Chattisgarh,121,Rajnandgaon,2062,Bandhabazar APMC,21.378748669772694,81.1456923572536
CG,Chattisgarh,121,Rajnandgaon,2374,Chhuria APMC,20.915602795067123,80.70782330917268
CG,Chattisgarh,121,Rajnandgaon,2375,Dongargaon APMC,21.21174078270545,80.70356176397283
CG,Chattisgarh,121,Rajnandgaon,2376,Dongargarh APMC,21.142265710129063,80.87992806025362
CG,Chattisgarh,121,Rajnandgaon,2373,Gandai APMC,21.631797326005593,81.03551193498812
CG,Chattisgarh,121,Rajnandgaon,2063,Kheragarh APMC,21.85935079368815,81.11080062506362
CG,Chattisgarh,121,Rajnandgaon,184,Rajnandgaon APMC,21.126613054421874,81.0133699057641
CG,Chattisgarh,122,Sukma,3272,Doranpal APMC,18.157742219797697,81.53173157326545
CG,Chattisgarh,122,Sukma,420,Konta APMC,18.182973505921677,81.22015529186672
CG,Chattisgarh,122,Sukma,3253,Kukanar APMC,18.423221414389793,81.37973800128191
CG,Chattisgarh,122,Sukma,3518,Sukma APMC,18.259459736006136,81.26322868241655
CG,Chattisgarh,123,Surajpur,2389,Pratappur APMC,23.595080407881984,83.05771657267942
CG,Chattisgarh,123,Surajpur,2390,Surajpur APMC,23.356873753471536,83.03213866724039
CG,Chattisgarh,124,Surguja,416,Ambikapur APMC,23.146611432368083,83.25801525004934
CG,Chattisgarh,124,Surguja,3244,Kakni APMC,23.365549899054404,83.465242016117
CG,Chattisgarh,124,Surguja,3243,Raghunathpur APMC,23.11054558971695,83.2933348332798
CG,Chattisgarh,124,Surguja,2388,Sitapur APMC,22.803090170208115,83.63790137229532
CG,Chattisgarh,124,Surguja,3245,Udaypur APMC,22.85927806001915,82.91332461105513
DN,Dadra and Nagar Haveli,125,Dadra & Nagar Haveli,49,Silvassa APMC,20.68976109445239,70.91134094934165
DD,Daman and Diu,127,Daman,45,Daman APMC,20.3812577684491,72.8072702345338
DD,Daman and Diu,127,Daman,46,Diu APMC,20.449673194321154,72.88832155203227
GO,Goa,129,North Goa,3126,"Horticulture Corp,Caranzalem, Panaji APMC",15.475036701656053,73.83506370001587
GO,Goa,129,North Goa,802,Mapusa APMC,15.59605084237924,73.78983079844797
GO,Goa,129,North Goa,3020,Pernem APMC,15.788044796940978,73.81236104483833
GO,Goa,129,North Goa,3125,"Ponda, Bagayatdar Bhawan APMC",15.628633952318957,74.14786703492943
GO,Goa,129,North Goa,1213,"Registrar Co Op,Panaji APMC",15.524708828864533,73.84526839201433
GO,Goa,129,North Goa,804,Sanquelim APMC,15.491176021739596,74.09521666198535
GO,Goa,129,North Goa,3019,Valpol APMC,15.581709675464468,74.07736213726068
GO,Goa,130,South Goa,806,Canacona APMC,15.13854956145631,74.10359215036051
GO,Goa,130,South Goa,805,Curchorem APMC,15.27886482688082,74.06760504656081
GO,Goa,130,South Goa,68,Margao APMC,15.400573022036461,74.02600841162496
GO,Goa,130,South Goa,803,Ponda APMC,15.321812642005417,73.99078191413078
GJ,Gujarat,131,Ahmedabad,66,Ahmedabad APMC,23.022984345340923,72.57397382554818
GJ,Gujarat,131,Ahmedabad,2543,Ahmedabad(Chimanbhai Patal Market Vasana) APMC,22.974555907106637,72.3440243558613
GJ,Gujarat,131,Ahmedabad,2541,"Ahmedabad(Fruit Market, Naroda) APMC",22.891762371413893,72.59193260970395
GJ,Gujarat,131,Ahmedabad,2764,Ahmedabad(Manekchowk) APMC,23.118379993277998,72.5455900099017
GJ,Gujarat,131,Ahmedabad,2542,Ahmedabad(Rajnagar sub yard) APMC,23.33415615761131,72.96096404326035
GJ,Gujarat,131,Ahmedabad,2275,Barvala APMC,22.983748113233936,72.50681088249193
GJ,Gujarat,131,Ahmedabad,1250,Bavla APMC,22.838014865841526,72.46893149655455
GJ,Gujarat,131,Ahmedabad,426,Dhandhuka APMC,22.315732468631584,71.9427851914189
GJ,Gujarat,131,Ahmedabad,2544,Dhandkuka(Dholera) APMC,22.343513421332073,72.21361009470415
GJ,Gujarat,131,Ahmedabad,1254,Dholka APMC,22.70708963124275,72.4493411105272
GJ,Gujarat,131,Ahmedabad,2765,Dholka(Koth) APMC,22.649391283084206,72.3352397060569
GJ,Gujarat,131,Ahmedabad,2592,Dholka(Market Yard Veg) APMC,23.00693516026127,72.49226299138371
GJ,Gujarat,131,Ahmedabad,2273,Mandal APMC,23.026566783969184,72.53242205295221
GJ,Gujarat,131,Ahmedabad,2276,Rampura APMC,23.305234022079347,72.16260764458681
GJ,Gujarat,131,Ahmedabad,2274,Ranpur APMC,23.462463382903618,72.2908280747667
GJ,Gujarat,131,Ahmedabad,425,Sanad APMC,23.059278792126996,72.40845499451157
GJ,Gujarat,131,Ahmedabad,427,Viramgam APMC,23.11809853243999,72.068163431874
GJ,Gujarat,132,Amreli,429,Amreli APMC,21.37895455022065,71.2058741613521
GJ,Gujarat,132,Amreli,1560,Babra APMC,21.90080867144699,71.28797338542532
GJ,Gujarat,132,Amreli,1624,Bagasara APMC,21.526230340305013,70.91233469670286
GJ,Gujarat,132,Amreli,1626,Damnagar APMC,21.730745581884918,71.50731775851739
GJ,Gujarat,132,Amreli,2295,Dhari APMC,21.25429470758202,71.07296700764924
GJ,Gujarat,132,Amreli,2634,Dhari(Chalala) APMC,21.394757770999856,71.14378063893987
GJ,Gujarat,132,Amreli,2296,Khambha APMC,21.189492504020063,71.20830384588207
GJ,Gujarat,132,Amreli,1099,Lathi APMC,21.724236257144295,71.42900844862191
GJ,Gujarat,132,Amreli,4769,Rajula (Dungar) APMC,21.02915514074438,71.56093740127412
GJ,Gujarat,132,Amreli,430,Rajula APMC,21.108369417343734,71.50126010916144
GJ,Gujarat,132,Amreli,1625,Savarkundla APMC,21.33072938198726,71.36113125974678
GJ,Gujarat,132,Amreli,2297,Timbi APMC,21.65353360243214,71.24317227210263
GJ,Gujarat,133,Anand,440,Anand APMC,22.574193979017476,73.01837754906201
GJ,Gujarat,133,Anand,2571,"Anand(Veg,Yard,Anand) APMC",22.99411715023643,72.46915926794858
GJ,Gujarat,133,Anand,2599,Anklav APMC,22.374233251241996,73.09444689805846
GJ,Gujarat,133,Anand,1264,Borsad APMC,22.38045297940261,72.94038102493379
GJ,Gujarat,133,Anand,2279,Borsad(Asodar) APMC,22.577921528736585,72.99068814548313
GJ,Gujarat,133,Anand,2598,Borsad(Veg Yard Barsad) APMC,22.597942467303557,73.0066679809023
GJ,Gujarat,133,Anand,67,Khambhat APMC,22.33423517028719,72.600404007896
GJ,Gujarat,133,Anand,2572,Khambhat(Grain Market) APMC,22.564055711782366,72.94366432584825
GJ,Gujarat,133,Anand,2573,Khambhat(Veg Yard Khambhat) APMC,22.19695886987842,72.49487936841703
GJ,Gujarat,133,Anand,1263,Petlad APMC,22.550628184405625,72.79973099592922
GJ,Gujarat,133,Anand,2597,"Petlad(Veg Yard, Petlad) APMC",22.67149159137615,72.68201401726108
GJ,Gujarat,133,Anand,2278,Sojitra APMC,22.574116388515733,72.75891933204684
GJ,Gujarat,133,Anand,2277,Tarapur APMC,22.535306508423158,72.51637930365541
GJ,Gujarat,133,Anand,1265,Umreth APMC,22.717656891886854,73.15109504949164
GJ,Gujarat,135,Banaskanth,2763,Ahmedabad(Flower Market Jamalpur) APMC,23.831290836219544,72.1796357607397
GJ,Gujarat,135,Banaskanth,2314,Amirgadh APMC,24.392503800243528,72.56571659163613
GJ,Gujarat,135,Banaskanth,431,Banaskantha APMC,24.303334365406705,72.18556239161707
GJ,Gujarat,135,Banaskanth,1554,Bhabhar APMC,24.08399959479638,71.60924043774558
GJ,Gujarat,135,Banaskanth,2313,Danta APMC,24.16582565631514,72.87884833422581
GJ,Gujarat,135,Banaskanth,50,Deesa APMC,24.23707125847919,72.13530798498482
GJ,Gujarat,135,Banaskanth,2561,Deesa(Bhildi) APMC,24.159871946388417,72.05536051318221
GJ,Gujarat,135,Banaskanth,2774,Deesa(Deesa Veg Yard) APMC,24.270570825407958,72.27706085910607
GJ,Gujarat,135,Banaskanth,51,Dhanera APMC,24.54339548734788,72.15397521493892
GJ,Gujarat,135,Banaskanth,2775,Dhanera(Samarwada) APMC,24.57383130719524,72.3783416321026
GJ,Gujarat,135,Banaskanth,2563,"Dhanera(Veg,Yard Dhanera) APMC",24.49947504704074,72.02278786338813
GJ,Gujarat,135,Banaskanth,2777,Diyodar APMC,24.140648781094207,71.74699003615655
GJ,Gujarat,135,Banaskanth,2562,Lakhani APMC,24.266349778998826,71.87691630570679
GJ,Gujarat,135,Banaskanth,1100,Palanpur APMC,24.149498387912484,72.42286300895695
GJ,Gujarat,135,Banaskanth,2560,"Palanpur(Veg,Yard Palanpur) APMC",24.344733545062184,71.94824163244039
GJ,Gujarat,135,Banaskanth,1556,Panthawada APMC,24.464571792224735,72.4019815357342
GJ,Gujarat,135,Banaskanth,1553,Thara APMC,24.392923765597605,71.76500084992945
GJ,Gujarat,135,Banaskanth,2776,Thara(Shihori) APMC,24.17856082889111,72.22300238176983
GJ,Gujarat,135,Banaskanth,1531,Tharad APMC,24.52159551013207,71.73748844681013
GJ,Gujarat,135,Banaskanth,2607,Tharad(Rah) APMC,24.606132939769335,71.77306071648823
GJ,Gujarat,135,Banaskanth,2316,Vadgam APMC,24.023500424168322,72.45478448152522
GJ,Gujarat,135,Banaskanth,2315,Vav APMC,24.339912933558672,71.4865807975351
GJ,Gujarat,136,Bharuch,1270,Amod APMC,21.95948620761532,72.89729695136002
GJ,Gujarat,136,Bharuch,434,Ankleshwar APMC,21.628439096457505,72.95386660582362
GJ,Gujarat,136,Bharuch,2579,Baruch Vagara APMC,21.6366273430264,72.68267091716768
GJ,Gujarat,136,Bharuch,54,Bharuch APMC,21.66323873547871,73.0410845447388
GJ,Gujarat,136,Bharuch,2282,Hasot APMC,21.644050589280678,72.7762088913519
GJ,Gujarat,136,Bharuch,2630,Hasot(Elav) APMC,21.87782579702233,73.26659366440889
GJ,Gujarat,136,Bharuch,1271,Jambusar APMC,22.06381985839013,72.72419944461072
GJ,Gujarat,136,Bharuch,2604,Jambusar(Kaavi) APMC,22.21153142607922,72.6714461844804
GJ,Gujarat,136,Bharuch,1557,Jhagadiya APMC,21.787300309171055,73.16628002473563
GJ,Gujarat,136,Bharuch,1544,Valia APMC,21.488250682619455,73.2049539510134
GJ,Gujarat,136,Bharuch,2620,Valia(Nethrang) APMC,21.56421600324093,72.56254821756848
GJ,Gujarat,137,Bhavnagar,433,Bhavnagar APMC,21.835387101172536,72.14517964494672
GJ,Gujarat,137,Bhavnagar,2305,Gariyadar APMC,21.531320078419075,71.6066767819888
GJ,Gujarat,137,Bhavnagar,55,Mahuva(Station Road) APMC,21.14054341234158,71.84510267476985
GJ,Gujarat,137,Bhavnagar,1598,Palitana APMC,21.555856122343712,71.83847704471083
GJ,Gujarat,137,Bhavnagar,2306,Taleja APMC,21.37375264542467,72.0656217159527
GJ,Gujarat,138,Botad,1102,Botad APMC,22.193132622338037,71.7010195644511
GJ,Gujarat,138,Botad,2568,Botad(Bhabarkot) APMC,22.310832020153978,71.44423065674323
GJ,Gujarat,138,Botad,2785,Botad(Haddad) APMC,21.683733230684528,71.72965926251693
GJ,Gujarat,138,Botad,2307,Gadada APMC,21.93132454590268,71.54208153761657
GJ,Gujarat,139,Chhota Udaipur,432,Bodeliu APMC,22.201373132481955,73.69376654542701
GJ,Gujarat,139,Chhota Udaipur,2790,Chachack  APMC,22.05522246928519,74.03938545775263
GJ,Gujarat,139,Chhota Udaipur,2578,Hadad     APMC,22.494680833483983,74.02946601930891
GJ,Gujarat,139,Chhota Udaipur,2639,Jetpur-Pavi APMC,22.361685043258884,73.81708533955086
GJ,Gujarat,139,Chhota Udaipur,2577,Kalediya APMC,22.12528572048464,73.6927549502453
GJ,Gujarat,139,Chhota Udaipur,2789,Modasar APMC,22.450422799184285,74.19186368194282
GJ,Gujarat,139,Chhota Udaipur,2792,Panvad APMC,22.470832894626923,73.92250536748683
GJ,Gujarat,139,Chhota Udaipur,2552,Tejgarh APMC,22.298492399158558,73.85715129401616
GJ,Gujarat,139,Chhota Udaipur,2791,Thalkala APMC,22.189870300416448,74.22375662984787
GJ,Gujarat,140,Dahod,56,Dahod APMC,22.88309709404262,74.30776496282036
GJ,Gujarat,140,Dahod,2548,Dahod(Garbada) APMC,22.81715661899287,74.30181408451065
GJ,Gujarat,140,Dahod,2550,Dahod(Himalaya) APMC,22.84006835655326,74.13485534884308
GJ,Gujarat,140,Dahod,2767,Dahod(Jesavada) APMC,22.65642360917044,74.15395478035468
GJ,Gujarat,140,Dahod,2549,Dahod(Veg. Market) APMC,22.929250221432113,72.48594554859451
GJ,Gujarat,140,Dahod,2769,Davgadbaria(Piplod) APMC,22.717395889331094,74.18038539119475
GJ,Gujarat,140,Dahod,1266,Devgadhbaria APMC,23.06915413295453,74.17817492699278
GJ,Gujarat,140,Dahod,1267,Jhalod APMC,23.02783309598345,74.14013730746855
GJ,Gujarat,140,Dahod,1205,Limkheda APMC,22.792756652348398,74.00969551479025
GJ,Gujarat,140,Dahod,2600,Zalod(Sanjeli) APMC,22.926942567652972,74.25818242898873
GJ,Gujarat,140,Dahod,2768,Zalod(Zalod) APMC,22.690858621551126,74.52256879022183
GJ,Gujarat,141,Dang,3854,Vaghai APMC,20.8528994816623,73.56079691721706
GJ,Gujarat,142,Devbhumi Dwarka,2602,Bhanvad APMC,21.937415405458623,69.74054590291166
GJ,Gujarat,142,Devbhumi Dwarka,1622,Jam Khambalia APMC,22.158559959811424,69.68597755001781
GJ,Gujarat,143,Gandhinagar,1098,Dehgam APMC,23.117625831407352,72.85290055398168
GJ,Gujarat,143,Gandhinagar,2632,Dehgam(Rekhiyal) APMC,23.392649618802306,72.48512022310692
GJ,Gujarat,143,Gandhinagar,443,Kalol APMC,23.171272486125982,72.45777655141244
GJ,Gujarat,143,Gandhinagar,2556,"Kalol(Veg,Market,Kalol) APMC",22.646350574137085,73.45190091751365
GJ,Gujarat,143,Gandhinagar,1249,Mansa APMC,23.390996959108953,72.570505498351
GJ,Gujarat,143,Gandhinagar,2584,Mansa(Manas Veg Yard) APMC,22.92720616196412,72.48661845229704
GJ,Gujarat,143,Gandhinagar,428,Radheja APMC,23.224465578637716,72.65159354587769
GJ,Gujarat,143,Gandhinagar,2555,Randheja(Chiloda) APMC,23.048749148752393,72.49146203626847
GJ,Gujarat,143,Gandhinagar,2554,Randheja(Veg.Market Gandhinagar) APMC,23.2270310700184,72.55625551372475
GJ,Gujarat,144,Gir Somnath,1618,Kodinar APMC,20.80520589140414,70.70901560114744
GJ,Gujarat,144,Gir Somnath,787,Talalagir APMC,21.221286415102835,70.4848613134125
GJ,Gujarat,144,Gir Somnath,439,Una APMC,20.776582036493615,71.04249246815822
GJ,Gujarat,144,Gir Somnath,2301,Veraval APMC,20.83081850564065,70.29074477861077
GJ,Gujarat,145,Jamnagar,2309,Bhatiya APMC,22.02473433860803,69.29198726610485
GJ,Gujarat,145,Jamnagar,2308,Dhrol APMC,22.527742019606283,70.42392531108732
GJ,Gujarat,145,Jamnagar,1623,Jam Jodhpur APMC,21.900372312576195,70.0957736753261
GJ,Gujarat,145,Jamnagar,437,Jamnagar APMC,22.468036735801096,70.02542637875005
GJ,Gujarat,145,Jamnagar,2586,Jodiya APMC,22.6870986151429,70.21218930756662
GJ,Gujarat,145,Jamnagar,1103,Kalawad APMC,22.137486799886954,70.35531714812878
GJ,Gujarat,145,Jamnagar,2585,Lalpur APMC,22.175363922248476,69.86173391965728
GJ,Gujarat,146,Junagarh,2298,Bhesan APMC,21.625445154345144,70.74953466751518
GJ,Gujarat,146,Junagarh,438,Junagadh APMC,21.53619548185095,70.4464505759889
GJ,Gujarat,146,Junagarh,2567,"Junagadh(Veg,Yard, Junagadh) APMC",20.959946907191217,70.35082742055512
GJ,Gujarat,146,Junagarh,2299,Keshod APMC,21.319272842529134,70.32334895584843
GJ,Gujarat,146,Junagarh,2594,Kodinar(Dollasa) APMC,21.735366743949502,70.35057499934886
GJ,Gujarat,146,Junagarh,1536,Malia Hatina APMC,21.17352775764042,70.23286297114495
GJ,Gujarat,146,Junagarh,1619,Manavdar APMC,21.448003708710985,70.11793118317159
GJ,Gujarat,146,Junagarh,1620,Mangrol APMC,21.251030978633274,70.00330673166683
GJ,Gujarat,146,Junagarh,1621,Talala APMC,21.64087218363476,70.20887258541433
GJ,Gujarat,146,Junagarh,2300,Vanthli APMC,21.429805701410892,70.37527816618584
GJ,Gujarat,146,Junagarh,1535,Visavadar APMC,21.366136642735093,70.6973224337029
GJ,Gujarat,147,Kachchh,2284,Abadasa APMC,23.313554233052464,68.93916775990134
GJ,Gujarat,147,Kachchh,1256,Anjar APMC,23.071550557715995,70.08037555210639
GJ,Gujarat,147,Kachchh,2595,"Anjar(Veg,Sub Yard) APMC",23.602869254176355,69.94387928184862
GJ,Gujarat,147,Kachchh,1257,Bachau APMC,23.27708779037276,70.23842730590887
GJ,Gujarat,147,Kachchh,441,Bhuj APMC,23.27432771688489,69.59723638173138
GJ,Gujarat,147,Kachchh,1104,K.Mandvi APMC,22.870584642914533,69.3981846157751
GJ,Gujarat,147,Kachchh,1259,Mundra APMC,22.85642274607058,69.78750180708467
GJ,Gujarat,147,Kachchh,2283,Nakhatrana APMC,23.322347931315136,69.30472322889096
GJ,Gujarat,147,Kachchh,1258,Rapar APMC,23.62944887532256,70.6308904534817
GJ,Gujarat,148,Kheda,1540,Balasinor APMC,22.934389283787915,73.2840621794705
GJ,Gujarat,148,Kheda,2605,Kapadanj(Moti Jaher) APMC,22.942937547601478,73.01558721505259
GJ,Gujarat,148,Kheda,1275,Kapadvanj APMC,23.091472990344347,73.04498105313712
GJ,Gujarat,148,Kheda,1144,Kathlal APMC,22.89147007612123,72.89318785301163
GJ,Gujarat,148,Kheda,2311,Kheda APMC,22.843169672264043,72.63010870420551
GJ,Gujarat,148,Kheda,2615,Kheda(Nayaka) APMC,22.646147056100546,72.59865415052012
GJ,Gujarat,148,Kheda,1538,Matar APMC,22.665665443530646,72.6431876879436
GJ,Gujarat,148,Kheda,2613,Matar(Limbasi) APMC,22.503760518508685,72.64954806570157
GJ,Gujarat,148,Kheda,1260,Mehmadabad APMC,22.804728438431617,72.83007203939664
GJ,Gujarat,148,Kheda,2596,"Mehmadabad(Veg ,market) APMC",22.702423503560563,72.89814530141443
GJ,Gujarat,148,Kheda,57,Nadiad APMC,22.698244512311472,72.85865854167463
GJ,Gujarat,148,Kheda,2569,Nadiyad(Chaklasi) APMC,22.65930818780817,72.97076652032317
GJ,Gujarat,148,Kheda,2570,Nadiyad(Piplag) APMC,22.689364951875064,72.83291913717997
GJ,Gujarat,148,Kheda,1539,Thasara APMC,22.82920744181504,73.0970318843521
GJ,Gujarat,148,Kheda,2614,Thasara(Dokar) APMC,22.414718402978416,72.75138075702945
GJ,Gujarat,148,Kheda,2312,Virpur APMC,22.751390068306414,72.74745221319442
GJ,Gujarat,150,Mehsana,1530,Becharaji APMC,23.588268729562973,72.38866337973134
GJ,Gujarat,150,Mehsana,1255,Kadi APMC,23.56351211360643,72.34965659544379
GJ,Gujarat,150,Mehsana,2593,Kadi(Kadi cotton Yard) APMC,23.51193805624301,72.40791498469395
GJ,Gujarat,150,Mehsana,442,Mehsana APMC,23.605276199717345,72.43731952946774
GJ,Gujarat,150,Mehsana,2772,Mehsana(Jornang) APMC,23.567382888417843,72.44395232744121
GJ,Gujarat,150,Mehsana,2773,Mehsana(Mehsana Veg) APMC,23.631762295500607,72.3725588921502
GJ,Gujarat,150,Mehsana,1261,Unava APMC,23.62858157379393,72.48669497729705
GJ,Gujarat,150,Mehsana,58,Unjha APMC,23.54663400130651,72.39976987813765
GJ,Gujarat,150,Mehsana,1529,Vadnagar APMC,23.573315110284646,72.32733648373214
GJ,Gujarat,150,Mehsana,2606,Vadnagar(Kheralu) APMC,23.75261958550611,72.46521699791255
GJ,Gujarat,150,Mehsana,1106,Vijapur APMC,23.501563664057432,72.67827188750358
GJ,Gujarat,150,Mehsana,2558,Vijapur(Gojjariya) APMC,23.901645724292422,72.30908066006276
GJ,Gujarat,150,Mehsana,2557,Vijapur(Kukarvada) APMC,23.678395239895128,72.4895392780542
GJ,Gujarat,150,Mehsana,2770,Vijapur(Ladol) APMC,23.582321323359462,72.41875768762407
GJ,Gujarat,150,Mehsana,2771,Vijapur(veg) APMC,23.570803157566136,72.1231631554244
GJ,Gujarat,150,Mehsana,59,Visnagar APMC,23.684210338212203,72.46112374277632
GJ,Gujarat,151,Morbi,2638,APMC HALVAD,23.09056029681849,71.12093536847323
GJ,Gujarat,151,Morbi,62,Morbi APMC,22.884379715029077,70.77318551124308
GJ,Gujarat,151,Morbi,1616,Vankaner APMC,22.532378890034025,70.72618827860383
GJ,Gujarat,151,Morbi,3374,Vankaner(Sub yard) APMC,22.670538137927796,70.64565352093257
GJ,Gujarat,152,Narmada,1269,Dediyapada APMC,21.63427660318976,73.69494039738989
GJ,Gujarat,152,Narmada,2601,Garudeshwal APMC,21.756713762660027,73.81403137849287
GJ,Gujarat,152,Narmada,1268,Rajpipla APMC,21.822845714878124,73.52508675108331
GJ,Gujarat,152,Narmada,1545,Selemba APMC,21.55827717017797,73.95304721235067
GJ,Gujarat,152,Narmada,2621,Selemba(Navgam Javli) APMC,21.949551635062466,73.60068949558773
GJ,Gujarat,152,Narmada,2304,Tilakwada APMC,21.981950916915114,73.66728106042676
GJ,Gujarat,153,Navsari,1146,Bilimora APMC,20.818529442143713,72.8990757507512
GJ,Gujarat,153,Navsari,2633,Bilimora(Gandevi) APMC,20.760570208456933,72.96423841274084
GJ,Gujarat,153,Navsari,436,Chikhali APMC,20.71387449164385,73.05459153244816
GJ,Gujarat,153,Navsari,1273,Navsari APMC,20.960935107680264,72.91993622416653
GJ,Gujarat,153,Navsari,1558,Vansda APMC,20.810935845981202,73.5510704413351
GJ,Gujarat,153,Navsari,2628,Vansda(Limzar) APMC,20.81397511846044,73.28133565001347
GJ,Gujarat,154,Panchmahals,1107,Derol APMC,22.672524041509398,73.55500309676334
GJ,Gujarat,154,Panchmahals,2575,Derol(Adadara) APMC,22.70273733349058,73.47792750253953
GJ,Gujarat,154,Panchmahals,2779,Derol(Vejalpur) APMC,23.0393743371473,73.67083509313038
GJ,Gujarat,154,Panchmahals,445,Godhra APMC,22.72502406459801,73.64563300377739
GJ,Gujarat,154,Panchmahals,2778,Godhra Kakanpur APMC,22.584695525373593,73.51431899031638
GJ,Gujarat,154,Panchmahals,2574,Godhra(Timbaroad) APMC,22.485930051489397,73.81067562945536
GJ,Gujarat,154,Panchmahals,1541,Gogamba APMC,22.7484066561793,73.60446822882436
GJ,Gujarat,154,Panchmahals,2617,Gogamba(Similiya) APMC,23.05166432138412,73.56631241405444
GJ,Gujarat,154,Panchmahals,2290,Halol APMC,22.41816185863926,73.60513436382232
GJ,Gujarat,154,Panchmahals,2292,Khanpur APMC,22.77500712516297,73.60098090035873
GJ,Gujarat,154,Panchmahals,779,Lunavada APMC,23.11059622609792,73.57341215189103
GJ,Gujarat,154,Panchmahals,2616,Lunavada(Kobamba) APMC,22.813432123978725,73.56640941164694
GJ,Gujarat,154,Panchmahals,2289,Morva Hafad APMC,22.311595395910654,73.771456989073
GJ,Gujarat,154,Panchmahals,446,Santrampur APMC,23.109171666941563,73.86468485901788
GJ,Gujarat,154,Panchmahals,2576,Santrampur(Fathaepura) APMC,22.657163575673,73.71827671489233
GJ,Gujarat,154,Panchmahals,2291,Shehra APMC,23.040299055609502,73.61480610569903
GJ,Gujarat,155,Patan,1251,Chansama APMC,23.654325836612596,72.05164371199467
GJ,Gujarat,155,Patan,1105,Harij APMC,23.643229924851205,71.85886073355007
GJ,Gujarat,155,Patan,444,Patan APMC,23.84386281048815,71.59414620229221
GJ,Gujarat,155,Patan,2559,"Patan(Veg,Yard Patan) APMC",20.899794009022372,70.41821548606025
GJ,Gujarat,155,Patan,1101,Radhanpur APMC,23.869319558217907,71.63786870081492
GJ,Gujarat,155,Patan,2293,Sami APMC,23.67209394019977,71.69281829576438
GJ,Gujarat,155,Patan,1262,Siddhpur APMC,23.86826030034439,72.38747125416043
GJ,Gujarat,155,Patan,2637,Varahi APMC,23.836190521924735,71.51652767053983
GJ,Gujarat,156,Porbandar,2310,Kutiyana APMC,21.63746211572697,69.93158838553938
GJ,Gujarat,156,Porbandar,1537,Porbandar APMC,21.59106746233806,69.57730700084389
GJ,Gujarat,157,Rajkot,1253,Dhoraji APMC,21.750968649176986,70.4295836458544
GJ,Gujarat,157,Rajkot,61,Gondal APMC,22.023508198646397,70.72724856986389
GJ,Gujarat,157,Rajkot,2546,Gondal(Veg.market Gondal) APMC,22.263625931773383,70.42733119036654
GJ,Gujarat,157,Rajkot,1617,Jamkandorna APMC,22.346229261484872,70.92556973860954
GJ,Gujarat,157,Rajkot,780,Jasdan APMC,22.074411548358405,71.13947555081181
GJ,Gujarat,157,Rajkot,2591,Jasdan(Vichhiya) APMC,22.12470311129064,71.21284036799726
GJ,Gujarat,157,Rajkot,1615,Jetpur(Dist.Rajkot) APMC,21.7182859022379,70.67097845408428
GJ,Gujarat,157,Rajkot,60,Rajkot APMC,22.3086159652169,70.87085624084851
GJ,Gujarat,157,Rajkot,2545,Rajkot(Veg.Sub Yard) APMC,22.306258418863006,70.86136896919902
GJ,Gujarat,157,Rajkot,781,Upleta APMC,21.710507887866683,70.23501933029358
GJ,Gujarat,158,Sabarkantha,1252,APMCKHEDBRAHMA,23.84484349423726,72.99377783286178
GJ,Gujarat,158,Sabarkantha,783,Bayad APMC,23.94310912399631,73.22440872465697
GJ,Gujarat,158,Sabarkantha,2609,Bayad(Demai) APMC,24.02923233147711,72.71889926448908
GJ,Gujarat,158,Sabarkantha,2610,Bayad(Sadamba) APMC,23.918966184754428,73.00836265937208
GJ,Gujarat,158,Sabarkantha,1534,Bhiloda APMC,23.80181345947116,73.16457244566335
GJ,Gujarat,158,Sabarkantha,1533,Dhansura APMC,24.021594930419898,72.99013324328888
GJ,Gujarat,158,Sabarkantha,447,Himatnagar APMC,23.570197791312122,72.94310885418346
GJ,Gujarat,158,Sabarkantha,2564,Himatnagar(Gambhoi) APMC,23.704113565003453,73.07290005346599
GJ,Gujarat,158,Sabarkantha,2565,Himatnagar(Veg.Market Himatnagar) APMC,23.528698185700613,73.01800387917666
GJ,Gujarat,158,Sabarkantha,782,Idar APMC,23.828997800266013,73.04395095154028
GJ,Gujarat,158,Sabarkantha,2589,Idar(Jadar) APMC,23.61896631997137,73.03495889035386
GJ,Gujarat,158,Sabarkantha,2587,Khedbrahma(Lambadia) APMC,23.72215968853231,72.95240025200923
GJ,Gujarat,158,Sabarkantha,2588,Khedbrahma(Posina) APMC,24.23010976821436,72.71331391569214
GJ,Gujarat,158,Sabarkantha,2280,Malpur APMC,23.79859602921162,73.01768665799833
GJ,Gujarat,158,Sabarkantha,1532,Meghraj APMC,23.7985445389483,72.90425855971966
GJ,Gujarat,158,Sabarkantha,2608,Meghraj(Radlavada) APMC,23.7930479716277,73.0677840307605
GJ,Gujarat,158,Sabarkantha,784,Modasa APMC,23.501169646496752,73.32839578939155
GJ,Gujarat,158,Sabarkantha,2611,Modasa(Tintoi) APMC,24.060301228949157,72.94678211810997
GJ,Gujarat,158,Sabarkantha,1272,Prantij APMC,23.423873716570338,72.84629025188933
GJ,Gujarat,158,Sabarkantha,2635,Prantij(Salala) APMC,24.044854589271974,73.02897063841634
GJ,Gujarat,158,Sabarkantha,63,Talod APMC,23.351172057943558,72.96088743779234
GJ,Gujarat,158,Sabarkantha,2566,Talod(Harsol) APMC,23.38810076205973,73.09891113639654
GJ,Gujarat,158,Sabarkantha,2281,Vadali APMC,23.89438975861065,72.98144215508286
GJ,Gujarat,158,Sabarkantha,2612,Vijaynagar(Kundlakap) APMC,24.1301353870788,72.79644335088248
GJ,Gujarat,159,Surat,785,Bardoli APMC,21.091957667734484,73.08371427218982
GJ,Gujarat,159,Surat,2623,Bardoli(Kadod) APMC,21.322401853387642,73.16680792459103
GJ,Gujarat,159,Surat,2816,Bardoli(Madhi) APMC,21.127856629616172,73.2473134789565
GJ,Gujarat,159,Surat,1547,Kosamba APMC,21.524586244079593,72.96272538231379
GJ,Gujarat,159,Surat,2793,Kosamba(Vankal) APMC,20.99114672946551,72.76906896710568
GJ,Gujarat,159,Surat,2794,Kosamba(Zangvav) APMC,21.31813037521725,72.62793644916466
GJ,Gujarat,159,Surat,1546,Mahuva APMC,20.931228259313063,73.1336346610964
GJ,Gujarat,159,Surat,2622,Mahuva(Anaval) APMC,20.792793139532268,73.26086996933255
GJ,Gujarat,159,Surat,1686,Mandvi APMC,21.479427597258457,73.27074780239177
GJ,Gujarat,159,Surat,2580,Mandvi(Amba Paradi) APMC,21.180530115675683,72.75061238801563
GJ,Gujarat,159,Surat,1550,Nizar APMC,21.23259515444467,72.7850915718661
GJ,Gujarat,159,Surat,2626,Nizar(Kukarmuda) APMC,21.149684675035562,72.86108663963999
GJ,Gujarat,159,Surat,2796,Nizar(Pumkitalov) APMC,21.342259037159018,72.72911938909613
GJ,Gujarat,159,Surat,448,S.Mandvi APMC,21.243655827220035,73.1930926562149
GJ,Gujarat,159,Surat,1559,Songadh APMC,21.262530838353538,73.5352900180423
GJ,Gujarat,159,Surat,2629,Songadh(Badarpada) APMC,20.98546796491665,72.86524784702887
GJ,Gujarat,159,Surat,2795,Songadh(Umrada) APMC,21.050318111698644,72.70007222300691
GJ,Gujarat,159,Surat,64,Surat APMC,21.212137905163758,72.83673664589676
GJ,Gujarat,159,Surat,1548,Uchhal APMC,21.16118086286586,72.5734950488635
GJ,Gujarat,159,Surat,2624,Uchhal(Karod) APMC,21.363656450561173,73.04456370515163
GJ,Gujarat,159,Surat,1549,Valod APMC,21.033111442693507,73.27403761552338
GJ,Gujarat,159,Surat,2625,Valod(Buhari) APMC,21.389070948843052,72.76472624559396
GJ,Gujarat,159,Surat,2581,Vyara(Paati) APMC,21.23931665858254,72.7413368003296
GJ,Gujarat,159,Surat,449,Vyra APMC,21.15267013580554,73.19398919386562
GJ,Gujarat,160,Surendranagar,2627,"Chotial(Veg,Yard) APMC",22.809047672384413,71.3365897367708
GJ,Gujarat,160,Surendranagar,1551,Chotila APMC,22.401020463833493,71.18153569319
GJ,Gujarat,160,Surendranagar,2590,"Chotila(Veg,Yard Chotila) APMC",22.726328418033788,71.33941380083368
GJ,Gujarat,160,Surendranagar,1555,Dasada Patadi APMC,23.169890151032202,71.84992929799672
GJ,Gujarat,160,Surendranagar,2302,Dhragradhra APMC,22.961115589218075,71.43452274221255
GJ,Gujarat,160,Surendranagar,1552,Lakhtar APMC,22.864630735304235,71.83477031130744
GJ,Gujarat,160,Surendranagar,786,Limdi APMC,22.718807035727732,71.91103177099362
GJ,Gujarat,160,Surendranagar,2303,Muli APMC,22.715846295311614,71.53965726076453
GJ,Gujarat,160,Surendranagar,65,Sayala APMC,22.483860358858443,71.54884557468323
GJ,Gujarat,160,Surendranagar,450,Vadhvan APMC,22.627505866221888,71.66102435128295
GJ,Gujarat,162,The Dangs,2640,Ahwa-Dang APMC,20.735598528127795,73.81702324529374
GJ,Gujarat,163,Vadodara(Baroda),53,Chhota Udaipur APMC,21.31927488027279,73.31749314340206
GJ,Gujarat,163,Vadodara(Baroda),2619,Dabhoi(Kayavarohan) APMC,22.143319609223475,73.19663384727674
GJ,Gujarat,163,Vadodara(Baroda),1543,Daboi APMC,21.035681683356454,73.02474100508276
GJ,Gujarat,163,Vadodara(Baroda),1145,Karjan APMC,21.2471088811944,73.06705899884604
GJ,Gujarat,163,Vadodara(Baroda),2285,Kawant APMC,21.483219200377462,72.6781754330645
GJ,Gujarat,163,Vadodara(Baroda),2288,Nasvadi APMC,21.184064625266707,72.78317008588688
GJ,Gujarat,163,Vadodara(Baroda),1147,Padra APMC,22.168144320300044,72.93609880643488
GJ,Gujarat,163,Vadodara(Baroda),1542,Savli APMC,22.466751892090535,73.28468363741196
GJ,Gujarat,163,Vadodara(Baroda),2788,Savli(Desar) APMC,22.6413428357169,73.34768687378369
GJ,Gujarat,163,Vadodara(Baroda),2618,Savli(Samlaya) APMC,22.509548426270687,73.21555242474386
GJ,Gujarat,163,Vadodara(Baroda),2286,Shinor APMC,21.038547643082687,73.17940112736308
GJ,Gujarat,163,Vadodara(Baroda),52,Vadodara APMC,22.309917138720106,73.13274262430755
GJ,Gujarat,163,Vadodara(Baroda),2786,Vadodara(Navapura) APMC,22.429075272344832,73.18867947963878
GJ,Gujarat,163,Vadodara(Baroda),2551,Vadodara(Sayajipura) APMC,22.288257814397163,73.20380408875316
GJ,Gujarat,163,Vadodara(Baroda),2287,Vagodiya APMC,22.322925011849428,73.27377047952618
GJ,Gujarat,164,Valsad,2582,Chikli(Khorgam) APMC,20.523493175353153,72.8038774263293
GJ,Gujarat,164,Valsad,1274,Dharampur(veg) APMC,20.58049253084903,72.98320966849144
GJ,Gujarat,164,Valsad,2294,Pardi APMC,20.50277297969742,72.90419001635499
GJ,Gujarat,164,Valsad,2782,Pardi(Motavagachiya) APMC,20.13293283544034,72.97344068964988
GJ,Gujarat,164,Valsad,2783,Pardi(Rohinee) APMC,20.547514257304144,72.93161592733887
GJ,Gujarat,164,Valsad,2780,Pardi(Ugvada) APMC,20.497149753140025,72.6525704354267
GJ,Gujarat,164,Valsad,2781,Pardi(Vapi) APMC,20.36663306845487,72.88357345901348
GJ,Gujarat,164,Valsad,435,Valsad APMC,20.566287329523487,72.97822595273595
GJ,Gujarat,164,Valsad,2583,Valsad(Dungari) APMC,20.605736058058838,72.84482905921024
HR,Haryana,165,Ambala,1108,Ambala Cantt. APMC,30.387592388970244,76.79639219764194
HR,Haryana,165,Ambala,73,Ambala City APMC,30.328939089582697,76.77214704419423
HR,Haryana,165,Ambala,2441,Ambala City(Subji Mandi) APMC,30.03319699489682,76.53477793263775
HR,Haryana,165,Ambala,1805,Barara APMC,30.259205892647646,77.10310922231253
HR,Haryana,165,Ambala,1806,Mullana APMC,30.319642499652844,77.01501532420814
HR,Haryana,165,Ambala,2442,Mullana(saha) APMC,30.280219658555605,76.58020220172384
HR,Haryana,165,Ambala,1807,Naneola APMC,30.251361775388936,76.58584439540432
HR,Haryana,165,Ambala,1808,Naraingarh APMC,30.447428206341907,77.11571224441917
HR,Haryana,165,Ambala,1809,Shahzadpur APMC,30.445173751438958,76.99778004585336
HR,Haryana,166,Bhiwani,1816,Behal APMC,28.360952595345314,76.02427835342657
HR,Haryana,166,Bhiwani,453,Bhiwani APMC,28.825047544092733,76.12378878007846
HR,Haryana,166,Bhiwani,1109,Ch. Dadri APMC,28.549545471389273,76.22569223350993
HR,Haryana,166,Bhiwani,1817,Jui APMC,28.778245826430396,76.1141378118102
HR,Haryana,166,Bhiwani,1818,Loharu APMC,28.432131695533226,75.84852840206406
HR,Haryana,166,Bhiwani,1820,Siwani APMC,28.827640607204383,75.6368153248278
HR,Haryana,166,Bhiwani,1819,Tosham APMC,28.78798003418436,75.84064411080276
HR,Haryana,167,Faridabad,1110,Ballabhgarh APMC,28.27913989959178,77.40280410298305
HR,Haryana,167,Faridabad,4664,Faridabad APMC,28.412285716547228,77.24304561945785
HR,Haryana,167,Faridabad,2910,"New Grain Market , Faridabad APMC",28.37828010368329,77.23927006095002
HR,Haryana,168,Fatehabad,1831,Bhattu Kalan APMC,29.452262178580558,75.3066255897874
HR,Haryana,168,Fatehabad,1832,Bhuna APMC,29.572745139173108,75.72569965211233
HR,Haryana,168,Fatehabad,1835,Dharsul APMC,29.737446529452903,76.04307843185774
HR,Haryana,168,Fatehabad,75,Fatehabad APMC,29.60374736057436,75.57390981653066
HR,Haryana,168,Fatehabad,1833,Jakhal APMC,29.760582265261768,75.68873440332474
HR,Haryana,168,Fatehabad,1834,Ratia APMC,29.820389819471647,75.52769060567317
HR,Haryana,168,Fatehabad,807,Tohana APMC,29.62153998770494,75.76465126645819
HR,Haryana,168,Fatehabad,2443,Tohana(New Veg Market) APMC,29.35435383940901,75.30743429600663
HR,Haryana,169,Gurgaon,1823,Farukh Nagar APMC,28.48703598437601,76.84176266963009
HR,Haryana,169,Gurgaon,459,Gurgaon APMC,28.380167379498843,76.98332566009374
HR,Haryana,169,Gurgaon,1825,Pataudi APMC,28.28414846990938,76.81308783509584
HR,Haryana,169,Gurgaon,1111,Sohna APMC,28.299634844918227,77.09817037510814
HR,Haryana,170,Hissar,77,Adampur APMC,29.280075984083247,75.46271346332203
HR,Haryana,170,Hissar,2447,Adampur(Agroha) APMC,30.185384188977235,76.79595060144321
HR,Haryana,170,Hissar,1828,Barwala(Hisar) APMC,29.347308216608706,75.87173320348246
HR,Haryana,170,Hissar,2446,Bass APMC,29.165017910920078,76.11002644383366
HR,Haryana,170,Hissar,1112,Hansi APMC,29.19180068897065,75.97464642178167
HR,Haryana,170,Hissar,2445,Hansi(Sisai) APMC,29.158562222420162,76.00244722345813
HR,Haryana,170,Hissar,78,Hissar APMC,29.148095729877085,75.67195063368808
HR,Haryana,170,Hissar,1830,Narnaund APMC,29.33179749557217,76.07076801375374
HR,Haryana,170,Hissar,1829,Uklana APMC,29.4702630248915,75.90584807380374
HR,Haryana,171,Jhajar,1865,Bahadurgarh APMC,28.633842982737395,76.97283277684429
HR,Haryana,171,Jhajar,3363,Beri APMC,28.75858438902829,76.520426494075
HR,Haryana,171,Jhajar,456,Jhajjar APMC,28.60825068753372,76.6825379873863
HR,Haryana,172,Jind,460,Jind APMC,29.30684532313848,76.34119066040816
HR,Haryana,172,Jind,1836,Jullana APMC,29.15852500809475,76.40426546978136
HR,Haryana,172,Jind,79,Narwana APMC,29.58537296629744,76.08012621498571
HR,Haryana,172,Jind,2924,"New Grain Market , Jind APMC",29.395381324889232,76.70365409995807
HR,Haryana,172,Jind,1837,Pillukhera APMC,29.506110099139086,76.37930548674626
HR,Haryana,172,Jind,80,Safidon APMC,29.483219958814885,76.66912878113283
HR,Haryana,172,Jind,1838,Uchana APMC,29.513014315227213,76.17357387832666
HR,Haryana,173,Kaithal,84,Cheeka APMC,30.06496086380162,76.38419910310064
HR,Haryana,173,Kaithal,1839,Dhand APMC,29.976162297717845,76.5554501404441
HR,Haryana,173,Kaithal,81,Kaithal APMC,29.897018986735297,76.332161610315
HR,Haryana,173,Kaithal,1841,Kalayat APMC,29.54653520610999,76.27248652126437
HR,Haryana,173,Kaithal,1843,Pai APMC,29.75726428647007,76.54977484266243
HR,Haryana,173,Kaithal,2448,Pai(Rajaund) APMC,30.078303240381278,76.43523386713414
HR,Haryana,173,Kaithal,1840,Pundri APMC,29.83151296127549,76.6093581625485
HR,Haryana,173,Kaithal,1842,Siwan APMC,29.85552176194282,76.3496981886616
HR,Haryana,174,Karnal,83,Asandh APMC,29.515924631775107,76.6101709588689
HR,Haryana,174,Karnal,1844,Gharaunda APMC,29.525416967114474,76.98272577124358
HR,Haryana,174,Karnal,1845,Indri APMC,29.744759426738028,76.92174631083644
HR,Haryana,174,Karnal,1846,Jundla APMC,29.65311033611731,76.84469395368507
HR,Haryana,174,Karnal,1847,Kunjpura APMC,29.676179019881133,77.14167002707227
HR,Haryana,174,Karnal,2925,"New Grain Market(main), Karnal APMC",28.154725248937037,76.61056506665315
HR,Haryana,174,Karnal,1848,Nigdu APMC,29.809503057834554,76.66996774480523
HR,Haryana,174,Karnal,1849,Nilokheri APMC,29.84256676177134,76.8397958486366
HR,Haryana,174,Karnal,1850,Nissing APMC,29.694102350829926,76.80455567030563
HR,Haryana,174,Karnal,82,Tarori APMC,29.90883790226538,76.95922587709511
HR,Haryana,175,Kurukshetra,1856,Babain APMC,30.104079709149513,76.9265331702057
HR,Haryana,175,Kurukshetra,88,Iamailabad APMC,29.81044937645954,76.82130204582852
HR,Haryana,175,Kurukshetra,85,Ladwa APMC,30.087312081157524,77.0602257187189
HR,Haryana,175,Kurukshetra,86,Pehowa APMC,29.994836378106807,76.61143208452198
HR,Haryana,175,Kurukshetra,2449,Pehowa(Gumthala Gahru) APMC,29.805416472963756,76.65158758940332
HR,Haryana,175,Kurukshetra,1855,Pipli APMC,29.997219380801173,76.82142265269914
HR,Haryana,175,Kurukshetra,89,Shahabad APMC,30.190609055237793,76.92645458011211
HR,Haryana,175,Kurukshetra,87,Thanesar APMC,29.972429919905306,76.82790488395925
HR,Haryana,176,Mahendragarh-Narnaul,1857,Ateli APMC,28.00434995598718,76.34264599305496
HR,Haryana,176,Mahendragarh-Narnaul,1858,Khanina APMC,27.72754052040774,76.48671983453309
HR,Haryana,176,Mahendragarh-Narnaul,1113,Mohindergarh APMC,27.681363720408573,75.98504745378679
HR,Haryana,176,Mahendragarh-Narnaul,458,Narnaul APMC,28.012772205109364,76.17184203135389
HR,Haryana,177,Mewat,2444,FerozpurZirkha(Nagina) APMC,14.394966998562467,76.52871181071939
HR,Haryana,177,Mewat,1822,Hathin APMC,14.525641830227741,76.75874996723137
HR,Haryana,177,Mewat,1824,Nuh APMC,28.234336527689443,76.92372696691518
HR,Haryana,177,Mewat,1826,Punhana APMC,14.015106563740053,76.40582006585157
HR,Haryana,177,Mewat,1827,Tauru APMC,28.119908395087997,77.01503490088908
HR,Haryana,178,Palwal,1821,Hassanpur APMC,27.984430420145397,77.44120970695572
HR,Haryana,178,Palwal,74,Hodal APMC,27.98215904693991,77.4158246656885
HR,Haryana,178,Palwal,461,Palwal APMC,28.10600217850599,77.28818030860734
HR,Haryana,179,Panchkula,1804,Barwala APMC,30.649012722877796,76.89421574754559
HR,Haryana,179,Panchkula,2926,"New Grain Market , Panchkula APMC",30.918169294312566,77.2710629603998
HR,Haryana,179,Panchkula,2451,Panchkul(Kalka) APMC,30.817825975369296,76.8875292315859
HR,Haryana,179,Panchkula,1803,Raipur Rai APMC,30.52998916840839,76.91135968623934
HR,Haryana,180,Panipat,1854,Bapauli APMC,29.437158778267897,77.02089412855864
HR,Haryana,180,Panipat,1851,Israna APMC,29.31314032099465,76.75913355837123
HR,Haryana,180,Panipat,1852,Madlauda APMC,29.405637655976566,76.82427975658005
HR,Haryana,180,Panipat,452,Panipat APMC,29.302769339742394,76.97289552679354
HR,Haryana,180,Panipat,2450,Panipat(Baharpur) APMC,29.504208949745735,76.97605907184672
HR,Haryana,180,Panipat,1853,Samalkha APMC,29.267603702485758,77.03964530270189
HR,Haryana,181,Rewari,1859,Kosli APMC,28.34301134582428,76.55806379115667
HR,Haryana,181,Rewari,457,Rewari APMC,28.26482350849153,76.62128025767929
HR,Haryana,182,Rohtak,1860,Meham APMC,28.978977306364996,76.20768405657806
HR,Haryana,182,Rohtak,455,Rohtak APMC,28.93247048899728,76.58919206126018
HR,Haryana,182,Rohtak,2452,Rohtak(Kalanaur) APMC,28.82076112631943,76.44367361096491
HR,Haryana,182,Rohtak,1861,Sampla APMC,28.876813924068557,76.70541670447182
HR,Haryana,183,Sirsa,93,Dabwali APMC,29.84632425115461,74.66390812161178
HR,Haryana,183,Sirsa,2456,Dabwali(Chautala) APMC,29.73794638197899,74.46086386855855
HR,Haryana,183,Sirsa,1862,Ding APMC,29.477846214574935,75.23403478129043
HR,Haryana,183,Sirsa,91,Ellanabad APMC,29.472914448233826,74.65351753568441
HR,Haryana,183,Sirsa,2455,Kalawali(Odhan) APMC,29.750288998484223,74.85068517206827
HR,Haryana,183,Sirsa,2886,"New Grain Market , Sirsa APMC",29.34894482747387,74.65458137897285
HR,Haryana,183,Sirsa,1863,Rania APMC,29.564763735435726,74.72672430705715
HR,Haryana,183,Sirsa,2454,Rania(Jiwan nagar) APMC,29.545553474376884,75.07922950527448
HR,Haryana,183,Sirsa,90,Sirsa APMC,29.49350178567356,75.00778241430642
HR,Haryana,183,Sirsa,2453,Sirsa(Malekan) APMC,29.95058424771728,75.00768020611149
HR,Haryana,183,Sirsa,92,kalanwali APMC,29.817728083546772,74.9833773035241
HR,Haryana,184,Sonipat,1864,Ganaur APMC,29.11111438055782,77.14198310316411
HR,Haryana,184,Sonipat,1079,Gohana APMC,29.133916705046808,76.6795985308217
HR,Haryana,184,Sonipat,2887,"New Grain Market , Sonipat APMC",29.13894139319177,76.6193513334323
HR,Haryana,184,Sonipat,454,Sonepat APMC,29.049422769374324,77.00692701864992
HR,Haryana,184,Sonipat,2457,Sonepat(Kharkhoda) APMC,28.787396685413995,76.98623217023416
HR,Haryana,185,Yamuna Nagar,1815,Bilaspur APMC,30.467037044286986,76.80556233007793
HR,Haryana,185,Yamuna Nagar,2458,Chhachhrauli(Khizrabad) APMC,30.295239918164935,77.54208785533153
HR,Haryana,185,Yamuna Nagar,1811,Chhachrauli APMC,30.563626507988808,77.08624879806267
HR,Haryana,185,Yamuna Nagar,1810,Jagadhri APMC,30.12405895943106,77.3539496197761
HR,Haryana,185,Yamuna Nagar,1812,Mustafabad APMC,30.07716293221237,77.19197854867846
HR,Haryana,185,Yamuna Nagar,1814,Radaur APMC,29.97931470315189,77.23747120258382
HR,Haryana,185,Yamuna Nagar,1813,Sadhaura APMC,30.111506693046238,77.25783336483585
HR,Haryana,185,Yamuna Nagar,451,Yamuna Nagar APMC,28.4002779358133,77.51087943091011
HP,Himachal Pradesh,186,Bilaspur,464,PMY Bilaspur,31.26465925931821,76.749152225837
HP,Himachal Pradesh,186,Bilaspur,2520,SMY Namhol,31.286123193822156,76.83645264160923
HP,Himachal Pradesh,187,Chamba,463,PMY Chamba,32.675289311567276,76.18768815125847
HP,Himachal Pradesh,188,Hamirpur,466,PMY Hamirpur,31.618738774454123,76.6101084958835
HP,Himachal Pradesh,188,Hamirpur,3532,SMY Jahu,31.598706242227706,76.6046286887419
HP,Himachal Pradesh,188,Hamirpur,2521,SMY Nadaun,31.678162709409186,76.3232470287452
HP,Himachal Pradesh,189,Kangra,69,PMY Kangra,32.057332344037114,76.26778411701778
HP,Himachal Pradesh,189,Kangra,2526,SMY Baijnath,32.038427752541175,76.73967600398322
HP,Himachal Pradesh,189,Kangra,3444,SMY Dharamshala,32.22186020500005,76.27581054539048
HP,Himachal Pradesh,189,Kangra,2529,SMY Jaisinghpur,31.981995416042388,76.62191690596707
HP,Himachal Pradesh,189,Kangra,2528,SMY Jassur,32.34338591801987,75.84152816412812
HP,Himachal Pradesh,189,Kangra,3149,SMY Jwalaji,31.872737251451554,76.3001647798561
HP,Himachal Pradesh,189,Kangra,2527,SMY Nagrota Bagwan,32.09009518014156,76.33330824769632
HP,Himachal Pradesh,189,Kangra,468,SMY Palampur,32.18395132658795,76.55030797501624
HP,Himachal Pradesh,192,Kullu,70,PMY Kullu,32.068779068596676,77.22682598692943
HP,Himachal Pradesh,192,Kullu,3041,SMY Bandrol,32.082109893609385,77.08811025908727
HP,Himachal Pradesh,192,Kullu,4400,SMY Banjar,31.666402626392166,77.52616975208714
HP,Himachal Pradesh,192,Kullu,471,SMY Bhuntar,31.917596591778743,77.22707788222644
HP,Himachal Pradesh,192,Kullu,2523,SMY Chauri Bihal,31.727454622081595,77.17293204027708
HP,Himachal Pradesh,192,Kullu,3150,SMY Khegsu,31.295164573796058,77.39313413407122
HP,Himachal Pradesh,192,Kullu,2522,SMY Patli Kulh,32.05749387655269,77.1073491724597
HP,Himachal Pradesh,192,Kullu,4401,SMY Shatt,31.42089875183661,77.5554951848816
HP,Himachal Pradesh,194,Mandi,3517,PMY Kangni Mandi,31.656799070848898,76.99653763738146
HP,Himachal Pradesh,194,Mandi,3040,SMY Chail Chowk,31.586514379502706,77.31277294981271
HP,Himachal Pradesh,194,Mandi,465,SMY Dhanotu,31.58991341371185,76.9331337329116
HP,Himachal Pradesh,194,Mandi,4402,SMY Jogindernagar,32.02722606029233,76.89329970619009
HP,Himachal Pradesh,194,Mandi,2524,SMY Takoli,31.738934408925754,77.15676833982636
HP,Himachal Pradesh,195,Shimla,467,PMY Dhalli Shimla,31.085050453617974,77.08212441032471
HP,Himachal Pradesh,195,Shimla,4404,SMY Bhattakufar,31.11103797851552,77.12196810258467
HP,Himachal Pradesh,195,Shimla,4405,SMY Kharapather,31.14533775339916,77.64490579948645
HP,Himachal Pradesh,195,Shimla,4403,SMY Mehndli,31.143219235020027,77.18127141943054
HP,Himachal Pradesh,195,Shimla,2538,SMY Nerwa,30.906924917884222,77.67747901292874
HP,Himachal Pradesh,195,Shimla,4406,SMY Parala,31.09429976008224,77.47006494331148
HP,Himachal Pradesh,195,Shimla,2511,SMY Rampur,31.49529339065438,77.68266992722471
HP,Himachal Pradesh,195,Shimla,3042,SMY Rohroo,31.287195782128965,77.7873377428626
HP,Himachal Pradesh,195,Shimla,2512,SMY Theog,31.13172343400125,77.28334099087198
HP,Himachal Pradesh,196,Sirmore,71,PMY Paonta Sahib,30.473207406497064,77.58857914666021
HP,Himachal Pradesh,196,Sirmore,469,SMY Nahan,30.510450077158016,77.3151366231878
HP,Himachal Pradesh,196,Sirmore,2513,SMY Rajgarh,31.767850610513687,77.13339002197388
HP,Himachal Pradesh,197,Solan,72,PMY Kather Solan,30.89405730855057,77.05806510437384
HP,Himachal Pradesh,197,Solan,470,SMY Dharampur,30.830318269703376,77.04509205838578
HP,Himachal Pradesh,197,Solan,2514,SMY Nalagarh,31.09532218532387,76.77102845551056
HP,Himachal Pradesh,197,Solan,2516,SMY Parwanoo,30.828135474704247,77.01432871055523
HP,Himachal Pradesh,197,Solan,4408,SMY Wakhnaghat,30.944941107298064,77.13283659193674
HP,Himachal Pradesh,198,Una,462,PMY Una,31.461194103339782,76.2334565980184
HP,Himachal Pradesh,198,Una,3039,SMY Santoshgarh,31.35200092440714,76.32186980136258
HP,Himachal Pradesh,198,Una,4407,SMY Takarla,32.48024545805722,78.02220186524578
JK,Jammu and Kashmir,199,Anantnag,3500,Batingoo APMC,33.75902275424402,75.15911427118233
JK,Jammu and Kashmir,199,Anantnag,4399,Jablipora APMC,33.75503023453128,75.17331907392459
JK,Jammu and Kashmir,202,Baramulla,473,Kanispora Baramulla (F&V) APMC,34.071298315447066,74.39788223672528
JK,Jammu and Kashmir,202,Baramulla,94,Nowpora APMC,34.19615383857246,74.39020054688946
JK,Jammu and Kashmir,200,Budgam,474,Zaloosa-Chararishrief (F&V) APMC,33.854010189066685,74.59684443292137
JK,Jammu and Kashmir,204,Ganderbal,2260,Ganderbal APMC,34.34710040502318,75.06017642248113
JK,Jammu and Kashmir,205,Jammu,95,Akhnoor APMC,33.71410821705944,75.13370242538294
JK,Jammu and Kashmir,205,Jammu,472,Narwal Jammu (F&V) APMC,32.6362538087501,74.92065886882283
JK,Jammu and Kashmir,207,Kathua,2173,Kathua APMC,32.37300226881519,75.49999031216223
JK,Jammu and Kashmir,209,Kulgam,2169,Kulgam APMC,33.560071613452365,75.00604154749638
JK,Jammu and Kashmir,210,Kupwara,475,Bumhama-Kupwara (F&V) APMC,34.483062805207055,74.42567506575597
JK,Jammu and Kashmir,210,Kupwara,1114,HandwaraFV APMC,34.56379232738197,74.19502760674543
JK,Jammu and Kashmir,213,Pulwama,4679,Pachar APMC,34.03637163889776,74.95514966780112
JK,Jammu and Kashmir,213,Pulwama,476,Prichoo APMC,33.83983343268524,75.07731511819847
JK,Jammu and Kashmir,214,Rajouri,478,Rajouri (F&V) APMC,33.09492488822226,74.29854574536556
JK,Jammu and Kashmir,215,Ramban,2171,Batote APMC,33.32650277198984,75.17810351647296
JK,Jammu and Kashmir,217,Shopian,96,Shopian APMC,33.71870616166201,74.91840113996003
JK,Jammu and Kashmir,218,Srinagar,97,Parimpore APMC,34.039396288566536,74.70994329597673
JK,Jammu and Kashmir,219,Udhampur,98,Udhampur APMC,32.85014318597735,75.11127311171903
JR,Jharkhand,220,Bokaro,1875,Bermo APMC,23.8394745895147,85.88869635948541
JR,Jharkhand,220,Bokaro,481,Bokaro (Chas) APMC,23.669750420868095,86.120207472644
JR,Jharkhand,221,Chatra,3681,Chatra APMC,24.153857212081306,84.91343430145477
JR,Jharkhand,222,Deogarh,28,Deoghar APMC,24.535920865801305,86.67696544949584
JR,Jharkhand,222,Deogarh,1882,Madhupur APMC,24.375859124135303,86.66442498560421
JR,Jharkhand,223,Dhanbad,29,Dhanbad APMC,23.808351773416266,86.48999188006839
JR,Jharkhand,224,Dumka,30,Dumka APMC,24.22802091878088,87.20954151439716
JR,Jharkhand,225,East Singhbhum,1878,Chakulia APMC,22.40799181604716,86.67926108110767
JR,Jharkhand,225,East Singhbhum,31,Jamshedpur APMC,22.90773781020924,86.18576211211898
JR,Jharkhand,226,Garhwa,480,Gadhwah APMC,24.011112914856312,83.67216282530713
JR,Jharkhand,227,Giridih,479,Giridih APMC,24.273672218260778,86.16974358176851
JR,Jharkhand,228,Godda,1881,Godda APMC,24.792434538820633,87.30197207712419
JR,Jharkhand,229,Gumla,482,Gumla APMC,23.214456323501256,84.52118397585375
JR,Jharkhand,230,Hazaribagh,33,Hazaribagh APMC,23.859449982754608,85.37848604527466
JR,Jharkhand,230,Hazaribagh,1874,Ramgarh APMC,23.711842719916913,85.2544182097917
JR,Jharkhand,231,Jamtara,1983,Jamtara APMC,23.945145763382843,86.82949405815472
JR,Jharkhand,232,Koderma,483,Koderma APMC,24.489908303035204,85.6512159516213
JR,Jharkhand,233,Latehar,1982,Latehar APMC,23.715633405267244,84.53329350535276
JR,Jharkhand,234,Lohardaga,1876,Lohardaga APMC,23.514512639364902,84.62403254082928
JR,Jharkhand,235,Pakur,1880,Pakur APMC,24.52480366914387,87.53962318711939
JR,Jharkhand,236,Palamu,808,Daltenganj APMC,23.963650514651302,84.09623900686367
JR,Jharkhand,237,Ranchi,1883,Khunti APMC,22.96128670875389,84.98195456357651
JR,Jharkhand,237,Ranchi,2005,Pandara APMC,23.345965867941707,85.23641008893168
JR,Jharkhand,237,Ranchi,40,Ranchi APMC,23.379353577935444,85.27692361231311
JR,Jharkhand,238,Sahebgang,1879,Sahebganj APMC,24.9448852776186,87.59065660445984
JR,Jharkhand,239,Saraikela(Kharsanwa),1984,Saraikela APMC,22.660738916503036,85.89657163308539
JR,Jharkhand,240,Simdega,3682,Barhmba APMC,22.441481259057372,84.47755483747024
JR,Jharkhand,240,Simdega,1877,Simdega APMC,22.608783562420516,84.65779054222168
JR,Jharkhand,241,West Singbhum,809,Chaibasa APMC,22.54249588792665,85.84290519806213
KK,Karnataka,242,Bagalkot,686,Badami APMC,15.903118688186602,75.62623412211182
KK,Karnataka,242,Bagalkot,685,Bagalakot APMC,16.191308430447904,75.76995054713676
KK,Karnataka,242,Bagalkot,3279,Bagalkot(Bigali) APMC,16.376235037054528,75.58316637855968
KK,Karnataka,242,Bagalkot,3143,Bagalkot(Bilagi) APMC,16.262244456846318,75.61734586313709
KK,Karnataka,242,Bagalkot,687,Hungund APMC,16.083078344868547,76.09904311134954
KK,Karnataka,242,Bagalkot,688,Jamakhandi APMC,16.53732712630831,75.30758835814872
KK,Karnataka,242,Bagalkot,689,Mhalingapur APMC,16.196129426968866,76.10723481002725
KK,Karnataka,242,Bagalkot,4743,Mudhol APMC,16.22147326369284,75.35925493491796
KK,Karnataka,243,Bangalore,99,Bangalore APMC,13.008268803136835,77.58131652503978
KK,Karnataka,243,Bangalore,100,"Binny Mill (F&V), Bangalore APMC",12.942968056708102,77.59633398698305
KK,Karnataka,243,Bangalore,690,Channapatana APMC,13.031794673567966,77.53836698603062
KK,Karnataka,243,Bangalore,489,Doddaballa Pur APMC,15.36853430190218,75.13751556238591
KK,Karnataka,243,Bangalore,3151,Hoskote APMC,13.02466725541614,77.54599153884735
KK,Karnataka,243,Bangalore,691,Kanakapura APMC,12.760820740391734,77.48160462789983
KK,Karnataka,243,Bangalore,745,Ramanagara APMC,13.034203864152381,77.56172110580697
KK,Karnataka,244,Belgaum,504,Athani APMC,16.64202114665458,74.98344078961617
KK,Karnataka,244,Belgaum,692,Bailahongal APMC,15.908787225389041,74.86332157753583
KK,Karnataka,244,Belgaum,4694,Belagavi APMC,15.939262957156151,74.53714116804528
KK,Karnataka,244,Belgaum,101,Belgaum APMC,15.851703173071387,74.4600977285046
KK,Karnataka,244,Belgaum,693,Gokak APMC,16.261028779538822,74.85490131792166
KK,Karnataka,244,Belgaum,694,Kudchi APMC,16.68324368672121,74.89447691107871
KK,Karnataka,244,Belgaum,695,Nandagada APMC,15.66278283036727,74.5889274915799
KK,Karnataka,244,Belgaum,696,Nippani APMC,16.37332964490473,74.34439387641326
KK,Karnataka,244,Belgaum,697,Ramdurga APMC,15.998892735614781,75.2960021032944
KK,Karnataka,244,Belgaum,699,Sankeshwar APMC,16.24004167394744,74.46664034578993
KK,Karnataka,244,Belgaum,698,Soundati APMC,15.938196228018413,74.4133289117128
KK,Karnataka,244,Belgaum,4796,Yeragatti APMC,15.906211558232814,74.49914681071922
KK,Karnataka,245,Bellary,103,Bellary APMC,15.014372739389616,76.9040687718228
KK,Karnataka,245,Bellary,513,H.B. Halli APMC,15.207675965876843,76.88147925351245
KK,Karnataka,245,Bellary,702,Hoovinahadagali APMC,15.170379266858598,76.9008163563439
KK,Karnataka,245,Bellary,701,Hospet APMC,15.15425818902695,76.86682916485292
KK,Karnataka,245,Bellary,3282,Hospet(Kampli) APMC,15.44555810557867,76.66646070430205
KK,Karnataka,245,Bellary,700,Kottur APMC,15.011442220696228,76.96611402335566
KK,Karnataka,245,Bellary,3759,Sandur APMC,15.069110001759821,76.89751714742208
KK,Karnataka,245,Bellary,102,Sirguppa APMC,15.15263113472867,76.95508211091185
KK,Karnataka,246,Bidar,705,Aurad APMC,18.209150744353163,77.3695960221249
KK,Karnataka,246,Bidar,512,Basava Kalayana APMC,17.860524345865564,77.05237102730761
KK,Karnataka,246,Bidar,704,Bhalki APMC,18.040522828613692,77.28769250349573
KK,Karnataka,246,Bidar,104,Bidar APMC,17.888037807652125,77.56113876712391
KK,Karnataka,246,Bidar,703,Humanabad APMC,17.776062259792376,77.09904884620907
KK,Karnataka,247,Bijapur,105,Bijapur APMC,16.476278418814694,76.78127191132872
KK,Karnataka,247,Bijapur,706,Sindagi APMC,16.99051983197812,76.2308660284274
KK,Karnataka,247,Bijapur,3278,Sindagi(Devarayipparagi) APMC,16.518012405044974,75.8114065024431
KK,Karnataka,247,Bijapur,3277,Sindagi(Indi) APMC,16.8575570373227,76.1743614449593
KK,Karnataka,247,Bijapur,3276,Sindagi(chadachan) APMC,16.54665953751338,75.71312070863367
KK,Karnataka,247,Bijapur,509,Talikot APMC,16.60255695924815,76.35439272157655
KK,Karnataka,248,Chamrajnagar,707,Chamaraj Nagar APMC,11.961295133938656,77.04511538859413
KK,Karnataka,248,Chamrajnagar,497,Gundlupet APMC,11.80332209120985,76.6623563995935
KK,Karnataka,248,Chamrajnagar,4714,Hanuru APMC,12.008497798975018,77.30369207239228
KK,Karnataka,248,Chamrajnagar,498,Kollegal APMC,12.169444272359062,77.19165981324217
KK,Karnataka,249,Chikmagalur,3147,Bagepalli APMC,13.337370245246333,75.68994594153082
KK,Karnataka,249,Chikmagalur,709,Chikkamagalore APMC,13.265548352383009,75.83328874726958
KK,Karnataka,249,Chikmagalur,708,Kadur APMC,13.613608612459252,76.03164267547004
KK,Karnataka,249,Chikmagalur,711,Koppa APMC,13.498352808165198,75.34505995790464
KK,Karnataka,249,Chikmagalur,710,Moodigere APMC,13.425871366958463,75.74728845385637
KK,Karnataka,249,Chikmagalur,712,Sringeri APMC,13.390089477314165,75.19033050983894
KK,Karnataka,249,Chikmagalur,503,Tarikere APMC,13.678311737827363,75.85048211536835
KK,Karnataka,250,Chitradurga,714,Challakere APMC,14.403453525852695,76.62625594898729
KK,Karnataka,250,Chitradurga,713,Chitradurga APMC,13.802819641247064,76.2086918721738
KK,Karnataka,250,Chitradurga,715,Hiriyur APMC,13.867787596424069,76.57002136166307
KK,Karnataka,250,Chitradurga,3152,Holalkere APMC,14.042862482508887,76.28921188356522
KK,Karnataka,250,Chitradurga,493,Hosadurga APMC,13.853685702272115,76.34574394273098
KK,Karnataka,250,Chitradurga,3756,Rampura APMC,14.916340962711944,76.80537094415466
KK,Karnataka,251,Davangere,721,Channagiri APMC,13.969199566958794,75.97760111381025
KK,Karnataka,251,Davangere,106,Davangere APMC,14.362961374468826,75.96102035787816
KK,Karnataka,251,Davangere,484,Harappana Halli APMC,14.177690917416813,75.79189941929255
KK,Karnataka,251,Davangere,348,Harihara APMC,14.512820737133133,75.63115979386862
KK,Karnataka,251,Davangere,485,Honnali APMC,14.331900243992312,75.63263404903917
KK,Karnataka,251,Davangere,722,Jagalur APMC,14.547473568070574,76.34513603924557
KK,Karnataka,252,Dharwad,505,Annigeri APMC,15.492867830929749,75.43827969320634
KK,Karnataka,252,Dharwad,107,Dharwar APMC,15.430081986308156,75.00440360792727
KK,Karnataka,252,Dharwad,108,Hubli (Amaragol) APMC,15.435763063756678,75.06272828652408
KK,Karnataka,252,Dharwad,507,Kalagategi APMC,15.203737180386412,75.04300680085863
KK,Karnataka,252,Dharwad,723,Kundagol APMC,15.214672440055324,75.33395916432373
KK,Karnataka,253,Gadag,725,Gadag APMC,15.337899471506136,75.70692322662828
KK,Karnataka,253,Gadag,724,Laxmeshwar APMC,15.411832786528798,75.6496530843073
KK,Karnataka,253,Gadag,727,Mundaragi APMC,15.163512261061015,75.97853740825981
KK,Karnataka,253,Gadag,726,Nargunda APMC,15.716584960167161,75.41233995573948
KK,Karnataka,253,Gadag,506,Rona APMC,15.468847714861667,75.59803185791048
KK,Karnataka,254,Hassan,3403,Arakalgud APMC,12.730071366580045,76.07613888591086
KK,Karnataka,254,Hassan,734,Arasikere APMC,13.369051066263864,76.24526960162919
KK,Karnataka,254,Hassan,737,Belur APMC,13.146790769996826,75.7983120820695
KK,Karnataka,254,Hassan,501,Channarayapatna APMC,12.943434770675678,76.41939594080775
KK,Karnataka,254,Hassan,735,Hassan APMC,13.020317135877516,76.05727722600024
KK,Karnataka,254,Hassan,736,Holenarsipura APMC,12.744591503790637,76.24328999166906
KK,Karnataka,254,Hassan,502,Sakaleshpura APMC,12.983019378237437,75.69797273412117
KK,Karnataka,255,Haveri,349,Byadagi APMC,14.690584070563432,75.37104915339495
KK,Karnataka,255,Haveri,510,Hanagal APMC,14.718853493182062,75.12809009078352
KK,Karnataka,255,Haveri,109,Haveri APMC,14.650525238358078,75.55271217357958
KK,Karnataka,255,Haveri,738,Hirekerur APMC,14.457095655822114,75.42892166295603
KK,Karnataka,255,Haveri,110,Ranebennur APMC,14.53425276038038,75.58002684676917
KK,Karnataka,255,Haveri,508,Savanur APMC,15.06925476819561,75.263994878915
KK,Karnataka,255,Haveri,1604,Shiggauv APMC,14.975436977243351,75.1864981872035
KK,Karnataka,256,Kalburgi,3402,Alanda APMC,17.547573088392554,76.55095413365325
KK,Karnataka,256,Kalburgi,733,Chincholi APMC,17.467253862300968,77.40716109130953
KK,Karnataka,256,Kalburgi,511,Chittapur APMC,17.108138099863957,77.10466332441744
KK,Karnataka,256,Kalburgi,3281,Kalburgi  (Jevargi) APMC,16.891400740147294,76.79906022746894
KK,Karnataka,256,Kalburgi,3280,Kalburgi (Afzalpur) APMC,17.216949948920085,76.34545886962633
KK,Karnataka,256,Kalburgi,728,Kalburgi APMC,17.280699863175514,76.8417451688945
KK,Karnataka,256,Kalburgi,731,Sedam APMC,17.18999376025696,77.4479943752211
KK,Karnataka,257,Karwar(Uttar Kannad),769,Haliyala APMC,14.793893912378442,74.02116994667433
KK,Karnataka,257,Karwar(Uttar Kannad),765,Honnavar APMC,14.833687471155288,74.13998403809696
KK,Karnataka,257,Karwar(Uttar Kannad),763,Karwar APMC,14.826886853059417,74.13732597043823
KK,Karnataka,257,Karwar(Uttar Kannad),764,Kumta APMC,14.828538347330248,74.09177859080165
KK,Karnataka,257,Karwar(Uttar Kannad),770,Mundgod APMC,14.942959926877093,74.13334700348295
KK,Karnataka,257,Karwar(Uttar Kannad),766,Siddapur APMC,14.792405946283123,74.16419710128908
KK,Karnataka,257,Karwar(Uttar Kannad),768,Sirsi APMC,14.893378170141277,74.112186499535
KK,Karnataka,257,Karwar(Uttar Kannad),767,Yellapur APMC,14.721061503523174,74.12069311326711
KK,Karnataka,258,Kolar,744,Bangarpet APMC,12.994635169127225,78.14741557713867
KK,Karnataka,258,Kolar,3044,Bhagepalli APMC,13.053916956264791,78.242430473773
KK,Karnataka,258,Kolar,742,Chickkaballapura APMC,13.167973360445401,77.95874902030457
KK,Karnataka,258,Kolar,743,Chintamani APMC,13.513933675763926,78.31876394115078
KK,Karnataka,258,Kolar,492,Gowribidanoor APMC,13.100275410046045,78.02866229620268
KK,Karnataka,258,Kolar,112,Kolar APMC,13.12895698495969,78.16078500448009
KK,Karnataka,258,Kolar,490,Malur APMC,12.958282535320896,77.83529170031207
KK,Karnataka,258,Kolar,1602,Mulabagilu APMC,13.116948234075851,78.38429962881727
KK,Karnataka,258,Kolar,491,Srinivasapur APMC,13.351501347304591,78.25400913326536
KK,Karnataka,259,Koppal,111,Gangavathi APMC,15.456938519509803,76.52761861842103
KK,Karnataka,259,Koppal,4669,Gangavathi(Karatagi) APMC,15.517571484809514,76.83563996904512
KK,Karnataka,259,Koppal,4723,Kanakagiri APMC,15.53928527257435,76.44696552851656
KK,Karnataka,259,Koppal,113,Koppal APMC,15.346436282905094,76.05382423499005
KK,Karnataka,259,Koppal,747,Kustagi APMC,15.782350649763856,76.15469438796062
KK,Karnataka,259,Koppal,746,Yalburga APMC,15.42163746743171,76.11356735551506
KK,Karnataka,260,Madikeri(Kodagu),741,Gonikappal APMC,12.454669555662594,76.12618840512408
KK,Karnataka,260,Madikeri(Kodagu),4735,Kushalnagara APMC,12.336684398550064,75.79533191464083
KK,Karnataka,260,Madikeri(Kodagu),739,Madikeri APMC,12.381057739937658,75.6838596610481
KK,Karnataka,260,Madikeri(Kodagu),740,Somvarpet APMC,12.402018723175342,75.92150838401422
KK,Karnataka,261,Mandya,499,K.R. Pet APMC,14.171947967684345,74.54228842833416
KK,Karnataka,261,Mandya,749,Maddur APMC,12.534050523310245,77.14501939833298
KK,Karnataka,261,Mandya,3758,Malavalli APMC,12.471311083351416,77.02895145982068
KK,Karnataka,261,Mandya,748,Mandya APMC,12.56278798514716,76.85643369028286
KK,Karnataka,261,Mandya,500,Nagamangala APMC,12.816234533000223,76.70218291800752
KK,Karnataka,261,Mandya,1603,Pandavapura APMC,12.702825783052184,76.7577490735048
KK,Karnataka,261,Mandya,2030,Srirangapattana APMC,12.370187657458596,76.74251863355546
KK,Karnataka,262,Mangalore(Dakshin Kannad),720,Bantwala APMC,12.920352715104826,74.81384020294945
KK,Karnataka,262,Mangalore(Dakshin Kannad),719,Belthangdi APMC,12.860842846954176,74.84783230745866
KK,Karnataka,262,Mangalore(Dakshin Kannad),716,Mangalore APMC,12.962822515191787,74.92957655500423
KK,Karnataka,262,Mangalore(Dakshin Kannad),717,Puttur APMC,12.93399260182471,74.80971838579727
KK,Karnataka,262,Mangalore(Dakshin Kannad),718,Sulya APMC,12.824863197938061,74.8254949142605
KK,Karnataka,263,Mysore,494,Hunsur APMC,12.235361074016415,76.36280075268968
KK,Karnataka,263,Mysore,114,K.R.Nagar APMC,12.292260086118237,76.6420324160428
KK,Karnataka,263,Mysore,115,Mysore (Bandipalya) APMC,12.287062445697273,76.71007269893688
KK,Karnataka,263,Mysore,750,Nanjangud APMC,12.212917034976778,76.62454237942183
KK,Karnataka,263,Mysore,119,Piriya Pattana APMC,12.303403874967191,76.37111612861612
KK,Karnataka,263,Mysore,751,Santhesargur APMC,12.264545331248575,76.64228049573977
KK,Karnataka,263,Mysore,496,T. Narasipura APMC,12.19289480115848,76.93078737396264
KK,Karnataka,264,Raichur,3362,Devadurga APMC,16.429874925497245,77.04327060715983
KK,Karnataka,264,Raichur,752,Lingasugur APMC,16.124060570411647,76.57301399492927
KK,Karnataka,264,Raichur,118,Manvi APMC,16.011675501134743,76.99001031127885
KK,Karnataka,264,Raichur,116,Raichur APMC,15.830350752526414,76.70741938970578
KK,Karnataka,264,Raichur,117,Sindhanur APMC,15.725083344128137,76.73347248027211
KK,Karnataka,265,Ramanagar,3284,Ramanagar APMC,12.779268155298519,77.17482162482736
KK,Karnataka,266,Shimoga,755,Bhadravathi APMC,13.817195751689216,75.6043341330715
KK,Karnataka,266,Shimoga,3144,Hosanagar APMC,13.810427344986206,75.05861624525484
KK,Karnataka,266,Shimoga,754,Sagar APMC,14.19597151192268,74.99889881619936
KK,Karnataka,266,Shimoga,3275,Sagar(Hosanagara) APMC,14.110154558481113,75.20794084108469
KK,Karnataka,266,Shimoga,486,Shikaripura APMC,14.25023021620467,75.40316880674666
KK,Karnataka,266,Shimoga,753,Shimoga APMC,13.950744160538743,75.64056409966183
KK,Karnataka,266,Shimoga,3274,Shimoga(Theertahalli) APMC,13.948866771891277,75.61897183481376
KK,Karnataka,266,Shimoga,3145,Shimogga(Theertahalli) APMC,13.948480608676581,75.4936954652885
KK,Karnataka,266,Shimoga,3146,Sorabha APMC,14.482894785280047,75.12379289420264
KK,Karnataka,267,Tumkur,757,Gubbi APMC,13.438334085175486,76.88718424632215
KK,Karnataka,267,Tumkur,758,Huliyar APMC,13.508438560012022,76.57522684088269
KK,Karnataka,267,Tumkur,3757,Koratagere APMC,13.55302737505622,77.29916317350441
KK,Karnataka,267,Tumkur,759,Kunigal APMC,12.950582027637202,76.96199587189552
KK,Karnataka,267,Tumkur,760,Madhugiri APMC,13.69174535739585,77.15228031813494
KK,Karnataka,267,Tumkur,487,Pavagada APMC,14.199905917847222,77.45739439463341
KK,Karnataka,267,Tumkur,761,Sira APMC,13.755653841130183,76.88602032836489
KK,Karnataka,267,Tumkur,762,Tiptur APMC,13.215276236529954,76.46997408808248
KK,Karnataka,267,Tumkur,756,Tumkur APMC,13.311344715703155,77.06866150826654
KK,Karnataka,267,Tumkur,488,Turvekere APMC,13.193989580205157,76.63804399262177
KK,Karnataka,268,Udupi,495,Karkala APMC,13.309691428977969,75.04192865281672
KK,Karnataka,268,Udupi,810,Kundapura APMC,13.558061055424558,74.7486680169787
KK,Karnataka,268,Udupi,823,Udupi APMC,13.323210439467982,74.75513224439186
KK,Karnataka,699,Vijayanagara,4733,Kudligi APMC,14.780672543526018,76.50093641788895
KK,Karnataka,269,Yadgiri,729,Shahapur APMC,16.73888613423272,76.84060211929062
KK,Karnataka,269,Yadgiri,730,Shorapur APMC,16.537638646623087,76.70574860079432
KK,Karnataka,269,Yadgiri,732,Yadgir APMC,16.724953867622176,77.23379269508159
KL,Kerala,270,Alappuzha,120,Alappuzha APMC,9.552551091636946,76.38630351472872
KL,Kerala,270,Alappuzha,1971,Aroor APMC,9.890046809733736,76.31440602693702
KL,Kerala,270,Alappuzha,1985,Chanthroor APMC,9.800886147998233,76.21369636118303
KL,Kerala,270,Alappuzha,2015,Chengannur APMC,9.299913506409109,76.712218153535
KL,Kerala,270,Alappuzha,4592,Chennithala VFPCK APMC,9.566111976546782,76.44593446535684
KL,Kerala,270,Alappuzha,4323,Cheriyanadu  VFPCK APMC,9.578789920689244,76.37651708975363
KL,Kerala,270,Alappuzha,2018,Cherthala APMC,9.60190333155678,76.3314847507559
KL,Kerala,270,Alappuzha,4589,Edathwa VFPCK APMC,9.404732669561476,76.25649450540661
KL,Kerala,270,Alappuzha,2017,Harippad APMC,9.298614733783136,76.53345925798288
KL,Kerala,270,Alappuzha,2016,Kayamkulam APMC,9.138193714703867,76.56775231109656
KL,Kerala,270,Alappuzha,1986,Madhavapuram APMC,9.202324290953275,76.44748917937314
KL,Kerala,270,Alappuzha,2673,Mannar APMC,9.311657620132841,76.41471020216176
KL,Kerala,270,Alappuzha,4590,Nooranad VFPCK APMC,9.289978784112336,76.66630390715018
KL,Kerala,270,Alappuzha,4324,Pandanadu  VFPCK APMC,9.188866934518948,76.12453880213974
KL,Kerala,270,Alappuzha,4591,Thamarakkulam VFPCK APMC,9.217005295622897,76.57190320777414
KL,Kerala,270,Alappuzha,4326,Thazhakkara  VFPCK APMC,9.551435242441105,76.18514549575099
KL,Kerala,270,Alappuzha,4325,Vallikunnam  VFPCK APMC,9.417409352622975,76.55938732156204
KL,Kerala,270,Alappuzha,4327,Venmony  VFPCK APMC,9.518945303825467,76.13201486448773
KL,Kerala,273,Ernakulam,126,Aluva APMC,10.130675482945987,76.41300430086604
KL,Kerala,273,Ernakulam,4349,Amalapuram  VFPCK APMC,10.143526161702074,76.54991232549673
KL,Kerala,273,Ernakulam,1978,Angamaly APMC,10.246601644811477,76.37774467599046
KL,Kerala,273,Ernakulam,3393,Broadway market APMC,10.077196679779025,76.31475692705803
KL,Kerala,273,Ernakulam,4348,Edackattuvayal  VFPCK APMC,9.761439829028848,76.1263334605047
KL,Kerala,273,Ernakulam,125,Ernakulam APMC,9.952849212789442,76.23263060986079
KL,Kerala,273,Ernakulam,4352,Kadungallur  VFPCK APMC,9.694000476988291,76.17344158364659
KL,Kerala,273,Ernakulam,4611,Kanjoor VFPCK APMC,10.073537048289012,76.5344905117281
KL,Kerala,273,Ernakulam,4612,Karumaloor VFPCK APMC,9.97680925080022,76.50907279229831
KL,Kerala,273,Ernakulam,3383,Keezhampara VFPCK APMC,9.923448578570381,76.38943481072566
KL,Kerala,273,Ernakulam,3381,Koovapadi VFPCK APMC,9.943043340512299,76.12815446839815
KL,Kerala,273,Ernakulam,2681,Kothamangalam APMC,10.20438227570825,76.72851385698618
KL,Kerala,273,Ernakulam,4345,Kunnukara  VFPCK APMC,10.065455786806282,76.39101958206217
KL,Kerala,273,Ernakulam,4613,Kurumassery VFPCK APMC,10.036924815023363,76.51452980856409
KL,Kerala,273,Ernakulam,4344,Malayattoor  VFPCK APMC,9.839728914635812,76.16334774442801
KL,Kerala,273,Ernakulam,4678,Maradu APMC,9.978409063965728,76.36163286735567
KL,Kerala,273,Ernakulam,3382,Mazhuvannur VFPCK APMC,9.81139182745811,76.357896316835
KL,Kerala,273,Ernakulam,4346,Mookkannur  VFPCK APMC,10.031588727720017,76.13556681038419
KL,Kerala,273,Ernakulam,127,Moovattupuzha APMC,9.934143745732284,76.58221170977278
KL,Kerala,273,Ernakulam,4343,Nedungapra  VFPCK APMC,9.96173461898776,75.8768908436657
KL,Kerala,273,Ernakulam,3394,North Paravur APMC,10.061162925193518,76.23552718040604
KL,Kerala,273,Ernakulam,2680,Perumbavoor APMC,10.115053655512549,76.39312862103979
KL,Kerala,273,Ernakulam,2007,Piravam APMC,9.898070252303947,76.47363771376259
KL,Kerala,273,Ernakulam,4614,Pothanikkadu VFPCK APMC,9.958051639766092,75.94147472448482
KL,Kerala,273,Ernakulam,4350,Puthenvelikkara  VFPCK APMC,9.999955772552095,76.21413739519407
KL,Kerala,273,Ernakulam,4347,Thiruvaniyoor  VFPCK APMC,10.122883606731616,76.39413838053326
KL,Kerala,273,Ernakulam,2176,Thrippunithura APMC,9.895609677223609,76.3153806329422
KL,Kerala,273,Ernakulam,4615,Thuravoor VFPCK APMC,9.88047502692849,76.16214123621478
KL,Kerala,273,Ernakulam,4351,Vengola  VFPCK APMC,9.777158403023279,76.15755136532161
KL,Kerala,274,Idukki,2676,Adimali APMC,10.040978422175593,76.90276108566623
KL,Kerala,274,Idukki,4604,Adimali VFPCK APMC,9.764923574199528,76.8723542115545
KL,Kerala,274,Idukki,4342,Alacode  VFPCK APMC,9.97754294255392,77.05017172578992
KL,Kerala,274,Idukki,4610,Errattayar VFPCK APMC,9.698199572336787,77.06161907710901
KL,Kerala,274,Idukki,3379,Kamakshi VFPCK APMC,9.821776969502743,77.2006349171349
KL,Kerala,274,Idukki,4605,Kannakunnu VFPCK APMC,9.768781584425874,77.05730288153126
KL,Kerala,274,Idukki,4609,Kanthaloor VFPCK APMC,9.851951907503986,76.88467423799717
KL,Kerala,274,Idukki,2679,Kattappana APMC,9.6970938014064,77.12656785318984
KL,Kerala,274,Idukki,4341,Kodikulam  VFPCK APMC,9.961483860192445,76.74748845584445
KL,Kerala,274,Idukki,4608,Melechinnar VFPCK APMC,9.469969887604584,77.29466742039989
KL,Kerala,274,Idukki,1975,Munnar APMC,10.074418474547816,77.0467017835069
KL,Kerala,274,Idukki,2678,Nedumkandam APMC,9.856765721378943,77.16850458574937
KL,Kerala,274,Idukki,4607,Parathode VFPCK APMC,9.524208523649541,77.00737787561523
KL,Kerala,274,Idukki,4338,Pazhayarikandam  VFPCK APMC,10.10964161117052,77.20657867372407
KL,Kerala,274,Idukki,4339,Rajakkad  VFPCK APMC,9.657477054379065,76.61030851063914
KL,Kerala,274,Idukki,1081,Thodupuzha APMC,9.82854414210148,76.63390092140551
KL,Kerala,274,Idukki,3378,Thompramkudi VFPCK APMC,9.809734543274605,76.88284501896082
KL,Kerala,274,Idukki,4340,Udumbannoor  VFPCK APMC,9.776300592656423,77.43108299850138
KL,Kerala,274,Idukki,2677,Vandiperiyar APMC,9.517356030855018,77.1230870536014
KL,Kerala,275,Kannur,3764,Chavassery VFPCK APMC,11.75692937483052,75.13699602907022
KL,Kerala,275,Kannur,2031,Irikkur APMC,11.942126158462084,75.53571937228583
KL,Kerala,275,Kannur,2688,Irityy APMC,11.9011688857666,75.71010021450557
KL,Kerala,275,Kannur,129,Kannur APMC,11.880444892379645,75.36569580134474
KL,Kerala,275,Kannur,4656,Kelakam VFPCK APMC,11.92974399002602,75.73339244438318
KL,Kerala,275,Kannur,4657,Kolayad VFPCK APMC,11.683361532936654,75.30974097433923
KL,Kerala,275,Kannur,4385,Koodali  VFPCK APMC,11.890581708045845,75.508037794364
KL,Kerala,275,Kannur,2032,Kuthuparambu APMC,11.910556834751024,75.3764805127672
KL,Kerala,275,Kannur,3391,Maloor VFPCK APMC,11.899970750847464,75.3591891111347
KL,Kerala,275,Kannur,4658,Mangattidom VFPCK APMC,11.916835909837884,75.827168792021
KL,Kerala,275,Kannur,4384,Mattannur  VFPCK APMC,11.92750350111856,75.62360221512711
KL,Kerala,275,Kannur,4386,Pattiyam  VFPCK APMC,11.925705853699471,75.40566985192451
KL,Kerala,275,Kannur,4659,Payam VFPCK APMC,11.647434185048661,75.50023937258975
KL,Kerala,275,Kannur,130,Payyannur APMC,12.10779218721454,75.32177152593282
KL,Kerala,275,Kannur,4660,Peravoor VFPCK APMC,11.788441129720601,75.24261470523807
KL,Kerala,275,Kannur,4661,Sreekandapuram VFPCK APMC,11.946450775373595,75.48287861151708
KL,Kerala,275,Kannur,1980,Taliparamba APMC,12.123142884902379,75.53014447741405
KL,Kerala,275,Kannur,128,Thalasserry APMC,11.905790143566547,75.63918042689633
KL,Kerala,276,Kasargod,2035,Kanjangadu APMC,12.325764700821946,75.03140464641498
KL,Kerala,276,Kasargod,516,Kasargod APMC,12.5019052968842,74.99818601804691
KL,Kerala,276,Kasargod,4387,Madikai  VFPCK APMC,12.25737564508651,74.99875141624952
KL,Kerala,276,Kasargod,2034,Manjeswaram APMC,12.702726238801985,74.95469913850258
KL,Kerala,276,Kasargod,1981,Neeleswaram APMC,12.220414519851158,75.19561073017518
KL,Kerala,276,Kasargod,4388,Pullur Periya  VFPCK APMC,12.496706115159116,75.07908926698805
KL,Kerala,277,Kollam,2013,Anchal APMC,8.900301877853806,76.98051304734868
KL,Kerala,277,Kollam,4410,Anchal VFPCK APMC,8.94002740111638,76.92168780562099
KL,Kerala,277,Kollam,4578,Channapetta VFPCK APMC,8.967933282024735,76.75939414387211
KL,Kerala,277,Kollam,4580,Chathannoore VFPCK APMC,9.2355060824649,76.35409440694457
KL,Kerala,277,Kollam,2670,Chathanoor APMC,8.79710748987416,76.67443080250148
KL,Kerala,277,Kollam,4311,Chengamanad  VFPCK APMC,8.915721065156523,76.54072177242685
KL,Kerala,277,Kollam,4577,Edamon VFPCK APMC,8.96950699816013,76.8775524115484
KL,Kerala,277,Kollam,4310,Elamad  VFPCK APMC,8.65441865001335,76.468763617052
KL,Kerala,277,Kollam,4570,Inchakkad VFPCK APMC,9.052440022773592,76.78092715732943
KL,Kerala,277,Kollam,4313,Kadakkal  VFPCK APMC,8.746211696987967,76.74629932445231
KL,Kerala,277,Kollam,4573,Kalluvathukkal VFPCK APMC,9.283559634823309,76.54112316187586
KL,Kerala,277,Kollam,4576,Keralapuram VFPCK APMC,8.507133964487698,76.60900490956489
KL,Kerala,277,Kollam,131,Kollam APMC,8.864260720166305,76.55041412829969
KL,Kerala,277,Kollam,2668,Kottarakkara APMC,9.00300884444406,76.84011611734202
KL,Kerala,277,Kollam,4571,Kulathoopuzha VFPCK APMC,9.086789290893385,76.38592881615976
KL,Kerala,277,Kollam,4308,Nedumpaikulam  VFPCK APMC,8.837267549592198,76.33221588222227
KL,Kerala,277,Kollam,4312,Nedumpana  VFPCK APMC,9.052295566095111,76.56211648430974
KL,Kerala,277,Kollam,4309,Neduvathoor  VFPCK APMC,9.0606705747211,76.43459809599034
KL,Kerala,277,Kollam,4574,Pattazhy North VFPCK APMC,8.89012233537365,76.68165997247584
KL,Kerala,277,Kollam,4575,Piravanthoor VFPCK APMC,9.020370334586206,76.89250796324569
KL,Kerala,277,Kollam,4579,Plappally VFPCK APMC,8.65902720920155,76.49616183859689
KL,Kerala,277,Kollam,2014,Punalur APMC,9.062226738886855,76.90349865877373
KL,Kerala,277,Kollam,4411,Punalur VFPCK APMC,8.97906160579924,76.82337853453537
KL,Kerala,277,Kollam,4569,Puthur VFPCK APMC,9.033008119229626,76.87192461871943
KL,Kerala,277,Kollam,2006,Sasthamkotta APMC,9.143748251684348,76.75677774176492
KL,Kerala,277,Kollam,4409,Sasthamkotta VFPCK APMC,9.006590642642724,76.5463245044233
KL,Kerala,277,Kollam,4306,Sooranad  VFPCK APMC,9.049810976185228,76.54303854955427
KL,Kerala,277,Kollam,4572,Thalavoor VFPCK APMC,9.021412344692276,76.31356109476691
KL,Kerala,277,Kollam,4314,Valakom  VFPCK APMC,8.685778909119175,76.64132456164722
KL,Kerala,277,Kollam,4307,Veliyam  VFPCK APMC,8.775831613990478,76.80866093538299
KL,Kerala,278,Kottayam,4335,Adithyapuram  VFPCK APMC,9.607812697369058,76.75300683551235
KL,Kerala,278,Kottayam,2674,Athirampuzha APMC,9.659164050555697,76.61176470898361
KL,Kerala,278,Kottayam,4593,Athirampuzha VFPCK APMC,9.38284910185845,76.27965471421528
KL,Kerala,278,Kottayam,4333,Avarma  VFPCK APMC,9.882871595745755,76.32403958968914
KL,Kerala,278,Kottayam,4594,Aymanam VFPCK APMC,9.76831804693783,76.14581888015205
KL,Kerala,278,Kottayam,4595,Bharananganam APMC,9.750052472229624,76.769400089363
KL,Kerala,278,Kottayam,2020,Ettumanoor APMC,9.715637069511983,76.42701950963749
KL,Kerala,278,Kottayam,4596,Ettumanoor VFPCK APMC,9.657948637635224,76.52607608181417
KL,Kerala,278,Kottayam,4598,Kaithepalam VFPCK APMC,9.413954302018366,76.77169235978995
KL,Kerala,278,Kottayam,2021,Kanjirappally APMC,9.510697801243456,76.78786966560058
KL,Kerala,278,Kottayam,4328,Kattampak  VFPCK APMC,10.02922438049442,76.80451680122276
KL,Kerala,278,Kottayam,132,Kottayam APMC,9.486127677307104,76.55157253518561
KL,Kerala,278,Kottayam,4597,Ks Mangalam VFPCK APMC,9.824742153853396,76.44122829361153
KL,Kerala,278,Kottayam,4599,Kurichy VFPCK APMC,9.551714911417546,76.71627476800339
KL,Kerala,278,Kottayam,4329,Kuriem  VFPCK APMC,10.207993180621528,76.35728993659677
KL,Kerala,278,Kottayam,1973,Kuruppanthura APMC,9.820446614346213,76.46272208744132
KL,Kerala,278,Kottayam,4334,Mannackanad  VFPCK APMC,9.277286234375392,76.52058028357753
KL,Kerala,278,Kottayam,4332,Mutholy  VFPCK APMC,9.40497679341766,76.47018141474378
KL,Kerala,278,Kottayam,4600,Neezhoor VFPCK APMC,9.646782735830563,76.92127666160384
KL,Kerala,278,Kottayam,2022,Pala APMC,9.721010810528819,76.73710120089622
KL,Kerala,278,Kottayam,2019,Pampady APMC,9.618866071215404,76.7243623032946
KL,Kerala,278,Kottayam,4601,Parathode VFPCK APMC,9.510081443736865,76.92281720387787
KL,Kerala,278,Kottayam,4602,Ramapuram VFPCK APMC,9.83511643893648,76.55118045446919
KL,Kerala,278,Kottayam,2675,Thalayolaparambu APMC,9.733558469657174,76.47844351539402
KL,Kerala,278,Kottayam,4336,Thottuva  VFPCK APMC,10.013529201743934,76.72384858927994
KL,Kerala,278,Kottayam,4330,Thrikkodithanam  VFPCK APMC,9.785469803388164,76.46572968924676
KL,Kerala,278,Kottayam,4603,Vakathanam VFPCK APMC,9.167539844427711,76.48063319697829
KL,Kerala,278,Kottayam,4331,Vayala  VFPCK APMC,10.02339672227954,76.63952733608821
KL,Kerala,278,Kottayam,4337,Vempally  VFPCK APMC,9.91152409217581,76.73709935632701
KL,Kerala,279,Kozhikode(Calicut),4633,Kakkur VFPCK APMC,11.185593658271769,75.92494355891202
KL,Kerala,279,Kozhikode(Calicut),1979,Kallachi APMC,11.098297982795689,75.84365826292904
KL,Kerala,279,Kozhikode(Calicut),4379,Keezhparamba  VFPCK APMC,11.173568161928983,75.8177221120824
KL,Kerala,279,Kozhikode(Calicut),4638,Kodenchery VFPCK APMC,11.123674553501598,75.70111523961576
KL,Kerala,279,Kozhikode(Calicut),4634,Kodiyathur VFPCK APMC,11.205531469084582,75.81130135516729
KL,Kerala,279,Kozhikode(Calicut),4635,Koodaranji VFPCK APMC,11.400513654112737,76.08749529042991
KL,Kerala,279,Kozhikode(Calicut),4378,Kunnamangalam  VFPCK APMC,11.24412005712091,75.72961907912612
KL,Kerala,279,Kozhikode(Calicut),4377,Mavoor  VFPCK APMC,11.248662236840033,75.92083938659692
KL,Kerala,279,Kozhikode(Calicut),4375,Mukkam  VFPCK APMC,11.280059121426888,76.04308462041618
KL,Kerala,279,Kozhikode(Calicut),2690,Mukkom APMC,11.360047709572154,76.06433935349564
KL,Kerala,279,Kozhikode(Calicut),515,Palayam APMC,11.288709593739343,75.87957570288854
KL,Kerala,279,Kozhikode(Calicut),2689,Perambra APMC,11.24224004202172,75.8390382578085
KL,Kerala,279,Kozhikode(Calicut),2691,Quilandy APMC,11.116293619343498,75.80465719496263
KL,Kerala,279,Kozhikode(Calicut),4636,Thalakulathur VFPCK APMC,11.445951624410208,75.88582278974323
KL,Kerala,279,Kozhikode(Calicut),2692,Thamarassery APMC,11.375177632791003,76.02984264087516
KL,Kerala,279,Kozhikode(Calicut),4637,Thiruvambady VFPCK APMC,11.32986307208414,76.04568574263754
KL,Kerala,279,Kozhikode(Calicut),4376,Vellannur  VFPCK APMC,11.153708466755576,75.82343681002527
KL,Kerala,279,Kozhikode(Calicut),124,Vengeri(Kozhikode) APMC,11.137401032617062,75.9729258512088
KL,Kerala,280,Malappuram,4639,Angadippuram VFPCK APMC,10.96484125795335,75.89758747243974
KL,Kerala,280,Malappuram,4640,Athanikkal VFPCK APMC,10.896154659453057,76.21813134644155
KL,Kerala,280,Malappuram,4641,Chungathara VFPCK APMC,10.923241885085211,76.10971620052635
KL,Kerala,280,Malappuram,4647,Elamkulam VFPCK APMC,10.940896547286933,76.00838239832736
KL,Kerala,280,Malappuram,4373,Elamkur  VFPCK APMC,11.199996086257801,76.07700736236255
KL,Kerala,280,Malappuram,4648,Kalikavu VFPCK APMC,11.09230281544694,76.3973633338437
KL,Kerala,280,Malappuram,4372,Kannamangalam  VFPCK APMC,11.388272716933322,76.11486955427971
KL,Kerala,280,Malappuram,4370,Kodakkad  VFPCK APMC,11.10941240431795,75.99031527125241
KL,Kerala,280,Malappuram,2687,Kondotty APMC,11.123216490612771,75.95570871461244
KL,Kerala,280,Malappuram,4642,Koorad Wandoor VFPCK APMC,11.203248197001127,76.19871151925138
KL,Kerala,280,Malappuram,1977,Kottakkal APMC,10.954917773003928,76.12851582294915
KL,Kerala,280,Malappuram,134,Manjeri APMC,11.077739095776485,76.07040412821783
KL,Kerala,280,Malappuram,4643,Mankada VFPCK APMC,11.07143065741246,76.20472905586962
KL,Kerala,280,Malappuram,4374,Moothedam  VFPCK APMC,11.08868171361968,75.99434657130203
KL,Kerala,280,Malappuram,4368,Othayi  VFPCK APMC,11.154610050942598,75.92564358621101
KL,Kerala,280,Malappuram,4644,Pallikkal VFPCK APMC,11.161957805954826,76.13272651120549
KL,Kerala,280,Malappuram,2685,Parappanangadi APMC,10.983737558225073,75.89315535106125
KL,Kerala,280,Malappuram,4412,Parappanangadi VFPCK APMC,10.785742310396635,75.7150718043077
KL,Kerala,280,Malappuram,2684,Perinthalmanna APMC,11.003537632078377,76.22935611739595
KL,Kerala,280,Malappuram,4371,Thalappara  VFPCK APMC,10.843393450753476,75.96455975363881
KL,Kerala,280,Malappuram,2686,Thirurrangadi APMC,11.082281379741865,75.8982208271193
KL,Kerala,280,Malappuram,4369,Thiruvali  VFPCK APMC,11.410399165089405,76.04651602811597
KL,Kerala,280,Malappuram,4645,Thiruvali VFPCK APMC,10.795614045320123,76.02244756985823
KL,Kerala,280,Malappuram,4646,Vazhayur VFPCK APMC,11.06455728179737,76.36696730898036
KL,Kerala,281,Palakad,4627,Agali VFPCK APMC,9.775811470715695,76.70486238623383
KL,Kerala,281,Palakad,2029,Alathur APMC,10.60542755042619,76.51153658009484
KL,Kerala,281,Palakad,4365,Alenellur  VFPCK APMC,9.628313899482349,76.71112168793901
KL,Kerala,281,Palakad,3387,Elevancheri VFPCK APMC,10.149728290513526,76.83772997247846
KL,Kerala,281,Palakad,4363,Kadambazhi puram  VFPCK APMC,9.926818731001376,76.82772589027908
KL,Kerala,281,Palakad,4628,Karimpuzha VFPCK APMC,9.66191724677229,76.42324954719759
KL,Kerala,281,Palakad,3766,Kizhakkancheri VFPCK APMC,9.81611189176552,76.82563622145713
KL,Kerala,281,Palakad,136,Koduvayoor APMC,10.65358937018151,76.62965414832202
KL,Kerala,281,Palakad,2028,Kollengode APMC,10.552361285181451,76.66853008751423
KL,Kerala,281,Palakad,4629,Kollengode VFPCK APMC,9.91405179180894,76.53834972227331
KL,Kerala,281,Palakad,4630,Kottayi VFPCK APMC,9.440854205882532,76.95116520057172
KL,Kerala,281,Palakad,3765,Malampuzha VFPCK APMC,9.343779499067981,76.55036361071956
KL,Kerala,281,Palakad,4631,Moochamkundu VFPCK APMC,9.393269532616495,76.80459566816359
KL,Kerala,281,Palakad,135,Palakkad APMC,10.78633531829947,76.7088135502129
KL,Kerala,281,Palakad,3390,Palayamangalam APMC,10.660856641310238,76.51891646008949
KL,Kerala,281,Palakad,4367,Paliyamangalam  VFPCK APMC,9.65583803188129,76.58994022257035
KL,Kerala,281,Palakad,2177,Pattambi APMC,10.761029426108776,76.25123329792456
KL,Kerala,281,Palakad,4632,Perumatty VFPCK APMC,9.83695294385057,76.62505624496723
KL,Kerala,281,Palakad,4366,Puthupariyaram  VFPCK APMC,9.608477560866204,77.16529591530957
KL,Kerala,281,Palakad,4413,Vadakarapathy VFPCK APMC,9.655064602205556,76.10316979438113
KL,Kerala,281,Palakad,2683,Vadakkenchery APMC,10.593209486481658,76.5051963579126
KL,Kerala,281,Palakad,4364,Vaniyamkulam  VFPCK APMC,9.775836468454044,76.7930668182814
KL,Kerala,281,Palakad,3389,Vithinasserri VFPCK APMC,9.723479469398198,76.98396421305122
KL,Kerala,281,Palakad,2682,vadakarapathy APMC,10.806634290857334,76.94704803449557
KL,Kerala,282,Pathanamthitta,4581,Chittar  VFPCK APMC,9.160444194780334,76.98688938554949
KL,Kerala,282,Pathanamthitta,4588,Enadimangalam VFPCK APMC,9.30101104060648,76.84189019709878
KL,Kerala,282,Pathanamthitta,4319,Erath  VFPCK APMC,9.19595860050944,76.45477383377612
KL,Kerala,282,Pathanamthitta,2669,Ezhamkulam APMC,9.116074880998266,76.75541804932192
KL,Kerala,282,Pathanamthitta,4582,Ezhamkulam VFPCK APMC,9.570816370363012,76.70630700094678
KL,Kerala,282,Pathanamthitta,4321,Kalanjoor  VFPCK APMC,9.194210880972955,76.91894540699838
KL,Kerala,282,Pathanamthitta,4583,Kodumon VFPCK APMC,9.272828239660871,76.42168072067037
KL,Kerala,282,Pathanamthitta,2671,Kuttoor APMC,9.434001633863224,76.56262751468685
KL,Kerala,282,Pathanamthitta,4317,Mallappally  VFPCK APMC,9.328475760069246,76.59431951741884
KL,Kerala,282,Pathanamthitta,4315,Mezhuveli  VFPCK APMC,9.131442952816135,76.6498549273637
KL,Kerala,282,Pathanamthitta,4316,Naranganam  VFPCK APMC,9.086562334617934,76.76109225065777
KL,Kerala,282,Pathanamthitta,4584,Nedumbram VFPCK APMC,9.284224273370954,77.1105473897879
KL,Kerala,282,Pathanamthitta,3395,Omalloor APMC,9.262427317523803,76.73525156755042
KL,Kerala,282,Pathanamthitta,4318,Pallikkal  VFPCK APMC,9.066947924131357,76.7257653285912
KL,Kerala,282,Pathanamthitta,1972,Pandalam APMC,9.145507610982326,76.6723410551494
KL,Kerala,282,Pathanamthitta,4320,Pandalam Thekkekkara  VFPCK APMC,9.280070654843481,76.75732605671152
KL,Kerala,282,Pathanamthitta,4585,Pandalam VFPCK APMC,9.11643966770777,77.1757448681298
KL,Kerala,282,Pathanamthitta,514,Parakkodu APMC,9.156060531384613,76.80896825874845
KL,Kerala,282,Pathanamthitta,3377,Pramadom VFPCK APMC,8.821186211823258,76.88045717824183
KL,Kerala,282,Pathanamthitta,3767,Puramattom VFPCK APMC,9.317575810377713,76.63585487921975
KL,Kerala,282,Pathanamthitta,4586,Ranni VFPCK APMC,9.307444211108296,76.83188557966095
KL,Kerala,282,Pathanamthitta,2672,Ranniangadi APMC,9.323272342793855,77.14990932260586
KL,Kerala,282,Pathanamthitta,4322,Seethathode  VFPCK APMC,9.095691981695515,76.65893023602074
KL,Kerala,282,Pathanamthitta,4587,Thengamam VFPCK APMC,9.201367189031771,77.01071357611163
KL,Kerala,283,Thirssur,4357,Alengad  VFPCK APMC,10.485891720832281,76.31890435159183
KL,Kerala,283,Thirssur,4355,Amballur  VFPCK APMC,10.498497308768915,76.17240538847541
KL,Kerala,283,Thirssur,4353,Annamanada  VFPCK APMC,10.920609323416532,76.52990894401741
KL,Kerala,283,Thirssur,2024,Chalakudy APMC,10.297351071602339,76.39951837215997
KL,Kerala,283,Thirssur,2026,Chavakkad APMC,10.54743074445125,76.05511615125474
KL,Kerala,283,Thirssur,4616,Chazhur VFPCK APMC,10.244192976378764,75.97485390274247
KL,Kerala,283,Thirssur,1974,Chelakkara APMC,10.694148143908288,76.35316989470167
KL,Kerala,283,Thirssur,4617,Chelakkara VFPCK APMC,10.382955195073798,76.50647318730952
KL,Kerala,283,Thirssur,4356,Elanad  VFPCK APMC,10.742570108910394,76.05155427514686
KL,Kerala,283,Thirssur,2025,Irinjalakkuda APMC,10.343492057595865,76.24644405579312
KL,Kerala,283,Thirssur,4619,Kadukutty VFPCK APMC,10.784565626170851,76.19847041153464
KL,Kerala,283,Thirssur,4618,Karalam VFPCK APMC,10.473770950724088,76.56399709186944
KL,Kerala,283,Thirssur,3768,Karuvannur VFPCK APMC,10.616997435687438,76.00758807182407
KL,Kerala,283,Thirssur,4620,Kodassery VFPCK APMC,10.634195489118326,76.31400558471776
KL,Kerala,283,Thirssur,140,Kodungalloor APMC,10.177782678860446,76.13814171392079
KL,Kerala,283,Thirssur,4360,Kuzhur  VFPCK APMC,10.527735364257621,76.12818802004767
KL,Kerala,283,Thirssur,4621,Mala VFPCK APMC,10.56550173739259,76.14133687100549
KL,Kerala,283,Thirssur,4362,Marottichal  VFPCK APMC,10.359788577550386,75.75040391972911
KL,Kerala,283,Thirssur,3386,Mattathur VFPCK APMC,10.540818650774956,76.01745918653124
KL,Kerala,283,Thirssur,4622,Melocr VFPCK APMC,10.851021246138849,76.1884562713212
KL,Kerala,283,Thirssur,4623,Mundathikode VFPCK APMC,10.716275929472923,76.07483059082885
KL,Kerala,283,Thirssur,4361,Muriyad  VFPCK APMC,10.57308093468051,76.21683112975215
KL,Kerala,283,Thirssur,4354,Nooluvally  VFPCK APMC,10.878364310514048,76.46311330430525
KL,Kerala,283,Thirssur,4624,Pananchery VFPCK APMC,10.51476436312467,76.40307296234204
KL,Kerala,283,Thirssur,3384,Pariyaram VFPCK APMC,10.616479817051978,76.47562736313998
KL,Kerala,283,Thirssur,3385,Pazhayannur VFPCK APMC,10.704347043702697,75.88331720221959
KL,Kerala,283,Thirssur,4359,Puthur  VFPCK APMC,10.422286353134757,76.20117313775548
KL,Kerala,283,Thirssur,4625,Thottippal VFPCK APMC,10.712954227878727,75.9747006127188
KL,Kerala,283,Thirssur,139,Thrissur APMC,10.578440549150379,76.2374885385232
KL,Kerala,283,Thirssur,4358,Varandarappilly  VFPCK APMC,10.381948910856414,76.31316275724491
KL,Kerala,283,Thirssur,4626,Veloorkkara VFPCK APMC,10.347272430842137,75.980091956582
KL,Kerala,283,Thirssur,2027,Wadakkanchery APMC,10.713825656997372,76.23627432650981
KL,Kerala,284,Thiruvananthapuram,1080,Anyara(EEC) APMC,8.623017220876358,76.93950781535335
KL,Kerala,284,Thiruvananthapuram,2008,Aralamoodu APMC,8.363625147591364,77.13860744443669
KL,Kerala,284,Thiruvananthapuram,4561,Aryanad VFPCK APMC,9.00603843646988,76.88859522210971
KL,Kerala,284,Thiruvananthapuram,4562,Athiyannur VFPCK APMC,8.11813801447268,77.21435445185988
KL,Kerala,284,Thiruvananthapuram,2012,Attingal APMC,8.729449596050985,76.86194888619272
KL,Kerala,284,Thiruvananthapuram,4297,Balaramapuram  VFPCK APMC,8.69998115146888,76.56668013031513
KL,Kerala,284,Thiruvananthapuram,4240,Balarampuram APMC,8.375738502097185,76.97104014948053
KL,Kerala,284,Thiruvananthapuram,2693,Chala APMC,8.50198924619053,77.01305983815567
KL,Kerala,284,Thiruvananthapuram,4300,Chenkal  VFPCK APMC,8.29660282753231,77.11713433575946
KL,Kerala,284,Thiruvananthapuram,4303,Kallara  VFPCK APMC,8.44106248202043,77.45866712887735
KL,Kerala,284,Thiruvananthapuram,1970,Kattakada APMC,8.520068464546945,77.20851567408346
KL,Kerala,284,Thiruvananthapuram,4304,Kattakkada  VFPCK APMC,7.954689489197147,76.67428614355246
KL,Kerala,284,Thiruvananthapuram,4563,Kilmannur VFPCK APMC,8.719854897252329,76.95253828949384
KL,Kerala,284,Thiruvananthapuram,4299,Kollayil  VFPCK APMC,8.693524233624634,77.00585412865964
KL,Kerala,284,Thiruvananthapuram,4301,Kovilnada  VFPCK APMC,8.40248611313947,76.51364183138533
KL,Kerala,284,Thiruvananthapuram,3375,Kunnathukkal VFPCK APMC,8.399232181541281,76.71665202261275
KL,Kerala,284,Thiruvananthapuram,3376,Maranelloor VFPCK APMC,8.138740684971179,77.28964677343022
KL,Kerala,284,Thiruvananthapuram,4564,Mudakkal VFPCK APMC,8.472474623220661,77.07327217498329
KL,Kerala,284,Thiruvananthapuram,4565,Mylachal VFPCK APMC,8.407390589403427,77.08784911129678
KL,Kerala,284,Thiruvananthapuram,138,Nedumangadu APMC,8.704034449108017,77.10226462251404
KL,Kerala,284,Thiruvananthapuram,2011,Neyyatinkara APMC,8.2612296465819,77.04919205186165
KL,Kerala,284,Thiruvananthapuram,4298,Neyyattinkara  VFPCK APMC,8.74333682938145,77.03512088705364
KL,Kerala,284,Thiruvananthapuram,4566,Pappanchani VFPCK APMC,8.412872569414636,76.62272565862828
KL,Kerala,284,Thiruvananthapuram,2010,Parassala APMC,8.39108066598625,77.12167002783889
KL,Kerala,284,Thiruvananthapuram,4414,Parassala VFPCK APMC,8.477231274161728,76.87858119291344
KL,Kerala,284,Thiruvananthapuram,2009,Pothencode APMC,8.668981040502315,76.95266987605186
KL,Kerala,284,Thiruvananthapuram,137,Thiruvananthapuram APMC,8.472095520663226,76.91628746234517
KL,Kerala,284,Thiruvananthapuram,2036,Vamanapuram APMC,8.684022957164562,76.90433443822718
KL,Kerala,284,Thiruvananthapuram,4567,Vellanad VFPCK APMC,8.500361456927255,77.27307801338247
KL,Kerala,284,Thiruvananthapuram,4305,Vellarada  VFPCK APMC,8.35605848022103,77.0421754921439
KL,Kerala,284,Thiruvananthapuram,4568,Vembayam VFPCK APMC,8.906939031612513,76.71361533300082
KL,Kerala,284,Thiruvananthapuram,4302,Vengannore  VFPCK APMC,8.404492388142353,77.00970938228942
KL,Kerala,285,Wayanad,4649,Cheeral VFPCK APMC,11.454848534955934,76.17399005418154
KL,Kerala,285,Wayanad,142,Kalpetta APMC,11.585634350727005,76.08076185567528
KL,Kerala,285,Wayanad,2033,Manathavady APMC,11.96697449166461,76.01922242912191
KL,Kerala,285,Wayanad,4650,Muttil VFPCK APMC,11.771924254845818,76.43172285915092
KL,Kerala,285,Wayanad,4381,Neervaram  VFPCK APMC,11.971886771352388,75.66079735044849
KL,Kerala,285,Wayanad,4380,Padinjarathara  VFPCK APMC,11.3980555196627,76.12390167593284
KL,Kerala,285,Wayanad,4651,Peria VFPCK APMC,11.799091721522053,76.44369980802597
KL,Kerala,285,Wayanad,4652,Poothadi VFPCK APMC,11.669912146511637,75.71519976287473
KL,Kerala,285,Wayanad,1976,Pulpally APMC,11.815551871025779,76.03109716798
KL,Kerala,285,Wayanad,141,Sultan bathery APMC,11.759960237967922,76.33190027147786
KL,Kerala,285,Wayanad,4382,Sulthanbathery  VFPCK APMC,11.542812279546016,76.25955189667562
KL,Kerala,285,Wayanad,4653,Thariyode VFPCK APMC,11.603325653815297,76.19737132726911
KL,Kerala,285,Wayanad,4654,Thavinjal VFPCK APMC,11.87564312221245,75.59977086691252
KL,Kerala,285,Wayanad,4383,Thondernad  VFPCK APMC,11.65157459439577,76.30635454991999
KL,Kerala,285,Wayanad,4655,Vengapally VFPCK APMC,11.40512405347821,76.32875331946535
LD,Lakshadweep,286,Kavaratti,143,Kavaratti APMC,10.552387964383563,72.64110185208003
MP,Madhya Pradesh,287,Agar Malwa,4417,Agar(F&V) APMC,23.57916796989937,76.1409547094649
MP,Madhya Pradesh,287,Agar Malwa,4427,Badod(F&V) APMC,23.757820122702,75.82257395450507
MP,Madhya Pradesh,287,Agar Malwa,4512,Nalkheda(F&V) APMC,23.91228000956821,76.1513803091917
MP,Madhya Pradesh,287,Agar Malwa,4550,Soyatkalan(F&V) APMC,23.668742594058937,76.09002227600581
MP,Madhya Pradesh,287,Agar Malwa,4551,Susner(F&V) APMC,24.06343565869378,76.0620505735357
MP,Madhya Pradesh,288,Alirajpur,1228,Alirajpur APMC,22.26926114748336,74.35919376916712
MP,Madhya Pradesh,288,Alirajpur,3049,Alirajpur(F&V) APMC,22.303530222906403,74.11929570475566
MP,Madhya Pradesh,288,Alirajpur,4424,Anuppur(F&V) APMC,22.728466676256843,75.77447527270321
MP,Madhya Pradesh,288,Alirajpur,2356,Jobat APMC,22.377480309436073,74.62142456642134
MP,Madhya Pradesh,288,Alirajpur,4472,Jobat(F&V) APMC,22.396399717696777,74.55128897911133
MP,Madhya Pradesh,289,Anupur,2729,Anuppur APMC,23.076043985130642,81.72096468203144
MP,Madhya Pradesh,289,Anupur,3009,Jaithari APMC,22.983713059216402,81.59974054448887
MP,Madhya Pradesh,289,Anupur,3010,Kotma APMC,23.15576023184739,81.97828072204315
MP,Madhya Pradesh,290,Ashoknagar,177,Ashoknagar APMC,24.659515198392327,77.93781548753793
MP,Madhya Pradesh,290,Ashoknagar,3061,Ashoknagar(F&V) APMC,24.759575847433567,78.15142822685763
MP,Madhya Pradesh,290,Ashoknagar,3666,Chanderi APMC,24.733662927715073,78.28075755966884
MP,Madhya Pradesh,290,Ashoknagar,2655,Isagarh APMC,24.81484503416591,77.85257475914818
MP,Madhya Pradesh,290,Ashoknagar,2262,Mungawali APMC,24.379566818242978,78.1511780341293
MP,Madhya Pradesh,290,Ashoknagar,4510,Mungawali(F&V) APMC,24.422756866748735,78.0397552510528
MP,Madhya Pradesh,290,Ashoknagar,2999,Piprai APMC,24.412077148182576,77.92259148677698
MP,Madhya Pradesh,290,Ashoknagar,2664,Shadora APMC,24.699553178027887,77.45817400019311
MP,Madhya Pradesh,291,Badwani,2324,Anjad APMC,22.069793603842243,75.15042805513792
MP,Madhya Pradesh,291,Badwani,4423,Anjad(F&V) APMC,22.02689956641669,75.20460497676353
MP,Madhya Pradesh,291,Badwani,2119,Badwani APMC,21.57135518218964,74.93984731084797
MP,Madhya Pradesh,291,Badwani,4429,Badwani(F&V) APMC,21.468217075221016,75.15479911238656
MP,Madhya Pradesh,291,Badwani,2648,Balwadi APMC,21.43931488222398,75.2430961924872
MP,Madhya Pradesh,291,Badwani,2317,Khetia APMC,21.768817925273318,74.62135706445429
MP,Madhya Pradesh,291,Badwani,4486,Khetiya(F&V) APMC,21.52615671251268,75.16819177747266
MP,Madhya Pradesh,291,Badwani,1091,Sendhwa APMC,21.694343028535013,75.19383215066756
MP,Madhya Pradesh,291,Badwani,4539,Sendhwa(F&amp;V) APMC,24.269795414785275,77.31251810127307
MP,Madhya Pradesh,292,Balaghat,1082,Balaghat APMC,21.864034857181974,80.26313400983996
MP,Madhya Pradesh,292,Balaghat,3074,Balaghat(F&V) APMC,22.069704631179814,80.07392910974274
MP,Madhya Pradesh,292,Balaghat,2125,Katangi APMC,21.73168145756229,79.776435042746
MP,Madhya Pradesh,292,Balaghat,4479,Katangi(F&amp;V) APMC,21.696423946076518,80.27420492524882
MP,Madhya Pradesh,292,Balaghat,3788,Khairlangi APMC,21.52986075839795,79.47935526104845
MP,Madhya Pradesh,292,Balaghat,4482,Khairlanji(F&V) APMC,22.27424853048157,80.47198823655616
MP,Madhya Pradesh,292,Balaghat,3003,Lalbarra APMC,21.959120850807643,80.06121791641422
MP,Madhya Pradesh,292,Balaghat,4494,Lalbarra(F&V) APMC,22.019397805512323,80.11621581454328
MP,Madhya Pradesh,292,Balaghat,3004,Mohgaon APMC,22.24759072240585,80.21278371411165
MP,Madhya Pradesh,292,Balaghat,4507,Mohgaon(F&V) APMC,21.566303195660197,79.9040442208129
MP,Madhya Pradesh,292,Balaghat,4521,Paraswada(F&V) APMC,22.2423095355115,80.44434831372219
MP,Madhya Pradesh,292,Balaghat,3005,Praswada APMC,21.666978324451723,80.4845695004175
MP,Madhya Pradesh,292,Balaghat,2100,Varaseoni APMC,21.651365180735905,80.08004511274173
MP,Madhya Pradesh,292,Balaghat,4559,Varasivni(F&V) APMC,21.700858602382286,80.60272271489258
MP,Madhya Pradesh,293,Betul,531,Betul APMC,21.833096091777957,77.93432076747055
MP,Madhya Pradesh,293,Betul,4438,Betul(F&V) APMC,21.874505045413475,77.96247928915872
MP,Madhya Pradesh,293,Betul,4439,Bhaisdehi(F&V) APMC,21.62157667138426,77.69186580158916
MP,Madhya Pradesh,293,Betul,2665,Bhensdehi APMC,21.852152654993436,77.95203689212335
MP,Madhya Pradesh,293,Betul,1226,Multai APMC,21.720540646382908,78.24611197303157
MP,Madhya Pradesh,293,Betul,4509,Multai(F&V) APMC,21.55036118371454,78.01215873013575
MP,Madhya Pradesh,294,Bhind,2645,Alampur APMC,26.55855294600621,78.55388527447641
MP,Madhya Pradesh,294,Bhind,4419,Alampur(F&V) APMC,26.263062365414132,78.2911894816334
MP,Madhya Pradesh,294,Bhind,532,Bhind APMC,26.48777688545566,78.74408529093462
MP,Madhya Pradesh,294,Bhind,3063,Bhind(F&V) APMC,26.434420332342707,78.49047580927102
MP,Madhya Pradesh,294,Bhind,1238,Gohad APMC,26.464658539463812,78.45781916568659
MP,Madhya Pradesh,294,Bhind,4460,Gohad(F&V) APMC,26.434245528177144,78.42710458411291
MP,Madhya Pradesh,294,Bhind,2363,Lahar APMC,26.035041192787357,78.92263128816126
MP,Madhya Pradesh,294,Bhind,4492,Lahar(F&V) APMC,26.211685195345297,78.8990016242454
MP,Madhya Pradesh,294,Bhind,3001,Mehgaon APMC,26.3727496618784,78.61778871862586
MP,Madhya Pradesh,294,Bhind,4505,Mehgaon(F&V) APMC,26.466188072107897,78.6606066532102
MP,Madhya Pradesh,294,Bhind,2660,Mow APMC,21.78563277764679,79.03349316652836
MP,Madhya Pradesh,295,Bhopal,1088,Berasia APMC,23.6229417458333,77.4241490908937
MP,Madhya Pradesh,295,Bhopal,172,Bhopal APMC,23.253353344446307,77.48201111572008
MP,Madhya Pradesh,295,Bhopal,173,Bhopal(F&V) APMC,23.254230281931545,77.36632565956678
MP,Madhya Pradesh,296,Burhanpur,811,Burhanpur APMC,21.302709169905334,76.26898432152178
MP,Madhya Pradesh,296,Burhanpur,3052,Burhanpur(F&V) APMC,21.481836236068062,76.17396711833115
MP,Madhya Pradesh,297,Chhatarpur,2110,Badamalhera APMC,24.394381501821353,79.08247614193843
MP,Madhya Pradesh,297,Chhatarpur,3780,Bakswaha APMC,24.723029026904133,79.32268019030579
MP,Madhya Pradesh,297,Chhatarpur,3779,Bijawar APMC,24.66840781449069,79.62412911788878
MP,Madhya Pradesh,297,Chhatarpur,4445,Chattarpur(F&V) APMC,24.78304643693777,80.02015170658817
MP,Madhya Pradesh,297,Chhatarpur,789,Chhatarpur APMC,24.860985256757424,79.45540833975403
MP,Madhya Pradesh,297,Chhatarpur,2319,Harpalpur APMC,25.22598443441861,79.43316517599048
MP,Madhya Pradesh,297,Chhatarpur,1243,LavKush Nagar(Laundi) APMC,24.897785691001836,79.53531004195767
MP,Madhya Pradesh,297,Chhatarpur,3781,Naugaon APMC,24.77110850311356,79.52608467089586
MP,Madhya Pradesh,297,Chhatarpur,2352,Rajnagar APMC,24.746997907613757,79.87800327322311
MP,Madhya Pradesh,298,Chhindwara,3789,Amarwda APMC,22.348758958679397,79.16764717690224
MP,Madhya Pradesh,298,Chhindwara,1245,Chaurai APMC,22.030249917369463,79.31170571013108
MP,Madhya Pradesh,298,Chhindwara,517,Chhindwara APMC,22.17237105853757,78.8658325728958
MP,Madhya Pradesh,298,Chhindwara,3075,Chhindwara(F&V) APMC,22.248420845612205,78.56783121076113
MP,Madhya Pradesh,298,Chhindwara,4447,Chindwara(F&V) APMC,22.23427452669029,78.6162615675309
MP,Madhya Pradesh,298,Chhindwara,4448,Chourai(F&V) APMC,22.01465030943489,79.23385295439905
MP,Madhya Pradesh,298,Chhindwara,2075,Pandhurna APMC,21.52704393775234,78.50142281231818
MP,Madhya Pradesh,298,Chhindwara,3076,Pandhurna(F&V) APMC,22.132087058447723,78.81860598305835
MP,Madhya Pradesh,298,Chhindwara,3077,Saunsar (F&V) APMC,17.790475694672914,83.260474291498
MP,Madhya Pradesh,298,Chhindwara,2089,Saunsar APMC,21.663296824409088,78.8052026201284
MP,Madhya Pradesh,298,Chhindwara,4549,Sounsar(F&V) APMC,22.22549795411478,78.78284666327825
MP,Madhya Pradesh,299,Damoh,541,Damoh APMC,23.82828770832408,79.49367828717355
MP,Madhya Pradesh,299,Damoh,3068,Damoh(F&V) APMC,23.84077359478627,79.44684213364023
MP,Madhya Pradesh,299,Damoh,2344,Hata APMC,23.39039948660534,79.42121199699561
MP,Madhya Pradesh,299,Damoh,2126,Javera APMC,23.72068408900336,79.72153414882744
MP,Madhya Pradesh,299,Damoh,1242,Patharia APMC,23.85911262359082,79.13383582854634
MP,Madhya Pradesh,300,Datia,2649,Bhander APMC,25.866247963132267,78.67303770779245
MP,Madhya Pradesh,300,Datia,4440,Bhander(F&V) APMC,25.830257843046965,78.7142256329304
MP,Madhya Pradesh,300,Datia,542,Datia APMC,25.98086158904958,78.69911330436112
MP,Madhya Pradesh,300,Datia,4450,Datia(F&V) APMC,25.682012098454678,78.45326948109165
MP,Madhya Pradesh,300,Datia,2368,Sevda APMC,25.942821226326213,78.50648821426928
MP,Madhya Pradesh,301,Dewas,2728,Bagli APMC,22.656047222088244,76.33511335163688
MP,Madhya Pradesh,301,Dewas,174,Dewas APMC,23.01924172795289,76.09149022971921
MP,Madhya Pradesh,301,Dewas,3054,Dewas(F&V) APMC,22.946022826219647,75.40739227383182
MP,Madhya Pradesh,301,Dewas,2345,Haatpipliya APMC,22.7948552788664,76.31072659516255
MP,Madhya Pradesh,301,Dewas,4463,Hatpiplya(F&V) APMC,22.876767036600324,76.40874646023315
MP,Madhya Pradesh,301,Dewas,2101,Kannod APMC,22.646079661110598,76.73804978206743
MP,Madhya Pradesh,301,Dewas,4476,Kannod(F&V) APMC,22.711828615245494,76.80405149735056
MP,Madhya Pradesh,301,Dewas,1233,Khategaon APMC,22.642921439465024,76.96662372165254
MP,Madhya Pradesh,301,Dewas,4485,Khategaon(F&V) APMC,22.721915765641786,76.82818887116187
MP,Madhya Pradesh,301,Dewas,2320,Loharda APMC,22.698895556766093,76.65056754018157
MP,Madhya Pradesh,301,Dewas,4495,Loharda(F&V) APMC,22.78558101482644,76.85565923808086
MP,Madhya Pradesh,301,Dewas,4548,Sonkachh(F&V) APMC,22.705212045073786,76.83291729503196
MP,Madhya Pradesh,301,Dewas,1234,Sonkatch APMC,22.95724545759247,76.3469755473965
MP,Madhya Pradesh,302,Dhar,2076,Badnawar APMC,22.87388467116035,75.25754159339448
MP,Madhya Pradesh,302,Dhar,3048,Badnawar(F&V) APMC,22.82078589663434,75.2702274905897
MP,Madhya Pradesh,302,Dhar,1083,Dhamnod APMC,22.156687977693412,75.44797569989242
MP,Madhya Pradesh,302,Dhar,4452,Dhamnod(F&V) APMC,23.54571169978362,77.61377945031501
MP,Madhya Pradesh,302,Dhar,518,Dhar APMC,22.46662012934337,75.31633045847123
MP,Madhya Pradesh,302,Dhar,3047,Dhar(F&V) APMC,17.765113796761238,83.27771627092896
MP,Madhya Pradesh,302,Dhar,2657,Gandhwani APMC,22.317912409342423,74.96048491354894
MP,Madhya Pradesh,302,Dhar,1227,Kukshi APMC,22.33472223626524,74.80697524269398
MP,Madhya Pradesh,302,Dhar,4491,Kukshi(F&V) APMC,22.60430291415896,74.83960273077702
MP,Madhya Pradesh,302,Dhar,2087,Manawar APMC,22.267926752596548,75.17702425242413
MP,Madhya Pradesh,302,Dhar,4503,Manawar(F&V) APMC,22.358461060611386,75.13223958818898
MP,Madhya Pradesh,302,Dhar,2318,Rajgarh APMC,22.729026879073036,74.94498688813306
MP,Madhya Pradesh,302,Dhar,4528,Rajgarh(F&V) APMC,22.433404675020736,74.86233782696492
MP,Madhya Pradesh,303,Dindori,1246,Dindori APMC,22.867399570778858,80.89516119499268
MP,Madhya Pradesh,303,Dindori,2358,Gorakhpur APMC,22.730110035940225,80.98937391300773
MP,Madhya Pradesh,303,Dindori,2762,Shahpura APMC,23.12813835375987,80.7012884693769
MP,Madhya Pradesh,304,Guna,4415,Aaron(F&V) APMC,24.439647458591462,77.16506850034573
MP,Madhya Pradesh,304,Guna,2099,Aron APMC,24.439893767764087,77.39008379676903
MP,Madhya Pradesh,304,Guna,2330,Binaganj APMC,24.25421025647285,77.04437903528519
MP,Madhya Pradesh,304,Guna,520,Guna APMC,24.455577222871128,77.24913024077522
MP,Madhya Pradesh,304,Guna,3060,Guna(F&V) APMC,23.690149840055483,77.92075364439627
MP,Madhya Pradesh,304,Guna,1237,Kumbhraj APMC,24.36430633375418,77.06653023312268
MP,Madhya Pradesh,304,Guna,2329,Maksudangarh APMC,24.015645177548503,77.24013105298475
MP,Madhya Pradesh,304,Guna,2659,Raghogarh APMC,24.3533491490613,77.26294029760476
MP,Madhya Pradesh,305,Gwalior,3776,Bhitarwar APMC,25.811380916849753,78.12427609576723
MP,Madhya Pradesh,305,Gwalior,178,Dabra APMC,25.892319401618305,78.25816676860426
MP,Madhya Pradesh,305,Gwalior,4449,Dabra(F&V) APMC,26.276440344331146,78.18942579884306
MP,Madhya Pradesh,305,Gwalior,521,Lashkar APMC,26.253901614248743,78.07422779036582
MP,Madhya Pradesh,305,Gwalior,3059,Lashkar(F&V) APMC,26.250113563338584,78.21722175050886
MP,Madhya Pradesh,306,Harda,1084,Harda APMC,22.35174722362253,76.96803759179365
MP,Madhya Pradesh,306,Harda,3045,Harda(F&V) APMC,24.035481937594643,80.9459518129059
MP,Madhya Pradesh,306,Harda,2080,Khirakiya APMC,22.148225453372387,76.89450811721034
MP,Madhya Pradesh,306,Harda,4487,Khirkiya(F&V) APMC,21.936075928450965,77.1953604583282
MP,Madhya Pradesh,306,Harda,3770,Sirali APMC,22.134714783730775,77.17547684327361
MP,Madhya Pradesh,306,Harda,4546,Sirali(F&amp;V) APMC,21.797637557767146,77.10172697014679
MP,Madhya Pradesh,306,Harda,2078,Timarni APMC,22.367071514756343,77.27048709499022
MP,Madhya Pradesh,306,Harda,4557,Timarni(F&V) APMC,22.197554545022765,77.21681851823683
MP,Madhya Pradesh,307,Hoshangabad,3772,Babai APMC,22.540639339930557,77.77196049011285
MP,Madhya Pradesh,307,Hoshangabad,2077,Banapura APMC,22.56908225501858,77.41628303653944
MP,Madhya Pradesh,307,Hoshangabad,4433,Banapura(F&V) APMC,22.75053648615238,77.422500923023
MP,Madhya Pradesh,307,Hoshangabad,2112,Bankhedi APMC,22.791105353173624,78.53496157059898
MP,Madhya Pradesh,307,Hoshangabad,2667,Hoshangabad APMC,22.739049298091,77.62931000363135
MP,Madhya Pradesh,307,Hoshangabad,4464,Hoshangabad(F&V) APMC,23.2406926105679,77.438707553844
MP,Madhya Pradesh,307,Hoshangabad,519,Itarsi APMC,22.67322970285378,77.77347210341544
MP,Madhya Pradesh,307,Hoshangabad,4466,Itarsi(F&V) APMC,22.808593496315353,77.69612225755016
MP,Madhya Pradesh,307,Hoshangabad,529,Pipariya APMC,22.82822274468647,78.34374633111187
MP,Madhya Pradesh,307,Hoshangabad,4524,Pipariya(F&V) APMC,22.739489057830397,78.35999067882867
MP,Madhya Pradesh,307,Hoshangabad,2109,Semriharchand APMC,22.287967974485152,77.888504143518
MP,Madhya Pradesh,308,Indore,2113,Gautampura APMC,22.963474453343604,75.54851040044586
MP,Madhya Pradesh,308,Indore,4458,Gautampura(F&V) APMC,23.05540138641349,75.73563084546717
MP,Madhya Pradesh,308,Indore,3046,Indore APMC,22.74418919102401,75.90080168420299
MP,Madhya Pradesh,308,Indore,179,Indore(F&V) APMC,22.680541879810114,75.93778246635345
MP,Madhya Pradesh,308,Indore,790,Mhow APMC,22.477129993110715,75.78191075244928
MP,Madhya Pradesh,308,Indore,4506,Mhow(F&V) APMC,22.532552656832497,75.73100354669934
MP,Madhya Pradesh,308,Indore,2074,Sanwer APMC,22.966972093410096,75.91549834348642
MP,Madhya Pradesh,308,Indore,4535,Sanwer(F&V) APMC,22.899434670107624,75.65972184730241
MP,Madhya Pradesh,309,Jabalpur,535,Jabalpur APMC,23.152029967901978,80.04291326603922
MP,Madhya Pradesh,309,Jabalpur,3071,Jabalpur(F&V) APMC,23.253032121865225,79.99585752105757
MP,Madhya Pradesh,309,Jabalpur,3787,Paatan APMC,23.32366706512796,79.81359086944154
MP,Madhya Pradesh,309,Jabalpur,4522,Patan(F&V) APMC,23.350398116111844,79.80060334042291
MP,Madhya Pradesh,309,Jabalpur,1608,Sehora APMC,22.951828101437616,76.74471214263868
MP,Madhya Pradesh,309,Jabalpur,4537,Sehora(F&V) APMC,22.837538699887972,77.42894417939807
MP,Madhya Pradesh,309,Jabalpur,3072,Shahpura Bhitoni (F&V) APMC,23.49310418123649,80.03581239783666
MP,Madhya Pradesh,309,Jabalpur,1244,Shahpura(Jabalpur) APMC,23.163488622907757,79.90111643138604
MP,Madhya Pradesh,309,Jabalpur,4541,ShahpuraBhitoni(F&V) APMC,23.170401584252893,79.91500999644923
MP,Madhya Pradesh,309,Jabalpur,3469,Sihora APMC,23.391110010806266,80.15809200719355
MP,Madhya Pradesh,309,Jabalpur,3070,Sihora(F&V) APMC,23.1467312813916,79.87988659590637
MP,Madhya Pradesh,310,Jhabua,2115,Jhabua APMC,22.851818550359347,74.64306943212301
MP,Madhya Pradesh,310,Jhabua,4470,Jhabua(F&V) APMC,22.647521298533334,76.182492282012
MP,Madhya Pradesh,310,Jhabua,1229,Petlawad APMC,22.93863219207538,74.86905160819755
MP,Madhya Pradesh,310,Jhabua,4523,Petlawad(F&V) APMC,23.079199560820346,75.01987023655927
MP,Madhya Pradesh,310,Jhabua,2096,Thandla APMC,22.878826956098834,74.65722141308231
MP,Madhya Pradesh,310,Jhabua,4555,Thandla(F&V) APMC,23.105259370577876,74.55329501807118
MP,Madhya Pradesh,311,Katni,180,Katni APMC,23.759301375965137,80.45429376544541
MP,Madhya Pradesh,311,Katni,3073,Katni(F&V) APMC,23.932862437277524,80.59469318068717
MP,Madhya Pradesh,312,Khandwa,4428,Badwah(F&amp;V) APMC,21.639399493770654,76.1906242326591
MP,Madhya Pradesh,312,Khandwa,2349,Harsood APMC,22.11864747522399,76.72537807938325
MP,Madhya Pradesh,312,Khandwa,523,Khandwa APMC,21.7440568928085,76.2493218636965
MP,Madhya Pradesh,312,Khandwa,3050,Khandwa(F&V) APMC,21.922693297985337,76.50441357022795
MP,Madhya Pradesh,312,Khandwa,4484,Khargone(F&V) APMC,22.457272540142352,76.19699283224085
MP,Madhya Pradesh,312,Khandwa,3969,Mundi APMC,22.146815185283526,76.57354448181326
MP,Madhya Pradesh,312,Khandwa,2107,Pandhana APMC,21.766778606526767,76.20151855632618
MP,Madhya Pradesh,312,Khandwa,3051,Pandhana(F&V) APMC,21.652975688407558,76.18673889245379
MP,Madhya Pradesh,312,Khandwa,4534,Sanawad(F&V) APMC,21.97758119467757,76.21730096821815
MP,Madhya Pradesh,313,Khargone,2095,Badwaha APMC,22.1915854156099,76.14329260135727
MP,Madhya Pradesh,313,Khargone,3968,Bedia APMC,22.102623097499183,75.96338872522853
MP,Madhya Pradesh,313,Khargone,2079,Bhikangaon APMC,21.961630147089643,75.89529712850134
MP,Madhya Pradesh,313,Khargone,2321,Karhi APMC,21.607079696557445,75.66298148716334
MP,Madhya Pradesh,313,Khargone,2328,Kasrawad APMC,22.0874733168279,75.66093935388842
MP,Madhya Pradesh,313,Khargone,524,Khargone APMC,21.957708883133463,75.81657042859857
MP,Madhya Pradesh,313,Khargone,1230,Sanawad APMC,22.204835072629237,76.15438088215477
MP,Madhya Pradesh,313,Khargone,2343,Segaon APMC,21.812714399283823,75.31644778986242
MP,Madhya Pradesh,314,Mandla,2366,Bichhiya APMC,22.46841072253763,80.77851147143087
MP,Madhya Pradesh,314,Mandla,4443,Bichiya(F&V) APMC,22.453339541633987,80.96226982959656
MP,Madhya Pradesh,314,Mandla,791,Mandla APMC,22.7140238734368,80.5921381803701
MP,Madhya Pradesh,314,Mandla,4504,Mandla(F&V) APMC,22.601336277957117,80.38893618353073
MP,Madhya Pradesh,314,Mandla,2646,Nainpur APMC,22.41489173289426,80.10809239470557
MP,Madhya Pradesh,315,Mandsaur,3106,Bhanpura APMC,24.550391695588782,75.77125474477847
MP,Madhya Pradesh,315,Mandsaur,4441,Bhanpura(F&V) APMC,24.600195373486937,75.80322579853579
MP,Madhya Pradesh,315,Mandsaur,3773,Daloda APMC,23.927098214594775,75.0933836029654
MP,Madhya Pradesh,315,Mandsaur,3285,Garoth APMC,24.34145607948782,75.57049940797451
MP,Madhya Pradesh,315,Mandsaur,4457,Garoth(F&V) APMC,24.188157714275196,75.75931698569568
MP,Madhya Pradesh,315,Mandsaur,522,Mandsaur APMC,24.14293221273623,75.15026026190857
MP,Madhya Pradesh,315,Mandsaur,3055,Mandsaur(F&V) APMC,24.49472010502458,75.11760767003888
MP,Madhya Pradesh,315,Mandsaur,4525,Piplaya(F&V) APMC,24.266263657974743,75.08301307876867
MP,Madhya Pradesh,315,Mandsaur,2336,Piplya APMC,24.07022158881241,75.21399082611421
MP,Madhya Pradesh,315,Mandsaur,2325,Shamgarh APMC,24.206275102129315,75.63205892030884
MP,Madhya Pradesh,315,Mandsaur,3056,Shamgarh(F&V) APMC,24.23680462471604,75.54309414012083
MP,Madhya Pradesh,315,Mandsaur,4547,Sitamau(F&V) APMC,24.103040271767135,75.427101151793
MP,Madhya Pradesh,315,Mandsaur,2662,Sitmau APMC,24.083180530366437,75.43658922126747
MP,Madhya Pradesh,315,Mandsaur,2123,Suvasra APMC,24.112175463868482,75.67446395041384
MP,Madhya Pradesh,315,Mandsaur,4552,Suvasra(F&V) APMC,23.91651303872884,75.61685227366134
MP,Madhya Pradesh,316,Morena,4422,Ambah(F&V) APMC,26.63294423501663,78.12182072681878
MP,Madhya Pradesh,316,Morena,2663,Ambaha APMC,26.666160611025045,78.20748185587438
MP,Madhya Pradesh,316,Morena,3777,Banmorkalan APMC,26.455307986028913,77.42647025406212
MP,Madhya Pradesh,316,Morena,3002,Jora APMC,26.33788424348827,77.84141030765882
MP,Madhya Pradesh,316,Morena,4473,Jora(F&V) APMC,26.040290539652066,77.75642483218446
MP,Madhya Pradesh,316,Morena,1239,Kailaras APMC,26.17503384356038,77.7251984568512
MP,Madhya Pradesh,316,Morena,4474,Kailaras(F&V) APMC,26.281621969796227,77.7041896874303
MP,Madhya Pradesh,316,Morena,530,Morena APMC,26.53060067633337,77.88134173121678
MP,Madhya Pradesh,316,Morena,3064,Morena(F&V) APMC,26.32786070878591,78.17553674854928
MP,Madhya Pradesh,316,Morena,2367,Porsa APMC,26.74796458351448,78.38585137011887
MP,Madhya Pradesh,316,Morena,3065,Porsa(F&V) APMC,26.79152527190108,78.39753699569475
MP,Madhya Pradesh,316,Morena,2121,Sabalgarh APMC,26.196472597874727,77.4022441042361
MP,Madhya Pradesh,316,Morena,4532,Sabalgarh(F&V) APMC,26.149096816732357,77.53962893985234
MP,Madhya Pradesh,317,Narsinghpur,2090,Gadarwada APMC,22.867748043406888,78.82482600004272
MP,Madhya Pradesh,317,Narsinghpur,4454,Gadarwara(F&V) APMC,22.6431996899564,78.70855178842727
MP,Madhya Pradesh,317,Narsinghpur,2094,Gotegaon APMC,23.008150320760926,79.43481841165432
MP,Madhya Pradesh,317,Narsinghpur,4461,Gotegaon(F&V) APMC,22.797397681720163,79.36982253929634
MP,Madhya Pradesh,317,Narsinghpur,2081,Kareli APMC,22.93571638867457,79.0634437338394
MP,Madhya Pradesh,317,Narsinghpur,4477,Kareli(F&V) APMC,23.10849221382475,79.14689147892932
MP,Madhya Pradesh,317,Narsinghpur,533,Narsinghpur APMC,22.869707469254614,79.10558004551223
MP,Madhya Pradesh,317,Narsinghpur,4514,Narsinghpur(F&V) APMC,23.789812360233782,77.41065725543199
MP,Madhya Pradesh,317,Narsinghpur,2340,Tendukheda APMC,23.168068989661904,78.7883149035153
MP,Madhya Pradesh,318,Neemuch,2727,Javad APMC,24.52350766931466,74.75684893897444
MP,Madhya Pradesh,318,Neemuch,4467,Jawad(F&V) APMC,24.603664971837734,75.08575894478246
MP,Madhya Pradesh,318,Neemuch,2111,Manasa APMC,24.41788532885189,75.20562516633443
MP,Madhya Pradesh,318,Neemuch,4502,Manasa(F&V) APMC,24.508473925964314,75.08899059513492
MP,Madhya Pradesh,318,Neemuch,182,Neemuch APMC,24.54233236528711,74.90234391960847
MP,Madhya Pradesh,318,Neemuch,4515,Neemuch(F&V) APMC,24.501334496461283,74.9214332918398
MP,Madhya Pradesh,319,Panna,2357,Ajaygarh APMC,24.992771665909103,80.28360765332569
MP,Madhya Pradesh,319,Panna,2346,Devandranagar APMC,24.525653609839257,80.36224454143051
MP,Madhya Pradesh,319,Panna,788,Panna APMC,24.374694815963792,80.16579519387238
MP,Madhya Pradesh,319,Panna,4520,Panna(F&V) APMC,21.341135565609303,75.42788481779023
MP,Madhya Pradesh,319,Panna,3782,Pawai APMC,24.115259495561087,80.24630192627701
MP,Madhya Pradesh,319,Panna,3783,Simariya APMC,24.22630349325762,79.85323671852514
MP,Madhya Pradesh,320,Raisen,2093,Bareli APMC,23.17136047235061,78.29998966832865
MP,Madhya Pradesh,320,Raisen,4434,Bareli(F&V) APMC,23.593890296908874,78.54070227835263
MP,Madhya Pradesh,320,Raisen,2106,Begamganj APMC,23.612922933429388,78.32761188651446
MP,Madhya Pradesh,320,Raisen,4436,Begamganj(F&V) APMC,23.589622182646796,78.30872545893992
MP,Madhya Pradesh,320,Raisen,2098,Gairatganj APMC,23.45570823866138,78.14276476467226
MP,Madhya Pradesh,320,Raisen,4455,Gairatganj(F&V) APMC,23.414420998703772,78.30238327965041
MP,Madhya Pradesh,320,Raisen,1661,Obedullaganj APMC,22.983591089280164,77.6141728522934
MP,Madhya Pradesh,320,Raisen,4517,Obedullaganj(F&V) APMC,22.89767078285128,77.64886191627986
MP,Madhya Pradesh,320,Raisen,534,Raisen APMC,23.241849886890602,78.23991859918424
MP,Madhya Pradesh,320,Raisen,4527,Raisen(F&V) APMC,23.474472578561002,77.64963494126911
MP,Madhya Pradesh,320,Raisen,3771,Silvani APMC,23.34014761179932,78.43621941961135
MP,Madhya Pradesh,320,Raisen,2091,Udaipura APMC,23.06320585315088,78.44713447827579
MP,Madhya Pradesh,321,Rajgarh,1660,Biaora APMC,23.935108803579876,76.9060810903522
MP,Madhya Pradesh,321,Rajgarh,4442,Biaora(F&V) APMC,23.866543503027486,76.87139572474038
MP,Madhya Pradesh,321,Rajgarh,2350,Chhapiheda APMC,23.936969718545054,76.52776257675515
MP,Madhya Pradesh,321,Rajgarh,2104,Jeerapur APMC,24.117356020713395,76.76306545775141
MP,Madhya Pradesh,321,Rajgarh,4471,Jirapur(F&V) APMC,24.212301439375903,76.41518916077014
MP,Madhya Pradesh,321,Rajgarh,2327,Khilchipur APMC,24.063901746100132,76.47195106944683
MP,Madhya Pradesh,321,Rajgarh,2348,Khujner APMC,23.817610382150907,76.76850646099314
MP,Madhya Pradesh,321,Rajgarh,4488,Khujner(F&V) APMC,23.72999951877044,76.85443096423464
MP,Madhya Pradesh,321,Rajgarh,2323,Kurawar APMC,23.49739074912633,77.04345472298004
MP,Madhya Pradesh,321,Rajgarh,2644,Machalpur APMC,24.038430281390447,76.70813387060343
MP,Madhya Pradesh,321,Rajgarh,4496,Machalpur(F&V) APMC,24.193091069821048,76.58313847450749
MP,Madhya Pradesh,321,Rajgarh,2086,Narsinghgarh APMC,23.64765230685873,77.01175640772847
MP,Madhya Pradesh,321,Rajgarh,4513,Narsinghgarh(F&V) APMC,23.684716494885443,77.13502355221125
MP,Madhya Pradesh,321,Rajgarh,2085,Pachaur APMC,23.641253931173484,77.0181359494057
MP,Madhya Pradesh,321,Rajgarh,4518,Pachaur(F&V) APMC,24.155190748720518,76.85700251599609
MP,Madhya Pradesh,321,Rajgarh,2334,Sarangpur APMC,23.612500814624532,76.4444487263126
MP,Madhya Pradesh,321,Rajgarh,4536,Sarangpur(F&V) APMC,23.783923300786075,76.43340276325141
MP,Madhya Pradesh,321,Rajgarh,2656,Suthalia APMC,24.152116793355354,76.42246153840193
MP,Madhya Pradesh,322,Ratlam,1235,A lot APMC,23.75174413331215,75.5132508131049
MP,Madhya Pradesh,322,Ratlam,4420,Alot(F&V) APMC,23.784172475609843,75.51005653404563
MP,Madhya Pradesh,322,Ratlam,1085,Jaora APMC,23.649666216189026,75.12265856131233
MP,Madhya Pradesh,322,Ratlam,4469,Jawra(F&V) APMC,23.57538826830419,75.31778493801993
MP,Madhya Pradesh,322,Ratlam,527,Ratlam APMC,23.379055981638643,75.06049469966005
MP,Madhya Pradesh,322,Ratlam,3057,Ratlam(F&V) APMC,23.732182117330684,75.61241495678263
MP,Madhya Pradesh,322,Ratlam,2088,Sailana APMC,23.320295255029848,74.78814237714147
MP,Madhya Pradesh,322,Ratlam,4533,Sailana(F&V) APMC,23.51110972919018,74.71837241996143
MP,Madhya Pradesh,322,Ratlam,2365,Taal APMC,23.731534931475522,75.35348630355311
MP,Madhya Pradesh,322,Ratlam,4553,Taal(F&V) APMC,23.684865443952024,75.487050814846
MP,Madhya Pradesh,323,Rewa,1247,Baikunthpur APMC,24.71504392862514,81.38187732186687
MP,Madhya Pradesh,323,Rewa,4430,Baikunthpur(F&V) APMC,24.24240014705761,81.12290625737042
MP,Madhya Pradesh,323,Rewa,2651,Chaakghat APMC,24.98664127483475,81.82305527872404
MP,Madhya Pradesh,323,Rewa,4444,Chakghat(F&V) APMC,24.417783105178152,81.16285562606089
MP,Madhya Pradesh,323,Rewa,2364,Hanumana APMC,24.688726878857466,81.56811637297282
MP,Madhya Pradesh,323,Rewa,4462,Hanumana(F&V) APMC,24.509128823161458,81.23956516831512
MP,Madhya Pradesh,323,Rewa,536,Rewa APMC,24.577082095060813,81.34635934511512
MP,Madhya Pradesh,323,Rewa,4531,Rewa(F&V) APMC,24.190108289806986,78.06591746884051
MP,Madhya Pradesh,324,Sagar,2338,Bamora APMC,24.008650697887386,78.1087707712671
MP,Madhya Pradesh,324,Sagar,2122,Banda APMC,24.244582323572413,78.75351136497532
MP,Madhya Pradesh,324,Sagar,2083,Bina APMC,24.12705441180064,78.16100304216371
MP,Madhya Pradesh,324,Sagar,1241,Deori APMC,23.3293431877427,79.074932533885
MP,Madhya Pradesh,324,Sagar,4451,Devri(F&amp;V) APMC,24.130278931883645,78.68005735833748
MP,Madhya Pradesh,324,Sagar,4453,Gadakota(F&V) APMC,23.841790687996824,79.23872000521177
MP,Madhya Pradesh,324,Sagar,2117,Garhakota APMC,23.76795037164762,79.14898313478378
MP,Madhya Pradesh,324,Sagar,3778,Jaisinagar APMC,23.666181364464514,78.61440524577053
MP,Madhya Pradesh,324,Sagar,2652,Kesli APMC,23.60403205515497,79.27733710176382
MP,Madhya Pradesh,324,Sagar,1240,Khurai APMC,24.10896233487281,78.35803136492926
MP,Madhya Pradesh,324,Sagar,4489,Khurai(F&V) APMC,23.963699625079556,78.40559669734715
MP,Madhya Pradesh,324,Sagar,3400,Malthone APMC,24.35319743135426,78.59994512717176
MP,Madhya Pradesh,324,Sagar,4501,Malthone(F&V) APMC,24.18397231459528,78.64965557448078
MP,Madhya Pradesh,324,Sagar,2335,Rahatgarh APMC,23.815804161427522,78.4475199270013
MP,Madhya Pradesh,324,Sagar,2116,Rehli APMC,23.668665652171335,79.07413804420344
MP,Madhya Pradesh,324,Sagar,4529,Rehli(F&V) APMC,23.62568184224555,78.9411632429702
MP,Madhya Pradesh,324,Sagar,525,Sagar APMC,23.86411759529719,78.80318908567278
MP,Madhya Pradesh,324,Sagar,3067,Sagar(F&V) APMC,24.08628300099606,77.51036584825384
MP,Madhya Pradesh,324,Sagar,2359,Shahagarh APMC,24.202271646160582,78.99820174861613
MP,Madhya Pradesh,325,Satna,2641,Amarpatan APMC,24.356677033706866,80.95520318385049
MP,Madhya Pradesh,325,Satna,4421,Amarpatan(F&V) APMC,22.70340570390269,75.87730747199362
MP,Madhya Pradesh,325,Satna,4499,Maihar(F&V) APMC,22.92451313073219,77.437756700532
MP,Madhya Pradesh,325,Satna,2650,Mehar APMC,24.781674360031474,80.68159078143158
MP,Madhya Pradesh,325,Satna,2092,Nagod APMC,24.695935869526032,80.57735312125239
MP,Madhya Pradesh,325,Satna,3007,Ramnagar APMC,24.545073198027556,81.0966621976978
MP,Madhya Pradesh,325,Satna,185,Satna APMC,24.494837292772665,80.96612158951193
MP,Madhya Pradesh,325,Satna,3079,Satna(F&V) APMC,25.155099384491045,80.81487545717073
MP,Madhya Pradesh,326,Sehore,4416,Aashta(F&V) APMC,22.887218051953695,77.48070941457786
MP,Madhya Pradesh,326,Sehore,528,Ashta APMC,22.969140712515777,76.8022533816508
MP,Madhya Pradesh,326,Sehore,2666,Baktara APMC,22.87658905194588,78.04582918848457
MP,Madhya Pradesh,326,Sehore,4432,Baktara(F&V) APMC,22.835113236199316,77.50234431557935
MP,Madhya Pradesh,326,Sehore,2642,Ichhawar APMC,23.010855539215427,77.06323938152967
MP,Madhya Pradesh,326,Sehore,4465,Ichhawar(F&V) APMC,23.013767175011075,76.8651138415335
MP,Madhya Pradesh,326,Sehore,3769,Jawar APMC,23.018117821992615,76.46372963424243
MP,Madhya Pradesh,326,Sehore,4468,Jawar(F&V) APMC,23.027947032923425,76.51771804468441
MP,Madhya Pradesh,326,Sehore,1659,Nasrullaganj APMC,22.57181855030488,77.2782408477379
MP,Madhya Pradesh,326,Sehore,4516,Nasrullaganj(F&V) APMC,22.746114004412377,77.02348722302109
MP,Madhya Pradesh,326,Sehore,2322,Rehati APMC,22.794799517725618,77.49046728745438
MP,Madhya Pradesh,326,Sehore,4530,Rehti(F&V) APMC,22.82304234778562,77.58473784719503
MP,Madhya Pradesh,326,Sehore,526,Sehore APMC,23.085809854655018,77.06957449014175
MP,Madhya Pradesh,326,Sehore,4538,Sehore(F&V) APMC,23.04394994228101,77.19400404773424
MP,Madhya Pradesh,326,Sehore,2355,Shyampur APMC,22.722751887320115,77.12583349992074
MP,Madhya Pradesh,327,Seoni,3006,Barghat APMC,21.97341783913049,79.79981831664153
MP,Madhya Pradesh,327,Seoni,4435,Barghat(F&V) APMC,21.99600586791246,79.58487039328658
MP,Madhya Pradesh,327,Seoni,4446,Chhapara(F&V) APMC,22.47150578413762,79.4539826755194
MP,Madhya Pradesh,327,Seoni,2661,Chhpara APMC,22.456530507733778,79.57389840032808
MP,Madhya Pradesh,327,Seoni,4459,Ghansore(F&V) APMC,22.6460543909877,79.91325868810539
MP,Madhya Pradesh,327,Seoni,2653,Ghansour APMC,22.710619323604643,79.9523277828075
MP,Madhya Pradesh,327,Seoni,2120,Keolari APMC,22.351725666441553,79.93314706787088
MP,Madhya Pradesh,327,Seoni,4480,Kewalri(F&V) APMC,22.321435725949513,80.13334831869301
MP,Madhya Pradesh,327,Seoni,2658,Lakhnadon APMC,22.625339295423373,79.56808496922527
MP,Madhya Pradesh,327,Seoni,3078,Lakhnadon(F&V) APMC,22.67129449877509,79.4254837603353
MP,Madhya Pradesh,327,Seoni,4493,Lakhnadown(F&V) APMC,22.56838771804612,79.44655048825345
MP,Madhya Pradesh,327,Seoni,3790,Palari APMC,22.351353789089195,79.80899959032257
MP,Madhya Pradesh,327,Seoni,4519,Palari(F&V) APMC,22.198885966450113,79.77718926384593
MP,Madhya Pradesh,327,Seoni,537,Seoni APMC,22.268698029651663,79.72350966875864
MP,Madhya Pradesh,327,Seoni,4540,Seoni(F&V) APMC,26.122289757225168,78.74260547800039
MP,Madhya Pradesh,328,Shajapur,1236,Agar APMC,23.261490654235317,76.78237481771019
MP,Madhya Pradesh,328,Shajapur,3286,Akodiya APMC,23.326539504643055,76.67552554565579
MP,Madhya Pradesh,328,Shajapur,4418,Akodiya(F&V) APMC,23.401325803134807,76.26263553645055
MP,Madhya Pradesh,328,Shajapur,2353,Badod APMC,23.596990032197944,76.37271962479218
MP,Madhya Pradesh,328,Shajapur,2647,Berachha APMC,23.309897628202037,76.34779449540817
MP,Madhya Pradesh,328,Shajapur,4437,Bercha(F&V) APMC,23.39109292879397,76.26564387055302
MP,Madhya Pradesh,328,Shajapur,2103,Kalapipal APMC,23.375592280739756,76.84113440950537
MP,Madhya Pradesh,328,Shajapur,4475,Kalapipal(F&V) APMC,23.237702379485135,76.95268671336463
MP,Madhya Pradesh,328,Shajapur,2337,Maksi APMC,23.20995509575573,76.13196922033438
MP,Madhya Pradesh,328,Shajapur,4500,Maksi(F&V) APMC,23.450168536308528,76.25432640323453
MP,Madhya Pradesh,328,Shajapur,2342,Momanbadodiya APMC,23.69267969483609,76.3293262417953
MP,Madhya Pradesh,328,Shajapur,4508,Momanbadodiya(F&V) APMC,23.757686212565936,76.22146693719513
MP,Madhya Pradesh,328,Shajapur,2114,Nalkehda APMC,23.541573397931653,76.56607959296973
MP,Madhya Pradesh,328,Shajapur,2097,Shajapur APMC,23.360557253591118,76.72850014084644
MP,Madhya Pradesh,328,Shajapur,3058,Shajapur(F&V) APMC,23.4876585592722,76.24436399289281
MP,Madhya Pradesh,328,Shajapur,1086,Shujalpur APMC,23.376675893859087,76.67764522744652
MP,Madhya Pradesh,328,Shajapur,4544,Shujalpur(F&V) APMC,23.378917155414015,76.7508915769867
MP,Madhya Pradesh,328,Shajapur,3287,Soyatkalan APMC,23.060083650044607,76.34709760517653
MP,Madhya Pradesh,328,Shajapur,2347,Susner APMC,23.387557346846936,76.42843546674919
MP,Madhya Pradesh,329,Shehdol,2351,Beohari APMC,24.01707594706688,81.3462002903924
MP,Madhya Pradesh,329,Shehdol,3008,Budhar APMC,23.114534360843038,81.57270981076091
MP,Madhya Pradesh,329,Shehdol,538,Shahdol APMC,23.244034400298478,81.37892172786115
MP,Madhya Pradesh,330,Sheopur,2326,Sheopurbadod APMC,25.637508982237616,76.80170571912949
MP,Madhya Pradesh,330,Sheopur,4542,Sheopurbadod(F&V) APMC,25.874187085327634,77.58507610897922
MP,Madhya Pradesh,330,Sheopur,1087,Sheopurkalan APMC,25.896840808853643,77.1649122655265
MP,Madhya Pradesh,330,Sheopur,4543,Sheopurkalan(F&V) APMC,25.835891576927782,77.58711597377123
MP,Madhya Pradesh,330,Sheopur,3066,Syopurkalan(F&V) APMC,25.870832208322607,77.60153521882279
MP,Madhya Pradesh,330,Sheopur,2654,Vijaypur APMC,25.813031225520227,77.38279508864353
MP,Madhya Pradesh,331,Shivpuri,2331,Badarwas APMC,24.982825974885163,77.50100175760456
MP,Madhya Pradesh,331,Shivpuri,4425,Badarwas(F&V) APMC,25.091426624010726,77.5878407411983
MP,Madhya Pradesh,331,Shivpuri,4431,Bairad(F&V) APMC,25.578406338844985,77.50527191022064
MP,Madhya Pradesh,331,Shivpuri,3775,Barad APMC,24.902812868003036,77.69363781580219
MP,Madhya Pradesh,331,Shivpuri,2339,Karera APMC,25.537234589974975,78.07130965710304
MP,Madhya Pradesh,331,Shivpuri,4478,Karera(F&V) APMC,25.44423806833095,78.12617333203512
MP,Madhya Pradesh,331,Shivpuri,2124,Khaniadhana APMC,25.010255196301202,78.15270901682102
MP,Madhya Pradesh,331,Shivpuri,4483,Khaniyadhana(F&V) APMC,25.08134485569538,77.94424238271924
MP,Madhya Pradesh,331,Shivpuri,3288,Khanyadhana APMC,24.956858055643497,78.10465326272765
MP,Madhya Pradesh,331,Shivpuri,3000,Khatora APMC,25.047915658523575,77.69799259018862
MP,Madhya Pradesh,331,Shivpuri,2105,Kolaras APMC,25.213198291370162,77.58883207022741
MP,Madhya Pradesh,331,Shivpuri,4490,Kolaras(F&V) APMC,25.05383551488443,77.53300520519016
MP,Madhya Pradesh,331,Shivpuri,2361,Magroni APMC,25.7031837684754,77.9182397122829
MP,Madhya Pradesh,331,Shivpuri,4497,Magroni(F&amp;V) APMC,25.278113701655087,77.84326508931342
MP,Madhya Pradesh,331,Shivpuri,2360,Pichhour APMC,25.261757692144393,78.12721629307711
MP,Madhya Pradesh,331,Shivpuri,2102,Pohari APMC,25.449161415349717,77.31719764251964
MP,Madhya Pradesh,331,Shivpuri,4526,Pohri(F&amp;V) APMC,25.76708086754821,77.4100657845375
MP,Madhya Pradesh,331,Shivpuri,3774,Rannod APMC,25.105866197751688,77.76195654582882
MP,Madhya Pradesh,331,Shivpuri,539,Shivpuri APMC,25.393040645500015,77.6001205378794
MP,Madhya Pradesh,331,Shivpuri,3062,Shivpuri(F&V) APMC,25.69860815325351,77.91402069355532
MP,Madhya Pradesh,332,Sidhi,792,Sidhi APMC,24.20530503652698,82.0173043895713
MP,Madhya Pradesh,333,Singroli,2354,Singroli APMC,24.256757853851102,82.64744907213404
MP,Madhya Pradesh,333,Singroli,4545,Singroli(F&V) APMC,24.07094108065162,82.6450396629931
MP,Madhya Pradesh,334,Tikamgarh,2362,Jatara APMC,24.957221804911793,78.96942637545838
MP,Madhya Pradesh,334,Tikamgarh,3784,Khargapur APMC,24.9455286082835,79.17664134833797
MP,Madhya Pradesh,334,Tikamgarh,2108,Niwadi APMC,25.340690746924533,78.79463881879056
MP,Madhya Pradesh,334,Tikamgarh,3069,Niwadi(F&V) APMC,24.9408569657519,78.93218940474266
MP,Madhya Pradesh,334,Tikamgarh,3785,Palera APMC,25.014591206220075,79.21354021592711
MP,Madhya Pradesh,334,Tikamgarh,3786,Prithvipur APMC,25.13788771272836,78.7675903642927
MP,Madhya Pradesh,334,Tikamgarh,540,Tikamgarh APMC,24.883429197449296,79.0783989714994
MP,Madhya Pradesh,334,Tikamgarh,4556,Tikamgarh(F&V) APMC,24.752892900423134,78.7685426388977
MP,Madhya Pradesh,335,Ujjain,2082,Badnagar APMC,23.067298066807595,75.41226253540073
MP,Madhya Pradesh,335,Ujjain,4426,Badnagar(F&V) APMC,22.951877259738776,75.4617964800331
MP,Madhya Pradesh,335,Ujjain,4481,Khaachrod(F&V) APMC,23.543079597727058,75.3172123268059
MP,Madhya Pradesh,335,Ujjain,2333,Khachrod APMC,23.490171807122987,75.32387382962204
MP,Madhya Pradesh,335,Ujjain,1231,Mahidpur APMC,23.51052437319763,75.90859959166905
MP,Madhya Pradesh,335,Ujjain,4498,Mahidpur(F&V) APMC,23.234518187777795,75.77395149292444
MP,Madhya Pradesh,335,Ujjain,2118,Nagda APMC,23.164711208779035,75.7540976229748
MP,Madhya Pradesh,335,Ujjain,4511,Nagda(F&V) APMC,23.17571655593901,75.75508696744657
MP,Madhya Pradesh,335,Ujjain,1232,Tarana APMC,23.32957304901095,76.00083078272675
MP,Madhya Pradesh,335,Ujjain,4554,Tarana(F&V) APMC,23.290355001993504,76.14201614856054
MP,Madhya Pradesh,335,Ujjain,186,Ujjain APMC,23.216895474053473,75.74547904419494
MP,Madhya Pradesh,335,Ujjain,3053,Ujjain(F&V) APMC,23.138516402008587,75.81607876787153
MP,Madhya Pradesh,335,Ujjain,2341,Unhel APMC,23.255786860387374,75.56563178952676
MP,Madhya Pradesh,335,Ujjain,4558,Unhel(F&V) APMC,23.208691097413347,75.76376088520752
MP,Madhya Pradesh,336,Umariya,1248,Umariya APMC,24.639334664051415,78.29538148940166
MP,Madhya Pradesh,337,Vidisha,187,Ganjbasoda APMC,23.571623328208403,77.9210392175243
MP,Madhya Pradesh,337,Vidisha,4456,Ganjbasoda(F&V) APMC,23.47588853936063,77.47089861654587
MP,Madhya Pradesh,337,Vidisha,2998,Gulabganj APMC,23.694021148311442,77.92072713262708
MP,Madhya Pradesh,337,Vidisha,2369,Kurwai APMC,24.0683566367299,78.0567196004772
MP,Madhya Pradesh,337,Vidisha,2643,Lateri APMC,24.067749882531217,77.49881313729061
MP,Madhya Pradesh,337,Vidisha,2332,Shamshabad APMC,23.78273000705907,77.46181165142839
MP,Madhya Pradesh,337,Vidisha,2084,Sironj APMC,24.137485763360306,77.72568785812182
MP,Madhya Pradesh,337,Vidisha,188,Vidisha APMC,23.475676365152367,77.75871225645469
MP,Madhya Pradesh,337,Vidisha,4560,Vidisha(F&V) APMC,23.50711736067653,77.7150276712687
MH,Maharashtra,338,Ahmednagar,4686,Ahilyanagar APMC,19.04156716063738,74.7051535302576
MH,Maharashtra,338,Ahmednagar,145,Ahmednagar APMC,19.211587995555462,74.77101944133013
MH,Maharashtra,338,Ahmednagar,1601,Akole APMC,19.476775716349543,74.07561919159646
MH,Maharashtra,338,Ahmednagar,1282,Jamkhed APMC,18.727546611154175,75.34369008439397
MH,Maharashtra,338,Ahmednagar,1297,Karjat APMC,18.549027967773284,74.99489375870179
MH,Maharashtra,338,Ahmednagar,2129,Karjat(Rashin) APMC,18.427037082696547,74.89568917453323
MH,Maharashtra,338,Ahmednagar,1283,Kopargaon APMC,19.80704198019145,74.52808312784158
MH,Maharashtra,338,Ahmednagar,1649,Newasa APMC,19.438851933954673,74.94692939431877
MH,Maharashtra,338,Ahmednagar,2708,Newasa(Ghodegaon) APMC,19.46567229715306,74.9347853327752
MH,Maharashtra,338,Ahmednagar,4025,Om Chaitanya Multistate Agro Purpose CoOp Society  APMC,19.150199182533655,74.8581977265342
MH,Maharashtra,338,Ahmednagar,1894,Parner APMC,19.072125187291448,74.43016995787848
MH,Maharashtra,338,Ahmednagar,1284,Pathardi APMC,19.119412093516605,75.26997154489494
MH,Maharashtra,338,Ahmednagar,4003,Prasanna Krushi Market APMC,18.90055003115755,75.0214596836454
MH,Maharashtra,338,Ahmednagar,2039,Rahata APMC,19.678452607928534,74.48502522537538
MH,Maharashtra,338,Ahmednagar,1634,Rahuri APMC,19.43796656676413,74.60280019973538
MH,Maharashtra,338,Ahmednagar,2707,Rahuri(Songaon) APMC,19.557229115637686,74.44422061288223
MH,Maharashtra,338,Ahmednagar,2130,Rahuri(Vambori) APMC,19.29287518313482,74.73689010099997
MH,Maharashtra,338,Ahmednagar,813,Sangamner APMC,19.44155894817609,74.21976201192359
MH,Maharashtra,338,Ahmednagar,1285,Shevgaon APMC,19.352816504226766,75.35167190569813
MH,Maharashtra,338,Ahmednagar,2131,Shevgaon(Bodhegaon) APMC,19.362234790535712,75.43304979229062
MH,Maharashtra,338,Ahmednagar,4024,Shree Sairaj Krushi Market APMC,19.050710020795275,74.67365059959644
MH,Maharashtra,338,Ahmednagar,1286,Shrigonda APMC,18.62559972626363,74.6625711130293
MH,Maharashtra,338,Ahmednagar,2709,Shrigonda(Gogargaon) APMC,19.04835343856651,75.04130697040652
MH,Maharashtra,338,Ahmednagar,1287,Shrirampur APMC,19.71018963978378,74.72936745596584
MH,Maharashtra,338,Ahmednagar,2132,Shrirampur(Belapur) APMC,19.66988871363248,74.67456973829401
MH,Maharashtra,339,Akola,146,Akola APMC,20.743884660139997,77.24726094548777
MH,Maharashtra,339,Akola,3447,Akola(Borgaon Manju) APMC,20.699723942656174,77.13231033574512
MH,Maharashtra,339,Akola,1207,Akot APMC,20.758172029651973,77.2030296026418
MH,Maharashtra,339,Akola,1327,Balapur APMC,20.711138526917356,76.77411263219089
MH,Maharashtra,339,Akola,1916,Barshi Takli APMC,20.53313284131917,77.02523952332062
MH,Maharashtra,339,Akola,4009,Late Vasantraoji Dandale Khajgi Krushi Bazar APMC,20.504937278570925,77.08217095745474
MH,Maharashtra,339,Akola,569,Murtizapur APMC,20.724956872982112,77.3754969581868
MH,Maharashtra,339,Akola,1917,Patur APMC,20.39978481532822,76.80911795552274
MH,Maharashtra,339,Akola,4005,Shri Gajanan Maharaj Khajagi Krushi Utpanna Bazar APMC,21.089979828854784,77.46593502299078
MH,Maharashtra,339,Akola,1328,Telhara APMC,21.061619154567303,76.88048182112158
MH,Maharashtra,340,Amarawati,570,Achalpur APMC,21.209751311270633,77.45839400307172
MH,Maharashtra,340,Amarawati,147,Amarawati APMC,20.888460080938945,77.77736195727776
MH,Maharashtra,340,Amarawati,2704,Amrawati(Frui & Veg. Market) APMC,19.071821245930593,72.96172849360404
MH,Maharashtra,340,Amarawati,571,Anajngaon APMC,21.119264596886747,77.29167259614907
MH,Maharashtra,340,Amarawati,1329,Chandur Bazar APMC,21.313261174213068,77.66600862365668
MH,Maharashtra,340,Amarawati,1918,Chandur Railway APMC,20.734204891294173,77.98117237622374
MH,Maharashtra,340,Amarawati,1638,Daryapur APMC,20.97009480954519,77.2496842715419
MH,Maharashtra,340,Amarawati,1639,Dhamngaon-Railway APMC,20.814491444510953,78.14157339725755
MH,Maharashtra,340,Amarawati,1919,Dharni APMC,21.53499109803709,77.05106894227893
MH,Maharashtra,340,Amarawati,1330,Morshi APMC,21.359038664792223,78.06361872762064
MH,Maharashtra,340,Amarawati,1920,Nandgaon Khandeshwar APMC,20.638002583749394,77.83623372554902
MH,Maharashtra,340,Amarawati,3972,Shetkari Khushi Bazar APMC,21.24505258790899,77.66598543763914
MH,Maharashtra,340,Amarawati,1921,Tiwasa APMC,20.888125537852947,77.735481037484
MH,Maharashtra,340,Amarawati,1331,Varud APMC,20.962588633082493,77.76744961115304
MH,Maharashtra,340,Amarawati,2157,Varud(Rajura Bazar) APMC,21.36810838302278,78.30433476395584
MH,Maharashtra,342,Beed,1363,Ambejaogai APMC,18.721253409135397,76.40857666986662
MH,Maharashtra,342,Beed,559,Beed APMC,18.987069701272674,75.94391787023741
MH,Maharashtra,342,Beed,1364,Gevrai APMC,19.306103381234085,75.80645692733856
MH,Maharashtra,342,Beed,1365,Kada APMC,18.85747782775483,75.05991471530301
MH,Maharashtra,342,Beed,3136,Kada(Ashti) APMC,18.966517687191764,74.99367007416676
MH,Maharashtra,342,Beed,4013,Kai Madhavrao Pawar Khajgi Krushi Utappan Bazar Sa APMC,19.048703144390547,75.57387973530608
MH,Maharashtra,342,Beed,1367,Kaij APMC,18.73213548568697,76.02654359398049
MH,Maharashtra,342,Beed,4724,Kej APMC,19.08354687512651,74.87880809476464
MH,Maharashtra,342,Beed,1944,Kille Dharur APMC,18.681679618647266,75.91404654474626
MH,Maharashtra,342,Beed,1648,Majalgaon APMC,19.139157988465684,76.25668673149751
MH,Maharashtra,342,Beed,1366,Parali Vaijyanath APMC,18.881908170916226,76.51897608523949
MH,Maharashtra,342,Beed,1945,Patoda APMC,18.807201528993026,75.46363616599437
MH,Maharashtra,342,Beed,3140,Vadvani APMC,18.982808313291486,76.04793282544135
MH,Maharashtra,343,Bhandara,1208,Bhandara APMC,21.17689643496514,79.63743276272206
MH,Maharashtra,343,Bhandara,1346,Lakhandur APMC,20.735565132462757,79.85830740045074
MH,Maharashtra,343,Bhandara,1347,Lakhani APMC,21.08527173174913,79.78634549518138
MH,Maharashtra,343,Bhandara,1643,Pavani APMC,20.99281277706866,79.79897464048862
MH,Maharashtra,343,Bhandara,1117,Tumsar APMC,21.41423493875294,79.84006709557936
MH,Maharashtra,344,Buldhana,4022,ACF Agro Marketing  APMC,20.818295722060675,76.43855562378049
MH,Maharashtra,344,Buldhana,4010,BSK Krishi Bazar Private Ltd APMC,20.88112300644164,76.64152144977746
MH,Maharashtra,344,Buldhana,2160,Buldhana APMC,20.5136374956298,76.4403996865788
MH,Maharashtra,344,Buldhana,1923,Buldhana(Dhad) APMC,20.4207284181555,75.97058156500906
MH,Maharashtra,344,Buldhana,572,Chikali APMC,20.370135654959586,76.18272418114013
MH,Maharashtra,344,Buldhana,3977,Dand Brothers Agro  APMC,20.362161594923748,76.55913130849673
MH,Maharashtra,344,Buldhana,1646,Deoulgaon Raja APMC,20.058837162456054,76.05692894771161
MH,Maharashtra,344,Buldhana,4008,Deulgaon Raja Balaji Agro Marketing Private Market APMC,20.44979226912179,76.31595598979672
MH,Maharashtra,344,Buldhana,2158,Jalgaon Jamod(Aasalgaon) APMC,21.06327658977178,76.48428064186439
MH,Maharashtra,344,Buldhana,573,Jalgaon(Jamod) APMC,21.088441237617044,76.4877470245763
MH,Maharashtra,344,Buldhana,4012,Jaykissan Krushi Uttpan Khajgi Bazar  APMC,20.55245817187701,76.2192284703038
MH,Maharashtra,344,Buldhana,148,Khamgaon APMC,20.627096200700347,76.54548098898726
MH,Maharashtra,344,Buldhana,1332,Lonar APMC,19.972226880978734,76.50359104012445
MH,Maharashtra,344,Buldhana,4004,Maharaja Agresen Private Krushi Utappan Bazar Sama APMC,20.4586931954477,76.33302153056363
MH,Maharashtra,344,Buldhana,574,Malkapur APMC,20.92525507286175,76.18861649930709
MH,Maharashtra,344,Buldhana,1333,Mehekar APMC,20.230365341409183,76.61004098921163
MH,Maharashtra,344,Buldhana,1922,Motala APMC,20.607032043116646,76.04331289122595
MH,Maharashtra,344,Buldhana,1334,Nandura APMC,20.76614194510615,76.43393533868974
MH,Maharashtra,344,Buldhana,1335,Sangrampur APMC,21.092194959467964,76.7948230155138
MH,Maharashtra,344,Buldhana,2159,Sangrampur(Varvatbakal) APMC,20.146251232637912,76.40456227949352
MH,Maharashtra,344,Buldhana,1336,Shegaon APMC,20.928005338968152,76.64640857366383
MH,Maharashtra,344,Buldhana,1924,Sindkhed Raja APMC,20.110312281322223,76.37633765458428
MH,Maharashtra,345,Chandrapur,1935,Bhadrawati APMC,20.134680985230514,79.22014155271964
MH,Maharashtra,345,Chandrapur,1348,Brahmpuri APMC,20.570734537756366,79.87673874308425
MH,Maharashtra,345,Chandrapur,580,Chandrapur APMC,19.954096815706773,79.36872864632056
MH,Maharashtra,345,Chandrapur,2163,Chandrapur(Ganjwad) APMC,20.012058252302143,79.30269874998022
MH,Maharashtra,345,Chandrapur,1349,Chimur APMC,20.419920614659297,79.3233934942473
MH,Maharashtra,345,Chandrapur,1352,Gondpimpri APMC,19.765734269191867,79.6679586054454
MH,Maharashtra,345,Chandrapur,1936,Korpana APMC,19.774398291321102,79.16160459989686
MH,Maharashtra,345,Chandrapur,1350,Mul APMC,20.00796567837653,79.73672287719168
MH,Maharashtra,345,Chandrapur,1351,Nagbhid APMC,20.580813826459725,79.72875859417711
MH,Maharashtra,345,Chandrapur,3456,Pombhurni APMC,19.87448556984004,79.70196771820153
MH,Maharashtra,345,Chandrapur,1933,Rajura APMC,19.692401936026187,79.35604880727989
MH,Maharashtra,345,Chandrapur,1353,Savali APMC,20.227609285820506,79.78989853074714
MH,Maharashtra,345,Chandrapur,1934,Sindevahi APMC,20.230040723236655,79.65117595058979
MH,Maharashtra,345,Chandrapur,1641,Varora APMC,20.27361706699192,79.5381267678675
MH,Maharashtra,346,Chattrapati Sambhajinagar,4026,Bhagyoday Cotton and Agri Market APMC,19.541622234480464,75.07350560845111
MH,Maharashtra,346,Chattrapati Sambhajinagar,557,Chattrapati Sambhajinagar APMC,19.879277579393975,75.49923925594275
MH,Maharashtra,346,Chattrapati Sambhajinagar,1906,Fulmbri APMC,19.908069761707555,75.29341082799617
MH,Maharashtra,346,Chattrapati Sambhajinagar,1319,Gangapur APMC,19.771590468438585,74.96532464327065
MH,Maharashtra,346,Chattrapati Sambhajinagar,1320,Kannad APMC,20.261645633222166,75.14384585090599
MH,Maharashtra,346,Chattrapati Sambhajinagar,2044,Khultabad APMC,20.118500140221034,75.17787721045424
MH,Maharashtra,346,Chattrapati Sambhajinagar,3989,Kisan Seva Private Market APMC,19.874360577079354,75.40668229064833
MH,Maharashtra,346,Chattrapati Sambhajinagar,1321,Lasur Station APMC,19.906199054440346,74.9826179163149
MH,Maharashtra,346,Chattrapati Sambhajinagar,3976,Maharashtra Agricultural Farm APMC,19.900947487852992,75.22310099847886
MH,Maharashtra,346,Chattrapati Sambhajinagar,1645,Paithan APMC,19.481650162486613,75.48088475278658
MH,Maharashtra,346,Chattrapati Sambhajinagar,558,Sillod APMC,20.221204288621585,75.70446454167147
MH,Maharashtra,346,Chattrapati Sambhajinagar,2153,Sillod(Bharadi) APMC,20.277870366153017,75.65525653153259
MH,Maharashtra,346,Chattrapati Sambhajinagar,2043,Soygaon APMC,20.61862340892736,75.32037352189329
MH,Maharashtra,346,Chattrapati Sambhajinagar,1322,Vaijpur APMC,19.96099435809922,74.78769884901615
MH,Maharashtra,347,Dharashiv(Usmanabad),1959,Bhoom APMC,18.37401721997255,76.1228958749622
MH,Maharashtra,347,Dharashiv(Usmanabad),1655,Dharashiv APMC,18.157268506534198,75.91658591173676
MH,Maharashtra,347,Dharashiv(Usmanabad),1599,Kalamb (Dharashiv) APMC,18.63624084912662,76.05978521842447
MH,Maharashtra,347,Dharashiv(Usmanabad),1600,Murum APMC,18.165845069647233,76.04430576401123
MH,Maharashtra,347,Dharashiv(Usmanabad),1960,Paranda APMC,17.98053974531447,76.19417240932825
MH,Maharashtra,347,Dharashiv(Usmanabad),1961,Tuljapur APMC,18.180389812045824,76.05966677826298
MH,Maharashtra,347,Dharashiv(Usmanabad),1962,Umarga APMC,18.241600361378207,76.02598906254588
MH,Maharashtra,347,Dharashiv(Usmanabad),2053,Washi (Dharashiv) APMC,18.624196698700537,75.66071824032012
MH,Maharashtra,348,Dhule,149,Dhule APMC,20.864921016226656,74.73554285138628
MH,Maharashtra,348,Dhule,545,Dondaicha APMC,21.3166778366049,74.56493149005307
MH,Maharashtra,348,Dhule,2133,Dondaicha(Sindhkheda) APMC,21.018703614779824,74.87114157013156
MH,Maharashtra,348,Dhule,4029,Janata Agri Market (DLS Agro Infrastructure Pvt Lt APMC,20.924600753336563,74.64517271801063
MH,Maharashtra,348,Dhule,3973,Keshranand Cotex  APMC,21.278757031264288,74.69690064874854
MH,Maharashtra,348,Dhule,4034,Pratap Nana Mahale Khajgi Bajar Samiti  APMC,20.840296287974873,74.66527578920356
MH,Maharashtra,348,Dhule,1288,Sakri APMC,21.042212706891778,74.12429014152184
MH,Maharashtra,348,Dhule,1289,Shirpur APMC,21.362124785450916,74.9419208592057
MH,Maharashtra,349,Gadchiroli,1937,Aheri APMC,19.382324454478614,80.0590892091536
MH,Maharashtra,349,Gadchiroli,1642,Armori APMC,20.452740348805623,80.08909515272633
MH,Maharashtra,349,Gadchiroli,2164,Armori(Desaiganj) APMC,20.570902149711436,79.99220416903128
MH,Maharashtra,349,Gadchiroli,1647,Chamorshi APMC,19.88753297874434,79.8534772312285
MH,Maharashtra,349,Gadchiroli,581,Gandchiroli APMC,19.666885831614955,80.06561054933069
MH,Maharashtra,349,Gadchiroli,3464,Sironcha APMC,18.826515268351322,80.17775494015844
MH,Maharashtra,350,Gondiya,578,Amgaon APMC,21.40931358279848,80.3763138536194
MH,Maharashtra,350,Gondiya,579,Arjuni APMC,21.13373573178162,80.15533443119187
MH,Maharashtra,350,Gondiya,3460,Devri APMC,20.96801459708927,80.33764916938055
MH,Maharashtra,350,Gondiya,1361,Gondiya APMC,21.193313220050328,80.24184576017684
MH,Maharashtra,350,Gondiya,1943,Goregaon APMC,21.329711539204908,80.24405189095715
MH,Maharashtra,350,Gondiya,3459,Sadak Arjuni APMC,21.13171515122691,80.10801925023202
MH,Maharashtra,350,Gondiya,1362,Tiroda APMC,21.350012571293913,79.95937464274138
MH,Maharashtra,351,Hingoli,3992,Adarsh Krushi Bazar APMC,19.487031674238256,77.57989494117905
MH,Maharashtra,351,Hingoli,1912,Akhadabalapur APMC,19.742567940879685,77.15404050144582
MH,Maharashtra,351,Hingoli,1913,Basmat APMC,19.304303280771368,77.0711175088037
MH,Maharashtra,351,Hingoli,3138,Basmat(Kurunda) APMC,19.360425667922126,77.19977868513004
MH,Maharashtra,351,Hingoli,4020,Gajanaan Krushi Bazar APMC,19.269792238306177,76.72018409061367
MH,Maharashtra,351,Hingoli,4017,Gajanan Krushi Utpanna Bazar (India) Pvt Ltd  APMC,19.533697125575088,77.09671363838211
MH,Maharashtra,351,Hingoli,565,Hingoli APMC,19.739942697382396,77.16411737813449
MH,Maharashtra,351,Hingoli,2156,Hingoli(Kanegoan Naka) APMC,19.344021836818115,74.8240734162068
MH,Maharashtra,351,Hingoli,1915,Jawala-Bajar APMC,19.440251914890002,76.93000270510876
MH,Maharashtra,351,Hingoli,1657,Kalamnuri APMC,19.684330948399154,77.3931114377042
MH,Maharashtra,351,Hingoli,4000,Marathawada Shetkari Khajgi Bazar Parisar APMC,19.68157530248629,77.22129549665043
MH,Maharashtra,351,Hingoli,4007,"Sant Namdev Krushi Bazar,  APMC",19.643613492995563,77.2123009042267
MH,Maharashtra,351,Hingoli,1914,Sengoan APMC,19.831533244975383,76.8505873469624
MH,Maharashtra,351,Hingoli,3990,Vitthal Krushi Utpanna Bazar  APMC,19.4842496844149,77.32026299547185
MH,Maharashtra,352,Jalana,1650,Ambad (Vadigodri) APMC,19.650037210345516,76.28298216102147
MH,Maharashtra,352,Jalana,2045,Ashti(Jalna) APMC,19.370191041135115,76.27272391036159
MH,Maharashtra,352,Jalana,560,Bhokardan APMC,20.254964337503402,75.81213586213222
MH,Maharashtra,352,Jalana,2154,Bhokardan(Pimpalgaon Renu) APMC,20.424297068994772,75.9877139610637
MH,Maharashtra,352,Jalana,2046,Ghansawangi APMC,19.492618054310352,76.0034482989332
MH,Maharashtra,352,Jalana,3453,Jafrabad APMC,20.225154237739947,75.97590758875535
MH,Maharashtra,352,Jalana,150,Jalana APMC,19.869044908975003,75.77366404075764
MH,Maharashtra,352,Jalana,2155,Jalna(Badnapur) APMC,19.962234098751452,75.80693804676821
MH,Maharashtra,352,Jalana,1907,Mantha APMC,19.667185408457613,76.27094477742328
MH,Maharashtra,352,Jalana,1323,Partur APMC,19.497411315281575,76.28843969542986
MH,Maharashtra,352,Jalana,3135,Partur(Vatur) APMC,19.75806385879144,75.8207718947795
MH,Maharashtra,353,Jalgaon,546,Amalner APMC,21.01249482722962,75.00880529236876
MH,Maharashtra,353,Jalgaon,1290,Bhusaval APMC,21.1131392653541,75.77095544510388
MH,Maharashtra,353,Jalgaon,1291,Bodwad APMC,20.956781206160688,76.08431302112247
MH,Maharashtra,353,Jalgaon,2134,Bodwad(Varangaon) APMC,20.892682040816783,75.84325301347197
MH,Maharashtra,353,Jalgaon,547,Chalisgaon APMC,20.437684141360535,75.05081884761852
MH,Maharashtra,353,Jalgaon,548,Chopada APMC,21.277937889622052,75.33565890365796
MH,Maharashtra,353,Jalgaon,1292,Dharangaon APMC,20.967423018229,75.21113095758268
MH,Maharashtra,353,Jalgaon,3975,Gopal Krishna Agro APMC,20.675238792209047,75.63714913384148
MH,Maharashtra,353,Jalgaon,3971,Govardhan Farm Produce Market  APMC,21.01269769094799,75.74754714083998
MH,Maharashtra,353,Jalgaon,3974,J S K Agro Market  APMC,19.869608677558233,75.33671266887809
MH,Maharashtra,353,Jalgaon,151,Jalgaon APMC,19.92122565136107,75.396286868392
MH,Maharashtra,353,Jalgaon,2135,Jalgaon(Masawat) APMC,19.90159504290281,75.38932777147258
MH,Maharashtra,353,Jalgaon,1293,Jamner APMC,20.72331636899967,75.7769575687155
MH,Maharashtra,353,Jalgaon,2136,Jamner(Neri) APMC,20.816063742063054,75.65091858571914
MH,Maharashtra,353,Jalgaon,3980,Laxmi Krushi Utpanna Khjgi Bajar APMC,20.948030449473585,75.52342342021039
MH,Maharashtra,353,Jalgaon,4015,Mahavir Agri Market APMC,19.862966334851166,75.36387806409667
MH,Maharashtra,353,Jalgaon,549,Pachora APMC,20.701467705548957,75.5562724250274
MH,Maharashtra,353,Jalgaon,2137,Pachora(Bhadgaon) APMC,20.51808206153699,75.23462069661643
MH,Maharashtra,353,Jalgaon,1294,Parola APMC,20.91613493771425,75.21238818253988
MH,Maharashtra,353,Jalgaon,1295,Raver APMC,21.25983230031176,75.96053959398505
MH,Maharashtra,353,Jalgaon,2138,Raver(Sauda) APMC,21.220427409933798,75.74545112936995
MH,Maharashtra,353,Jalgaon,3988,Sanghavi Agriculture Marketing  APMC,20.930687157558307,75.59537270113726
MH,Maharashtra,353,Jalgaon,3981,Shantilal Jain Agro APMC,20.67108990452569,75.48364596805338
MH,Maharashtra,353,Jalgaon,3982,Vijaya Agri Private Market APMC,21.084290258959157,75.18665699298118
MH,Maharashtra,353,Jalgaon,4002,Yashika Agro Marketing APMC,21.31553463977959,75.48742397683095
MH,Maharashtra,353,Jalgaon,1296,Yawal APMC,21.189746647180403,75.76491912275858
MH,Maharashtra,354,Kolhapur,1302,Gadhinglaj APMC,16.233787627702934,74.39571208083429
MH,Maharashtra,354,Kolhapur,1303,Jaysingpur APMC,16.767140372760675,74.6157990589519
MH,Maharashtra,354,Kolhapur,152,Kolhapur APMC,16.477986555136624,74.06983000389515
MH,Maharashtra,354,Kolhapur,2143,Kolhapur(Laxmipuri) APMC,16.71056368340488,74.19346124684607
MH,Maharashtra,354,Kolhapur,2144,Kolhapur(Malkapur) APMC,16.832959609807496,73.92676142229377
MH,Maharashtra,354,Kolhapur,1304,Vadgaonpeth APMC,16.59709338090289,74.22642076802502
MH,Maharashtra,355,Latur,1652,Ahmedpur APMC,18.64437186010952,76.92120056093685
MH,Maharashtra,355,Latur,1949,Aurad Shahajani APMC,18.090105347911916,76.9133032100379
MH,Maharashtra,355,Latur,1946,Ausa APMC,18.187796280889042,76.42274571442739
MH,Maharashtra,355,Latur,1948,Chakur APMC,18.535860542539204,76.91067011964466
MH,Maharashtra,355,Latur,3455,Devani APMC,18.304918300853497,77.02225965693121
MH,Maharashtra,355,Latur,2705,Jalkot APMC,18.654772105538477,77.19958205995331
MH,Maharashtra,355,Latur,153,Latur APMC,18.465858808069036,76.58185122786657
MH,Maharashtra,355,Latur,2167,Latur(Murud) APMC,18.443583194944093,76.24805638948091
MH,Maharashtra,355,Latur,1947,Nilanga APMC,18.11420989574262,76.80473211184082
MH,Maharashtra,355,Latur,3999,Rangrao Patil Krushi Utpanna Khajgi Bazar  APMC,18.391998946415924,76.23068223352291
MH,Maharashtra,355,Latur,1950,Renapur APMC,18.610863753574414,76.55109256874466
MH,Maharashtra,355,Latur,2049,Shirur Anantpal APMC,18.30457169345584,76.9167597362151
MH,Maharashtra,355,Latur,561,Udgir APMC,18.354735900237305,77.083297801926
MH,Maharashtra,355,Latur,3132,Udgir(Hali) APMC,18.50563543213437,77.05715254054874
MH,Maharashtra,356,Mumbai,2037,All India Cottonseed Crushers Association APMC,18.784455307961803,72.92165429572599
MH,Maharashtra,356,Mumbai,154,Mumbai APMC,19.107631027300073,72.92684203573572
MH,Maharashtra,356,Mumbai,2128,Mumbai- Fruit Market APMC,19.116149219007077,72.97482948057078
MH,Maharashtra,356,Mumbai,2127,Mumbai- Thane Market APMC,19.055776800919247,72.9316781637667
MH,Maharashtra,356,Mumbai,3970,NCDEX Spot Exchange  APMC,19.16666949442186,72.82358580827008
MH,Maharashtra,356,Mumbai,2703,Vashi New Mumbai APMC,19.144194718914125,73.06849596378736
MH,Maharashtra,358,Nagpur,1354,Bhiwapur APMC,20.734168876662054,79.47122447976324
MH,Maharashtra,358,Nagpur,3452,Hingna APMC,20.541723984462863,78.82467482347437
MH,Maharashtra,358,Nagpur,1355,Kalmeshwar APMC,21.258485699691875,78.97770194757179
MH,Maharashtra,358,Nagpur,3142,Kamthi APMC,21.59814717504863,79.3627483892904
MH,Maharashtra,358,Nagpur,1356,Katol APMC,21.293620944797556,78.55884571676178
MH,Maharashtra,358,Nagpur,3983,MS Kalpana Agri Commodities Marketing APMC,21.426524303652762,79.04374759846206
MH,Maharashtra,358,Nagpur,1938,Mandhal APMC,20.986949254248653,79.57029595277054
MH,Maharashtra,358,Nagpur,3461,Mauda APMC,21.151200488634068,79.3389006144008
MH,Maharashtra,358,Nagpur,155,Nagpur APMC,20.519911381203684,78.74550549529235
MH,Maharashtra,358,Nagpur,2165,Nagpur(Mahatma Phule Market) APMC,21.177434292429687,79.11293927221402
MH,Maharashtra,358,Nagpur,1357,Narkhed APMC,21.44359980814002,78.58867246661838
MH,Maharashtra,358,Nagpur,1940,Parshiwani APMC,21.363521122646397,79.18008660588923
MH,Maharashtra,358,Nagpur,1939,Ramtek APMC,21.356406501125395,79.30197273948917
MH,Maharashtra,358,Nagpur,582,Savner APMC,21.41588112311276,78.83044605567092
MH,Maharashtra,358,Nagpur,156,Umared APMC,20.847422872872066,79.39885406150513
MH,Maharashtra,359,Nanded,562,Bhokar APMC,19.126167677718385,77.72614096996594
MH,Maharashtra,359,Nanded,1958,Biloli APMC,18.81205529439544,77.700660547788
MH,Maharashtra,359,Nanded,563,Deglur APMC,18.583871347891225,77.56152196320018
MH,Maharashtra,359,Nanded,1206,Dharmabad APMC,18.863573942920993,77.86029833213459
MH,Maharashtra,359,Nanded,1368,Hadgaon APMC,19.49184376153221,77.72856991875187
MH,Maharashtra,359,Nanded,2168,Hadgaon(Tamsa) APMC,19.327395816418182,77.63270090487289
MH,Maharashtra,359,Nanded,1955,Himalyatnagar APMC,19.341076414392074,77.93231737169454
MH,Maharashtra,359,Nanded,2051,Islapur APMC,19.339174469737827,78.01099744804652
MH,Maharashtra,359,Nanded,1369,Kandhar APMC,18.79325375135317,77.20901408286564
MH,Maharashtra,359,Nanded,1951,Kinwat APMC,19.563298183688108,78.22336533058342
MH,Maharashtra,359,Nanded,1656,Kundalwadi APMC,19.3716534757736,77.51322779863322
MH,Maharashtra,359,Nanded,1957,Kuntur APMC,18.816618284908095,77.5760622129056
MH,Maharashtra,359,Nanded,1370,Loha APMC,19.01925488898444,77.05374500808324
MH,Maharashtra,359,Nanded,1956,Mahur APMC,19.151309370961982,77.51534804112656
MH,Maharashtra,359,Nanded,1952,Mudkhed APMC,19.13408975275707,77.51273130060737
MH,Maharashtra,359,Nanded,1953,Mukhed APMC,18.599221405203153,77.37490731707835
MH,Maharashtra,359,Nanded,3137,Mukhed(Mukkambad) APMC,18.463031667721086,77.38719113264094
MH,Maharashtra,359,Nanded,1371,Naigaon APMC,18.903182422270813,77.50262510445371
MH,Maharashtra,359,Nanded,564,Nanded APMC,19.0486662737162,77.5881601740698
MH,Maharashtra,359,Nanded,4031,Navratna Krishi Utpanna Khajgi Bazar  APMC,19.264636127089183,77.4882807075657
MH,Maharashtra,359,Nanded,3991,Shetkari Khajgi Bajar APMC,19.305445381149262,77.44004475327321
MH,Maharashtra,359,Nanded,1954,Umari APMC,19.84976799902255,78.2383493702557
MH,Maharashtra,360,Nandurbar,1898,Akkalkuwa APMC,21.543617699259578,73.94037757824039
MH,Maharashtra,360,Nandurbar,2041,Dhadgaon APMC,21.795817304567993,74.23608559552792
MH,Maharashtra,360,Nandurbar,3131,Nandubar(Koparli) APMC,21.38811979374256,74.47131057022561
MH,Maharashtra,360,Nandurbar,157,Nandurbar APMC,21.50108051735232,74.54285373027069
MH,Maharashtra,360,Nandurbar,1896,Navapur APMC,21.054047675713278,73.68845572901435
MH,Maharashtra,360,Nandurbar,1301,Shahada APMC,21.594239235725865,74.61276116850235
MH,Maharashtra,360,Nandurbar,1897,Taloda APMC,21.685207895920808,74.15642258835318
MH,Maharashtra,361,Nashik,4014,Baphana Agro Market Inc APMC,19.984206487355458,73.8680595229572
MH,Maharashtra,361,Nashik,163,Baswant APMC,20.178172779170236,74.1098191026142
MH,Maharashtra,361,Nashik,550,Chandvad APMC,20.278846094826097,74.2475637491262
MH,Maharashtra,361,Nashik,1895,Devala APMC,19.784095649071798,73.70165438407595
MH,Maharashtra,361,Nashik,1300,Dindori APMC,20.277913867699738,73.81979612116707
MH,Maharashtra,361,Nashik,2141,Dindori(Vani) APMC,20.342730892192858,73.87261497771773
MH,Maharashtra,361,Nashik,1653,Ghoti APMC,19.758221611368988,73.60310623558533
MH,Maharashtra,361,Nashik,1298,Kalvan APMC,20.593463598374846,73.9046234608943
MH,Maharashtra,361,Nashik,161,Lasalgaon APMC,20.143482833609035,74.3064462389133
MH,Maharashtra,361,Nashik,2139,Lasalgaon(Niphad) APMC,20.20214833558044,74.31804895728945
MH,Maharashtra,361,Nashik,3448,Lasalgaon(Vinchur) APMC,19.94024686514304,74.06039612959992
MH,Maharashtra,361,Nashik,158,Malegaon APMC,20.530706373184806,74.53670667277771
MH,Maharashtra,361,Nashik,4037,Malharshree Farmers Producer Co Ltd APMC,20.124351057933644,73.74584504261095
MH,Maharashtra,361,Nashik,4036,Mankamneshwar Farmar Producer CoLtd Sanchalit Mank APMC,20.093895820745868,73.97550724751758
MH,Maharashtra,361,Nashik,551,Manmad APMC,20.248749112211563,74.45265209602738
MH,Maharashtra,361,Nashik,3462,Nampur APMC,20.819679759907885,74.29652500213902
MH,Maharashtra,361,Nashik,1299,Nandgaon APMC,20.34937556866273,74.73055841391474
MH,Maharashtra,361,Nashik,2140,Nashik(Devlali) APMC,19.920757506496553,73.76169913196942
MH,Maharashtra,361,Nashik,160,Nasik APMC,20.04261712878051,73.81529345460022
MH,Maharashtra,361,Nashik,3993,Perfect Krishi Market Yard APMC,19.65237106593539,73.79726039257702
MH,Maharashtra,361,Nashik,162,Pimpalgaon APMC,20.166266617966986,73.9455786556705
MH,Maharashtra,361,Nashik,2142,Pimpalgaon Baswant(Saykheda) APMC,20.091443311754897,74.04329891044425
MH,Maharashtra,361,Nashik,4035,Premium Krushi Utpanna Bazar  APMC,19.998524414399956,74.12810756078684
MH,Maharashtra,361,Nashik,1633,Satana APMC,20.633112130482992,74.17622788396925
MH,Maharashtra,361,Nashik,4038,Shivsiddha Govind Producer Company Limited Sanchal APMC,19.87784137515814,73.7840785320294
MH,Maharashtra,361,Nashik,4033,Shree Rameshwar Krushi Market  APMC,20.266522722188178,73.42818220503793
MH,Maharashtra,361,Nashik,1644,Sinner APMC,19.886668229672303,74.01983155282967
MH,Maharashtra,361,Nashik,2040,Suragana APMC,20.557515247517166,73.70161578843357
MH,Maharashtra,361,Nashik,3458,Umrane APMC,20.484973688676014,74.2693909081112
MH,Maharashtra,361,Nashik,159,Yeola APMC,20.083194745008775,74.57172003683137
MH,Maharashtra,363,Parbhani,3463,Bori APMC,19.43609831093041,76.78079723372724
MH,Maharashtra,363,Parbhani,1324,Gangakhed APMC,18.92831910614815,76.71765011001501
MH,Maharashtra,363,Parbhani,4023,Hari Har Khajagi Bazar Parisar APMC,19.426852214764022,76.23960814914837
MH,Maharashtra,363,Parbhani,566,Jintur APMC,19.63449828577315,76.75491342704457
MH,Maharashtra,363,Parbhani,1325,Manwat APMC,19.20705578698676,76.66257111933946
MH,Maharashtra,363,Parbhani,1911,Palam APMC,19.006270541321907,77.03465629579576
MH,Maharashtra,363,Parbhani,567,Parbhani APMC,19.274655921092915,76.62801660797474
MH,Maharashtra,363,Parbhani,1909,Pathari APMC,19.209976128842204,76.41005189630444
MH,Maharashtra,363,Parbhani,1908,Purna APMC,19.196898366428975,76.99224703344882
MH,Maharashtra,363,Parbhani,4778,Sailu APMC,18.996695823654143,77.0129493942826
MH,Maharashtra,363,Parbhani,4006,Samartha Krushi Bajar Private Limited  APMC,19.641896252536057,76.43889473640552
MH,Maharashtra,363,Parbhani,1326,Selu APMC,19.457731868203936,76.37898854765315
MH,Maharashtra,363,Parbhani,4019,Shree Salasar Krushi Bazar  APMC,19.43095684590053,76.73291148480688
MH,Maharashtra,363,Parbhani,3457,Sirsam APMC,18.934442839242525,76.82061830593872
MH,Maharashtra,363,Parbhani,2047,Sonpeth APMC,18.950391692425725,76.54233641902655
MH,Maharashtra,363,Parbhani,1910,Tadkalas APMC,19.06237957301456,76.949797947959
MH,Maharashtra,364,Pune,552,Baramati APMC,18.228691170633645,74.67810409202426
MH,Maharashtra,364,Pune,1899,Bhor APMC,18.130796284753032,73.79217846692748
MH,Maharashtra,364,Pune,1305,Dound APMC,18.269194869270134,74.41183453582484
MH,Maharashtra,364,Pune,1118,Indapur APMC,18.224413301022675,74.94105118532535
MH,Maharashtra,364,Pune,2145,Indapur(Bhigwan) APMC,18.269165760578872,74.73629751303604
MH,Maharashtra,364,Pune,3134,Indapur(Nimgaon Ketki) APMC,18.001669801741954,74.9611225219883
MH,Maharashtra,364,Pune,1306,Junnar APMC,19.18070972928819,74.11402837975164
MH,Maharashtra,364,Pune,3128,Junnar(Alephata) APMC,19.164725320183766,74.09639074115456
MH,Maharashtra,364,Pune,3129,Junnar(Bhlhe) APMC,19.15524646856476,74.14462228529337
MH,Maharashtra,364,Pune,3130,Junnar(Narayangaon) APMC,19.14592273081909,73.92702603598481
MH,Maharashtra,364,Pune,2146,Junnar(Otur) APMC,19.253687782033673,74.03439938198927
MH,Maharashtra,364,Pune,165,Khed APMC,18.60257432339607,73.83708276433987
MH,Maharashtra,364,Pune,2147,Khed(Chakan) APMC,18.750974981222065,73.99050282547722
MH,Maharashtra,364,Pune,3451,Khed(Shel Pimpalgaon) APMC,18.751581506861395,73.93972511983455
MH,Maharashtra,364,Pune,553,Manchar APMC,18.968671788195397,73.94627226521395
MH,Maharashtra,364,Pune,2042,Mulshi APMC,18.497625905484615,73.52803271480204
MH,Maharashtra,364,Pune,1307,Nira APMC,18.058227906163278,74.17192473667441
MH,Maharashtra,364,Pune,2706,Nira(Saswad) APMC,18.44623039812259,73.94590426992166
MH,Maharashtra,364,Pune,164,Pune APMC,18.22314419653098,74.33790428902586
MH,Maharashtra,364,Pune,2149,Pune(Khadiki) APMC,18.543923193722126,73.91092940272074
MH,Maharashtra,364,Pune,3449,Pune(Manjri) APMC,18.60081724498134,74.01875606549785
MH,Maharashtra,364,Pune,3450,Pune(Moshi) APMC,18.704108676172158,73.99730055636098
MH,Maharashtra,364,Pune,2148,Pune(Pimpri) APMC,18.604646001508222,73.8479281646991
MH,Maharashtra,364,Pune,1654,Shirur APMC,18.766483339639382,74.20512504026871
MH,Maharashtra,364,Pune,1900,Talegaon Dabhade APMC,18.760985148269334,73.58334201538784
MH,Maharashtra,365,Raigad,1276,Alibagh APMC,18.666780202114975,72.93121144740591
MH,Maharashtra,365,Raigad,1277,Karjat(Raigad) APMC,18.94027387578661,73.28062837337066
MH,Maharashtra,365,Raigad,1884,Khalapur (Shil-Phata) APMC,18.75920646898606,73.17019524005246
MH,Maharashtra,365,Raigad,1885,Mahad APMC,18.503788530685494,73.14293143310923
MH,Maharashtra,365,Raigad,1886,Mangaon APMC,18.312584032968285,73.36960925136692
MH,Maharashtra,365,Raigad,1887,Murud APMC,18.39311499038018,72.9448756357348
MH,Maharashtra,365,Raigad,1631,Panvel APMC,18.890924415893412,73.12352614687217
MH,Maharashtra,365,Raigad,1888,Pen APMC,18.715492957250422,73.18619948080052
MH,Maharashtra,365,Raigad,1278,Roha APMC,18.508304720654962,73.11858896127244
MH,Maharashtra,366,Ratnagiri,1651,Ratnagiri (Nachane) APMC,16.998634330881902,73.26558737595913
MH,Maharashtra,367,Sangli,1901,Aatpadi APMC,16.98453224432243,74.8434573377505
MH,Maharashtra,367,Sangli,1308,Islampur APMC,16.975551102430874,74.27199396269806
MH,Maharashtra,367,Sangli,1903,Palus APMC,16.93415732550786,74.48067546760323
MH,Maharashtra,367,Sangli,166,Sangli APMC,16.83832979745803,74.55184125382286
MH,Maharashtra,367,Sangli,2710,Sangli(Miraj) APMC,16.86987475881853,74.51540037858642
MH,Maharashtra,367,Sangli,2150,"Sangli(Phale, Bhajipura Market) APMC",17.016222638006862,74.50754632172072
MH,Maharashtra,367,Sangli,3454,Shirala APMC,17.172562508879537,74.15352117809118
MH,Maharashtra,367,Sangli,1640,Tasgaon APMC,17.00120956489671,74.58049942580637
MH,Maharashtra,367,Sangli,1902,Vita APMC,17.301222631248688,74.49917710264376
MH,Maharashtra,368,Satara,1309,Dahivadi APMC,17.67780760166661,74.44735481139024
MH,Maharashtra,368,Satara,1904,Jawali APMC,18.001972486789498,73.84690995139952
MH,Maharashtra,368,Satara,1310,Karad APMC,17.2493146719723,74.22031150225439
MH,Maharashtra,368,Satara,1311,Koregaon APMC,17.781075451887315,74.2237503856929
MH,Maharashtra,368,Satara,554,Lonand APMC,18.005772702090905,74.05222625469553
MH,Maharashtra,368,Satara,1658,Patan APMC,17.37028549708049,74.01403684378448
MH,Maharashtra,368,Satara,1312,Phaltan APMC,17.986656421148314,74.39645977621005
MH,Maharashtra,368,Satara,1313,Satara APMC,17.287714020999424,74.1953771749992
MH,Maharashtra,368,Satara,1314,Vaduj APMC,17.5310016034635,74.49640639923207
MH,Maharashtra,368,Satara,1315,Vai APMC,17.828488220759386,73.8993190416353
MH,Maharashtra,369,Sholapur,1636,Akkalkot APMC,17.9008795551878,75.95139103312516
MH,Maharashtra,369,Sholapur,1637,Akluj APMC,17.82812960914397,74.99108736401321
MH,Maharashtra,369,Sholapur,167,Barshi APMC,20.617195234873435,77.1272143823705
MH,Maharashtra,369,Sholapur,2151,Barshi(Vairag) APMC,17.77822050401106,75.52780318184556
MH,Maharashtra,369,Sholapur,3141,Dudhani APMC,17.622152756463066,75.60044889649349
MH,Maharashtra,369,Sholapur,1316,Karmala APMC,17.832770100086293,75.79602572214726
MH,Maharashtra,369,Sholapur,1317,Kurdwadi APMC,18.12890904867989,75.80400432651291
MH,Maharashtra,369,Sholapur,2152,Kurdwadi(Modnimb) APMC,17.73554957596078,75.75634516257351
MH,Maharashtra,369,Sholapur,3996,Laxmi Sopan Agriculture Produce Marketing Co Ltd APMC,17.843869465653693,75.96218969444728
MH,Maharashtra,369,Sholapur,1318,Mangal Wedha APMC,17.801851692252015,75.26538298611757
MH,Maharashtra,369,Sholapur,1905,Mohol APMC,17.811112063499916,75.6937625005729
MH,Maharashtra,369,Sholapur,555,Pandharpur APMC,17.69150501727257,75.26894868994836
MH,Maharashtra,369,Sholapur,4028,Perfect Krishi Market Yard Pvt Ltd  APMC,18.04942070564358,75.85766709932136
MH,Maharashtra,369,Sholapur,556,Sangola APMC,17.591954657133197,75.43678501577887
MH,Maharashtra,369,Sholapur,168,Solapur APMC,17.73784340251196,75.88768953504854
MH,Maharashtra,370,Sindhudurg,1892,Sindhudurg APMC,16.220305900826233,73.70363080009193
MH,Maharashtra,371,Thane,1279,Bhivandi APMC,19.29680331326954,73.04776747893904
MH,Maharashtra,371,Thane,1893,Dahanu APMC,19.101493592111623,73.0690165973116
MH,Maharashtra,371,Thane,169,Kalyan APMC,19.308956936429382,73.08377340156984
MH,Maharashtra,371,Thane,3133,Kalyan(Cattle Market) APMC,19.06019402103324,73.00777002290927
MH,Maharashtra,371,Thane,4745,Mumbai-Onion And Potato Mkt APMC,19.110679253742916,72.94953592176704
MH,Maharashtra,371,Thane,1889,Murbad APMC,19.06468495139897,73.03519797764382
MH,Maharashtra,371,Thane,1890,Palghar APMC,19.101323092301044,73.06081024830456
MH,Maharashtra,371,Thane,1891,Shahapur APMC,19.531359245196036,73.46135749277171
MH,Maharashtra,371,Thane,1281,Ulhasnagar APMC,19.239540861657336,73.23631443630242
MH,Maharashtra,371,Thane,1280,Vasai APMC,19.06640824438156,73.02433733007187
MH,Maharashtra,372,Vashim,4030,Jai Gajanan Krishi Bazar APMC,17.36504164010279,73.03844535423698
MH,Maharashtra,372,Vashim,568,Karanja APMC,19.017208759338292,73.06014890059959
MH,Maharashtra,372,Vashim,4011,Krushna Krishi Bazar  APMC,21.11417669616214,77.64781177149398
MH,Maharashtra,372,Vashim,1932,Malegaon(Vashim) APMC,19.125689340446986,72.96316550656381
MH,Maharashtra,372,Vashim,1343,Mangrulpeer APMC,20.41961704102576,77.30106721261052
MH,Maharashtra,372,Vashim,1344,Manora APMC,18.949051742195202,72.97132583444117
MH,Maharashtra,372,Vashim,4001,N N Mundhada Agriculture Market Produce  APMC,20.549128785955148,79.6370577099133
MH,Maharashtra,372,Vashim,1345,Risod APMC,19.096525828578635,72.94767152674268
MH,Maharashtra,372,Vashim,4032,Shetkari Krushi Bazar APMC,17.567573336953732,73.30651454573034
MH,Maharashtra,372,Vashim,4016,Shri Balaji krishi Utpanna Bazar Samiti  APMC,17.090810520068015,73.46514982439855
MH,Maharashtra,372,Vashim,1632,Washim APMC,20.29866442735921,77.31928174080284
MH,Maharashtra,372,Vashim,2162,Washim(Ansing) APMC,17.440913637261747,73.4652122816391
MH,Maharashtra,373,Wardha,3984,Arihant Krishi Utpan Bazar  APMC,20.91498604677312,78.70558027646784
MH,Maharashtra,373,Wardha,1358,Arvi APMC,20.949021632178383,78.16368084110387
MH,Maharashtra,373,Wardha,1941,Ashti APMC,21.218593795965173,78.09746178165341
MH,Maharashtra,373,Wardha,2166,Ashti(Karanja) APMC,20.76934290419337,79.15740998718414
MH,Maharashtra,373,Wardha,3998,Higanghat Infrastructure Private Limited APMC,20.68536244815744,78.36044379977618
MH,Maharashtra,373,Wardha,170,Hinganghat APMC,20.508665035930953,78.77704946920664
MH,Maharashtra,373,Wardha,1359,Pulgaon APMC,20.803277808352373,78.34917293266156
MH,Maharashtra,373,Wardha,3994,Sai Agro Infratrade Pvt Agri Market APMC,21.159970888819416,78.46707520854895
MH,Maharashtra,373,Wardha,1942,Samudrapur APMC,20.55946040588731,79.08245408238169
MH,Maharashtra,373,Wardha,1360,Sindi APMC,20.772333818929813,78.88606023299904
MH,Maharashtra,373,Wardha,3139,Sindi(Selu) APMC,20.788593246815196,78.86232034690367
MH,Maharashtra,373,Wardha,1635,Wardha APMC,20.549525058873463,78.82197123318164
MH,Maharashtra,374,Yavatmal,2048,Aarni APMC,20.104630133741797,78.85966746523539
MH,Maharashtra,374,Yavatmal,1929,Babhulgaon APMC,20.589848847580907,78.16398147767512
MH,Maharashtra,374,Yavatmal,3986,Balaji Krushi Market APMC,19.922336901619683,78.24945479645646
MH,Maharashtra,374,Yavatmal,1925,Bori Arab APMC,19.833575191462746,78.06331674918623
MH,Maharashtra,374,Yavatmal,4027,Cottoncity Agro Foods Private Ltd APMC,20.099610343806823,78.3753359929695
MH,Maharashtra,374,Yavatmal,1337,Darwha APMC,20.390210549139372,77.73110357996481
MH,Maharashtra,374,Yavatmal,575,Digras APMC,20.07644598885844,77.75584136123267
MH,Maharashtra,374,Yavatmal,1338,Ghatanji APMC,20.042769091305715,78.24967047555832
MH,Maharashtra,374,Yavatmal,3987,Jagdamba Agrocare APMC,20.01107913667535,78.55154901525603
MH,Maharashtra,374,Yavatmal,1931,Kalamb APMC,20.427686687060607,78.27856430201652
MH,Maharashtra,374,Yavatmal,3979,Kisan Market Yard APMC,20.428894473943306,77.18288311234697
MH,Maharashtra,374,Yavatmal,1339,Mahagaon APMC,19.828462175390133,77.75859977614698
MH,Maharashtra,374,Yavatmal,3985,Mahavir Agriculture Produce Market  APMC,20.115118688214608,78.44085622787566
MH,Maharashtra,374,Yavatmal,3978,Mahavira Agricare APMC,20.122929937417926,78.58488775922868
MH,Maharashtra,374,Yavatmal,4018,"Mahesh Krushi Utpanna Bazar, Digras APMC",19.817559433980467,78.21898526071124
MH,Maharashtra,374,Yavatmal,1926,Maregoan APMC,20.158947539059433,78.7189379660048
MH,Maharashtra,374,Yavatmal,1927,Ner Parasopant APMC,19.415740443185136,78.18653721626502
MH,Maharashtra,374,Yavatmal,1340,Pandhakawada APMC,19.99229851203723,78.60785403563348
MH,Maharashtra,374,Yavatmal,1341,Pusad APMC,19.847591065219373,77.43611043155036
MH,Maharashtra,374,Yavatmal,1928,Ralegaon APMC,20.418885543531914,78.46331667522995
MH,Maharashtra,374,Yavatmal,3995,Ramdev Krushi Bazaar APMC,21.40136401815343,79.2706541908063
MH,Maharashtra,374,Yavatmal,4021,Renukadevi Private Market Yard  APMC,20.252530176274796,78.50450964002863
MH,Maharashtra,374,Yavatmal,3997,Shekari Krushi Khajgi Bazar APMC,19.982778145302554,78.42893932101593
MH,Maharashtra,374,Yavatmal,2161,Umarked(Danki) APMC,20.347292188870256,78.25809818858224
MH,Maharashtra,374,Yavatmal,1342,Umarkhed APMC,19.570689246530428,77.98694241618618
MH,Maharashtra,374,Yavatmal,576,Vani APMC,20.257213029875206,78.45147466341238
MH,Maharashtra,374,Yavatmal,577,Yeotmal APMC,20.08069317140464,78.06565429357384
MH,Maharashtra,374,Yavatmal,1930,ZariZamini APMC,20.27329761622925,78.500013600468
MN,Manipur,375,Bishnupur,584,Bishenpur APMC,24.542117920935887,93.81753290171702
MN,Manipur,378,Imphal East,171,Lamlong Bazaar APMC,24.90395953989443,93.94366101847899
MN,Manipur,379,Imphal West,583,Imphal APMC,24.807636438833327,93.96936407023601
MN,Manipur,380,Kakching,4398,Kakching Market APMC,24.265718124548293,93.86646026616909
MN,Manipur,384,Thoubal,1119,Thoubal APMC,24.576786140718433,93.92677017093874
MG,Meghalaya,386,East Garo Hills,1871,Williamnagar APMC,25.57104748406722,90.56703285515036
MG,Meghalaya,387,East Jaintia Hills,3157,Khliehriat APMC,25.23128979390406,92.26694409119905
MG,Meghalaya,388,East Khasi Hills,144,Mawiong Regulated Market APMC,25.26540410495805,91.65916072412632
MG,Meghalaya,388,East Khasi Hills,1872,Shillong APMC,25.57142921971533,91.87870234426407
MG,Meghalaya,388,East Khasi Hills,3154,Sohra APMC,25.493811552903964,91.55479693129902
MG,Meghalaya,389,Nongpoh (R-Bhoi),812,Nongpoh (R-Bhoi) APMC,25.90560054280047,91.98877842767811
MG,Meghalaya,391,South Garo Hills,544,Baghmara APMC,25.455882742435644,90.63926303345228
MG,Meghalaya,391,South Garo Hills,3160,Gasuapara APMC,25.239738816401786,90.33570737406623
MG,Meghalaya,392,South West Garo Hills,3162,Ampati APMC,25.547524217738587,89.99907799799355
MG,Meghalaya,392,South West Garo Hills,1869,Garobadha APMC,25.523514760697886,90.03873389560307
MG,Meghalaya,393,South West Khasi Hills,1873,Mawkyrwat APMC,25.321123356048997,91.33629546797762
MG,Meghalaya,394,West Garo Hills,1115,Dadengiri APMC,25.60030952993491,90.23167144661672
MG,Meghalaya,394,West Garo Hills,3161,Rongram APMC,25.289856692441052,90.85094552157305
MG,Meghalaya,394,West Garo Hills,1116,Tura APMC,25.588453720702194,90.14282461954613
MG,Meghalaya,395,West Jaintia Hills,3155,Dawki APMC,25.38668732727189,92.28768221840387
MG,Meghalaya,395,West Jaintia Hills,543,Jowai APMC,25.518319976769433,92.25127035223292
MG,Meghalaya,395,West Jaintia Hills,3158,Laskein APMC,25.510560575982506,92.4185639866371
MG,Meghalaya,395,West Jaintia Hills,3159,Wahiajer APMC,25.407848575605247,92.33006679925839
MG,Meghalaya,396,West Khasi Hills,1870,Nongstoin APMC,25.492569655724843,91.50609784825315
MZ,Mizoram,397,Aizawl,191,Dawrpuri APMC,23.68915264455462,92.6019373272727
MZ,Mizoram,397,Aizawl,586,Kolasib APMC,23.3017136480435,92.74095021205858
MZ,Mizoram,397,Aizawl,1687,Mission APMC,24.01136067302682,92.56207556227012
MZ,Mizoram,397,Aizawl,1120,Serchhip APMC,23.81430367098888,93.08795299486303
MZ,Mizoram,397,Aizawl,585,Vairengte APMC,23.493262239362938,92.71630690546088
MZ,Mizoram,398,Kolasib,1964,Bairabi APMC,24.146787313322125,92.5146027445253
MZ,Mizoram,399,Lungli,192,Lungli APMC,22.98334056349455,92.67430202964317
MZ,Mizoram,400,Mamit,1963,Kanhmun APMC,24.32643544550613,92.24390684220803
DL,NCT of Delhi,414,Delhi,3445,Azadpur APMC,28.636424306003207,77.20810632077026
DL,NCT of Delhi,414,Delhi,1629,"Fish,Poultry & Egg Market, Gazipur APMC",28.88271159682397,77.07147344737484
DL,NCT of Delhi,414,Delhi,2540,"Flower Market, Canaught Place(Pr. Yard,Mehrauli) APMC",28.577592320140727,77.44023585691458
DL,NCT of Delhi,414,Delhi,2539,"Flower Market, Fatehpuri(Principal Yard, Mehrauli) APMC",28.795813797442765,77.51913347630827
DL,NCT of Delhi,414,Delhi,1627,"Flower Market,Gazipur APMC",28.447667076717266,77.16659550613163
DL,NCT of Delhi,414,Delhi,1628,"Fodder Market, Mangolpuri APMC",28.440861597189016,76.77138436855395
DL,NCT of Delhi,414,Delhi,4707,"Fruit&Vegetable Market,Gazipur APMC",28.32566223936114,77.27869009283198
DL,NCT of Delhi,414,Delhi,423,Keshopur APMC,28.537247638137067,77.20999699355364
DL,NCT of Delhi,414,Delhi,1630,"Khoya Market, Kashmiri Gate APMC",28.59659089166897,77.33834082410267
DL,NCT of Delhi,414,Delhi,48,Najafgarh APMC,28.634580762353117,76.85576842616865
DL,NCT of Delhi,414,Delhi,47,Narela APMC,28.56994609005522,77.1892541635052
DL,NCT of Delhi,414,Delhi,424,Shahdara APMC,28.653827044719698,77.2712670526958
NG,Nagaland,402,Dimapur,1694,Dimapur APMC,25.94793661820199,93.66686010078992
NG,Nagaland,402,Dimapur,3290,Nuiland APMC,25.75218386218255,93.90655828419763
NG,Nagaland,403,Kiphire,3295,Kipheri APMC,25.822765560856986,94.83595718078313
NG,Nagaland,404,Kohima,195,Jalukie APMC,25.972423607046856,93.9717123204462
NG,Nagaland,404,Kohima,194,Khuzama APMC,25.55235534221533,94.13840599490472
NG,Nagaland,404,Kohima,1699,Kohima APMC,25.653030943422507,94.05904826198635
NG,Nagaland,405,Longleng,3294,Longleng APMC,26.546387142999258,94.83522812967355
NG,Nagaland,406,Mokokchung,3669,Mangkolemba APMC,26.532174422404353,94.39647368002528
NG,Nagaland,406,Mokokchung,589,Mokokchung Town APMC,26.453218821941263,94.47922159098945
NG,Nagaland,406,Mokokchung,3291,Tuli APMC,26.741013673489828,94.61369091877175
NG,Nagaland,407,Mon,4397,Mon APMC,26.625347309159704,94.94744560244298
NG,Nagaland,407,Mon,590,Naginimora APMC,26.784394260529602,94.86864550966716
NG,Nagaland,408,Peren,3296,Tenning APMC,25.385859860961652,93.63222178965972
NG,Nagaland,409,Phek,196,Pfatsero APMC,25.61859738095692,94.3137330122305
NG,Nagaland,409,Phek,1697,Phek APMC,25.62817530769193,94.46994658393211
NG,Nagaland,410,Tsemenyu,3292,Tsemenyu APMC,25.96360043148978,94.2306415561296
NG,Nagaland,411,Tuensang,1698,Tuensang APMC,26.275209819370307,94.70826103007849
NG,Nagaland,412,Wokha,3293,Baghty APMC,26.256350394931655,94.12720587841736
NG,Nagaland,412,Wokha,588,Wokha Town APMC,26.379747540029538,94.10630223504103
NG,Nagaland,413,Zunheboto,3289,Ghathashi APMC,25.81003766659245,94.44619745999265
NG,Nagaland,413,Zunheboto,1696,Zunheboto APMC,25.97485969582008,94.47592407154681
OR,Odisha,415,Angul,3090,Angaura APMC,18.38965933938259,82.36323878398048
OR,Odisha,415,Angul,197,Angul APMC,21.074151537288248,85.00562556240459
OR,Odisha,415,Angul,2712,Angul(Atthamallick) APMC,20.743866012711628,84.52061420372628
OR,Odisha,415,Angul,2711,Angul(Jarapada) APMC,20.8801068097887,84.79506392412279
OR,Odisha,415,Angul,3307,Pallahara APMC,21.548847926977963,85.32250068884404
OR,Odisha,415,Angul,1515,Talcher APMC,21.05102551619277,85.13248236105878
OR,Odisha,416,Balasore,4677,Balasore APMC,21.54734183227157,86.91806064408455
OR,Odisha,416,Balasore,1122,Bampada APMC,21.554873646764182,86.97077290267629
OR,Odisha,416,Balasore,3085,Barikpur APMC,21.844671475118517,86.55567969017555
OR,Odisha,416,Balasore,1513,Jaleswar APMC,21.388756231179066,87.09071862074384
OR,Odisha,416,Balasore,3306,Nilagiri APMC,21.45476291480318,86.80569810686153
OR,Odisha,417,Bargarh,198,Attabira APMC,21.444412205536228,83.80471963641669
OR,Odisha,417,Bargarh,199,Bargarh APMC,21.19453039786711,83.63711858058636
OR,Odisha,417,Bargarh,2714,Bargarh(Barapalli) APMC,21.23105521125083,83.60656316753935
OR,Odisha,417,Bargarh,3086,Godabhaga APMC,21.484024962931116,83.85155349903197
OR,Odisha,417,Bargarh,593,Padampur APMC,21.026928174779453,83.0444211901458
OR,Odisha,417,Bargarh,3093,Sohela APMC,21.252395957280715,83.35551210048338
OR,Odisha,419,Bhadrak,200,Bhadrak APMC,21.047380306483422,86.60743251390579
OR,Odisha,419,Bhadrak,1526,Chandabali APMC,20.809825711579684,86.68885147599153
OR,Odisha,419,Bhadrak,3087,Sahidngar APMC,21.478151065788445,86.67353616248222
OR,Odisha,421,Bolangir,595,Bolangir APMC,20.5181667904056,83.33661713438852
OR,Odisha,421,Bolangir,2719,Bolangir(Patnagarh) APMC,20.660099667760104,83.28267422736026
OR,Odisha,421,Bolangir,202,Kantabaji APMC,20.33627530856333,83.5478192381914
OR,Odisha,421,Bolangir,3080,Tusura APMC,20.54552733246626,83.42330237340786
OR,Odisha,422,Boudh,1507,Boudh APMC,20.586135705374726,83.9236608314608
OR,Odisha,422,Boudh,3082,Khunthabandha APMC,20.58169282610221,84.03211118317826
OR,Odisha,423,Cuttack,3305,Athagarh APMC,20.442100639223337,85.65684933265518
OR,Odisha,423,Cuttack,1517,Banki APMC,20.447268602065584,85.95841887024237
OR,Odisha,423,Cuttack,1502,Kendupatna APMC,20.83541241322418,85.70607050096383
OR,Odisha,423,Cuttack,2722,Kendupatna(Niali) APMC,20.537781487180016,85.95715538291984
OR,Odisha,423,Cuttack,4767,Rairangpur APMC,20.847743700610742,86.2587622949644
OR,Odisha,424,Deogarh,1518,Deogarh APMC,21.654749327651086,83.64369106797571
OR,Odisha,424,Deogarh,3094,Tileibani APMC,21.527515706919754,84.64163541010933
OR,Odisha,425,Dhenkanal,1514,Dhenkanal APMC,20.703786363320802,85.54931320854323
OR,Odisha,425,Dhenkanal,3308,Hindol APMC,20.732209102189838,85.33113255696266
OR,Odisha,425,Dhenkanal,1516,Kamakhyanagar APMC,20.957768287159002,85.60894927230687
OR,Odisha,425,Dhenkanal,3088,Mottagaon APMC,20.809468662420255,85.82686504202084
OR,Odisha,426,Gajapati,3081,Kasinagar APMC,18.92489095538474,83.76991095540492
OR,Odisha,426,Gajapati,1505,Parlakhemundi APMC,18.872195186232336,84.06043685808298
OR,Odisha,427,Ganjam,1506,Bhanjanagar APMC,20.027014831632822,84.49221445412815
OR,Odisha,427,Ganjam,1607,Digapahandi APMC,19.285283984428503,84.57841734291746
OR,Odisha,427,Ganjam,1527,Hinjilicut APMC,19.49638666067204,84.7827167592474
OR,Odisha,428,Jagatsinghpur,1503,Jagatsinghpur APMC,20.196070113631755,86.37317400160215
OR,Odisha,428,Jagatsinghpur,3304,Rahama APMC,20.341163223394584,86.37774505163816
OR,Odisha,429,Jajpur,204,Jajpur APMC,20.850021273757317,86.03736381747876
OR,Odisha,429,Jajpur,3091,Jhumpura APMC,20.939383713643434,86.03720666749447
OR,Odisha,430,Jharsuguda,1204,Jharsuguda APMC,21.823625728835633,83.92550246495041
OR,Odisha,431,Kalahandi,207,Bhawanipatna APMC,19.829797108911848,83.08122005181029
OR,Odisha,431,Kalahandi,205,Junagarh APMC,19.918581761345052,82.98857943646931
OR,Odisha,431,Kalahandi,2718,Kalahandi(Dharamagarh) APMC,19.876311451028556,82.82378522464641
OR,Odisha,431,Kalahandi,206,Kesinga APMC,20.236732892942378,83.22543066524165
OR,Odisha,431,Kalahandi,1528,Mukhiguda APMC,19.421687288279298,82.93573056124445
OR,Odisha,432,Kandhamal,1524,Kandhamal APMC,20.138707633704524,84.01159458957224
OR,Odisha,432,Kandhamal,208,Tikabali APMC,20.203493779145766,84.38340742639139
OR,Odisha,433,Kendrapara,3302,Chatta Krushak Bazar APMC,20.117633383065716,86.39673832632087
OR,Odisha,433,Kendrapara,3300,Gopa APMC,20.578138574950287,86.72312780329388
OR,Odisha,433,Kendrapara,203,Kendrapara APMC,20.460594626016448,86.55614524054555
OR,Odisha,433,Kendrapara,2720,Kendrapara(Marshaghai) APMC,20.39318397291788,86.45255532051424
OR,Odisha,433,Kendrapara,3301,Pattamundai APMC,20.512206625183495,86.56713678311495
OR,Odisha,434,Keonjhar,1522,Anandapur APMC,21.37727238377367,85.43988369815641
OR,Odisha,434,Keonjhar,1521,Champua APMC,21.74419480004631,85.16091748786869
OR,Odisha,434,Keonjhar,1520,Keonjhar APMC,21.577840455046093,85.5154560862175
OR,Odisha,434,Keonjhar,2721,Keonjhar(Dhekikote) APMC,21.582307637425743,85.41969123274282
OR,Odisha,434,Keonjhar,2715,Keonjhar(Jhumpura) APMC,21.551694648160534,85.02436110005274
OR,Odisha,434,Keonjhar,3092,Saharpada APMC,21.431858952451908,85.53037570928791
OR,Odisha,435,Khurda,3309,Aiginia Mandi APMC,20.071341441261293,85.66516332012111
OR,Odisha,435,Khurda,1523,Balugaon APMC,20.383479250904767,82.64453231380945
OR,Odisha,435,Khurda,3303,Damana Hat APMC,20.19023733052979,85.33802330538586
OR,Odisha,435,Khurda,1123,Jatni APMC,20.147876669724017,85.73097262022505
OR,Odisha,436,Koraput,211,Jeypore APMC,18.834798597067454,82.52554911455732
OR,Odisha,436,Koraput,2717,Jeypore(Kotpad) APMC,18.92106610629342,82.78739936289463
OR,Odisha,436,Koraput,591,Koraput APMC,18.769312065413686,82.59161261022182
OR,Odisha,436,Koraput,1688,Koraput(Semilguda) APMC,18.71410306198018,82.37708060812886
OR,Odisha,437,Malkangiri,209,Malkanagiri APMC,18.15287330663998,81.98505025056058
OR,Odisha,437,Malkangiri,2723,Malkangiri(Korakunda) APMC,18.3048568948843,81.93379579350797
OR,Odisha,438,Mayurbhanja,592,Baripada APMC,21.99832735272228,86.68137861048272
OR,Odisha,438,Mayurbhanja,1519,Betnoti APMC,21.750395304351468,86.82659081542029
OR,Odisha,438,Mayurbhanja,3299,Chuliaposi APMC,21.788803237591434,86.53350633455854
OR,Odisha,438,Mayurbhanja,1512,Karanjia APMC,21.84209269141274,86.01890640856449
OR,Odisha,438,Mayurbhanja,4747,Narasinghpur APMC,21.600431463699742,86.68069022221523
OR,Odisha,438,Mayurbhanja,3084,Saraskana APMC,22.182534850060986,86.55920348846314
OR,Odisha,438,Mayurbhanja,1511,Udala APMC,21.65625757083863,86.61733263773513
OR,Odisha,439,Nayagarh,1124,Bahadajholla APMC,20.11074074185258,84.91620860545102
OR,Odisha,439,Nayagarh,3089,Sarankul APMC,20.125464655213584,85.06325640002667
OR,Odisha,440,Nowarangpur,2724,Nabarangpur(Umerkote) APMC,20.018169407746818,85.32037684313089
OR,Odisha,440,Nowarangpur,212,Nawarangpur APMC,20.212179799396992,84.33562485250084
OR,Odisha,441,Nuapada,3297,Khariar APMC,20.78635676603945,82.53550511010853
OR,Odisha,441,Nuapada,594,Khariar Road APMC,20.912548664056484,82.51884745167494
OR,Odisha,442,Puri,3097,Dumal APMC,19.77851445390837,86.0587031356303
OR,Odisha,442,Puri,3096,Gabadkunda APMC,19.516493015843416,85.96017376203868
OR,Odisha,442,Puri,1504,Nimapara APMC,20.14282224722153,85.96982428297116
OR,Odisha,442,Puri,2725,Puri(Brahmagiri) APMC,19.75972080532702,85.60955283055375
OR,Odisha,442,Puri,213,Sakhigopal APMC,19.964724770429722,85.82945694726268
OR,Odisha,443,Rayagada,210,Gunpur APMC,19.139049328127427,83.78233192774464
OR,Odisha,443,Rayagada,214,Rayagada APMC,19.15900023828288,83.30875876263192
OR,Odisha,443,Rayagada,2716,Rayagada(Muniguda) APMC,19.64003554887557,83.39579091034787
OR,Odisha,445,Sambalpur,3083,Gosala APMC,21.331361916210316,83.9701714932433
OR,Odisha,445,Sambalpur,1509,Kuchinda APMC,21.721699123483727,84.3010444095056
OR,Odisha,445,Sambalpur,1508,Rairakhol APMC,21.171005626368473,84.32778998176543
OR,Odisha,445,Sambalpur,3298,Sahaspur APMC,25.681183951320087,85.15453356408388
OR,Odisha,445,Sambalpur,596,Sambalpur APMC,21.524353536179937,83.99169887844684
OR,Odisha,446,Sonepur,1525,Birmaharajpur APMC,20.88541503415217,83.98633174540316
OR,Odisha,446,Sonepur,201,Dungurapalli APMC,21.047903000428487,83.49967947070961
OR,Odisha,446,Sonepur,3095,Pandkital APMC,20.51810548863451,83.573617345039
OR,Odisha,447,Sundergarh,2713,Bonai APMC,21.77236545121667,84.97447862328768
OR,Odisha,447,Sundergarh,1125,Panposh APMC,22.161789798904575,84.72927935571644
OR,Odisha,447,Sundergarh,1510,Sargipali APMC,22.03748965369432,83.95694155903892
PC,Pondicherry,448,Karaikal,3359,Karaikal APMC,12.007104643421448,79.13432737737884
PC,Pondicherry,450,Pondicherry,1126,Madagadipet APMC,12.149717303257672,79.72483536029884
PC,Pondicherry,450,Pondicherry,242,Thattanchavady APMC,12.002437681849122,79.7523149170586
PB,Punjab,452,Amritsar,3416,Ajnala (Sudhar) APMC,31.8872500384479,74.84651444034118
PB,Punjab,452,Amritsar,597,Ajnala APMC,31.85391353743711,74.77161328291079
PB,Punjab,452,Amritsar,215,Amritsar APMC,31.606299500305102,74.7733493462263
PB,Punjab,452,Amritsar,2498,Amritsar(Amritsar Mewa Mandi) APMC,31.666247283642846,74.89411261487604
PB,Punjab,452,Amritsar,2700,Amritsar(Chehreta) APMC,31.660879686940675,74.97936812423114
PB,Punjab,452,Amritsar,1561,Attari APMC,31.558304857842298,74.57294516118793
PB,Punjab,452,Amritsar,1563,Chogawan APMC,31.606578232316362,75.04196842228981
PB,Punjab,452,Amritsar,1420,Gehri APMC,31.568070081887694,74.69734084164712
PB,Punjab,452,Amritsar,2499,Gehri(Jandiala mandi) APMC,31.602771909377797,74.8060096324897
PB,Punjab,452,Amritsar,1566,Majitha APMC,31.700857174139347,74.96145925502493
PB,Punjab,452,Amritsar,1567,Mehta APMC,31.630236677777493,75.22988081894357
PB,Punjab,452,Amritsar,1606,Rayya APMC,31.518300429022425,75.33050191067355
PB,Punjab,452,Amritsar,2497,Rayya(Sathiala) APMC,31.967805152076185,74.69340869137358
PB,Punjab,453,Barnala,236,Barnala APMC,30.446863564258233,75.55186681353459
PB,Punjab,453,Barnala,1590,Bhadaur APMC,30.507688777446983,75.2539312126615
PB,Punjab,453,Barnala,3021,Bhadaur(Sehna) APMC,30.135884769540457,75.47490571229768
PB,Punjab,453,Barnala,1592,Dhanaula APMC,30.18147878381032,75.6326502602969
PB,Punjab,453,Barnala,3427,Dhanula (Kaleke) APMC,30.271293956181246,75.51851349611582
PB,Punjab,453,Barnala,1594,Mehal Kalan APMC,30.40964881920556,75.48675512154234
PB,Punjab,453,Barnala,3431,Mehal Kallan (ChananWal) APMC,30.54743214729323,75.38957181703235
PB,Punjab,453,Barnala,1463,Tapa APMC,30.2533426508,75.36654613220288
PB,Punjab,453,Barnala,2485,Tapa(Sadar Bazar) APMC,30.362679857335674,75.49374854706788
PB,Punjab,453,Barnala,2486,Tapa(Tapa Mandi) APMC,30.276392697783553,75.42645176747365
PB,Punjab,454,Bhatinda,603,Bathinda APMC,30.246541833663038,75.03133503051106
PB,Punjab,454,Bhatinda,3421,Bhagta Bhai Ka (Jalal) APMC,30.567195997954123,75.1117019686743
PB,Punjab,454,Bhatinda,1569,Bhagta Bhai Ka APMC,30.558433498152997,75.17875264925829
PB,Punjab,454,Bhatinda,2507,Bhagta Bhai Ka(Kotha Guru Ka) APMC,30.502349887898983,75.15259132787259
PB,Punjab,454,Bhatinda,1421,Bhucho APMC,30.236948608478286,74.88895063763516
PB,Punjab,454,Bhatinda,1127,Goniana APMC,30.34923309310896,74.6921151464867
PB,Punjab,454,Bhatinda,3022,Goniana(Mehma Sarja) APMC,30.232456369611665,74.76446555043842
PB,Punjab,454,Bhatinda,1422,Maur APMC,30.206152668225936,75.29797368152525
PB,Punjab,454,Bhatinda,605,Raman APMC,30.048197005021304,75.18254148017995
PB,Punjab,454,Bhatinda,604,Rampura Phul APMC,30.17742952506814,75.24365950217275
PB,Punjab,454,Bhatinda,3024,Rampuraphul(Bhai Rupan) APMC,30.270287828921834,75.07459072404608
PB,Punjab,454,Bhatinda,3027,Rampuraphul(Chowke) APMC,30.271727930222514,74.99853629727988
PB,Punjab,454,Bhatinda,3025,Rampuraphul(Dhapali) APMC,30.23668174746116,74.90340032215327
PB,Punjab,454,Bhatinda,3026,Rampuraphul(Mehraj) APMC,30.47938280577803,75.30849698016752
PB,Punjab,454,Bhatinda,2505,Rampuraphul(Nabha Mandi) APMC,30.32691757910706,74.90665579918245
PB,Punjab,454,Bhatinda,1423,Sangat APMC,30.168487093900474,75.08148024988421
PB,Punjab,454,Bhatinda,1570,Talwandi Sabo APMC,30.1490300741919,75.23296249596108
PB,Punjab,454,Bhatinda,3028,Talwandi Sabo(Kot Fatta) APMC,30.32451751409939,75.01518918582991
PB,Punjab,454,Bhatinda,3029,Talwandi Sabo(Shekhupura) APMC,29.93906924187877,75.09124185368617
PB,Punjab,455,Faridkot,3429,Faridkot (Machakikalan) APMC,30.505190765501485,74.7864829349149
PB,Punjab,455,Faridkot,606,Faridkot APMC,30.58018281924256,74.80833181026368
PB,Punjab,455,Faridkot,1424,Jaitu APMC,30.493679244346243,74.90806682510166
PB,Punjab,455,Faridkot,2506,Jaitu(Bajakhana) APMC,30.48446276541015,74.95074051297593
PB,Punjab,455,Faridkot,217,Kotkapura APMC,30.611763357877447,74.81689605426376
PB,Punjab,455,Faridkot,1425,Sadiq APMC,30.703230608949713,74.46770913308413
PB,Punjab,456,Fatehgarh,607,Amloh APMC,30.707367766272828,76.17733650998431
PB,Punjab,456,Fatehgarh,2494,Amloh(Gobind Garh Mandi) APMC,30.686299757015174,76.36003597145138
PB,Punjab,456,Fatehgarh,1464,Bassi Pathana APMC,30.666414453230637,76.44890327000282
PB,Punjab,456,Fatehgarh,1465,Chanarthal APMC,30.602422594191626,76.31197298978798
PB,Punjab,456,Fatehgarh,3411,Khamano (Sanghol) APMC,30.80866446995384,76.39282896054304
PB,Punjab,456,Fatehgarh,1466,Khamano APMC,30.774278406928623,76.41200203193813
PB,Punjab,456,Fatehgarh,1128,Sirhind APMC,30.633756997888526,76.43803909380806
PB,Punjab,457,Fazilka,221,Abohar APMC,30.100283267536174,74.22708953946781
PB,Punjab,457,Fazilka,2503,Fazilka (Ladhuka) APMC,30.589114405425647,74.10843996957071
PB,Punjab,457,Fazilka,218,Fazilka APMC,30.300011297692592,74.18001301035765
PB,Punjab,457,Fazilka,219,Jalalabad APMC,30.616575701040986,74.29196098187238
PB,Punjab,458,Ferozpur,3031,Ferozepur Cantt(Jhok Harihar) APMC,30.88337831769714,74.63896238824542
PB,Punjab,458,Ferozpur,3441,"Ferozepur Cantt, (Sadehasham) APMC",30.891838553837836,74.62509557518555
PB,Punjab,458,Ferozpur,220,Ferozepur Cantt. APMC,30.944289224771786,74.49985112472424
PB,Punjab,458,Ferozpur,608,Firozepur City APMC,30.992598104160933,74.5592563010634
PB,Punjab,458,Ferozpur,224,Guru Har Sahai APMC,30.657730431867108,74.44136650097403
PB,Punjab,458,Ferozpur,1426,Makhu APMC,30.35599007628108,74.07684014569908
PB,Punjab,458,Ferozpur,3434,Mallanwala (KhosaDalSinghwala) APMC,30.60765679068914,74.07489725999709
PB,Punjab,458,Ferozpur,1572,Mallanwala APMC,30.49114014992972,73.89319029006582
PB,Punjab,458,Ferozpur,1573,Mamdot APMC,30.623421174123514,74.11629106814543
PB,Punjab,458,Ferozpur,3032,Mamdot(Tibbi Khurd) APMC,30.460703777795626,73.94582207346683
PB,Punjab,458,Ferozpur,609,Talwandi Bhai APMC,30.817464233476596,74.89934349138653
PB,Punjab,458,Ferozpur,3030,Talwandi Bhai(Mudki) APMC,30.79441444815748,74.86140545011966
PB,Punjab,458,Ferozpur,1427,Zira APMC,31.060548428753723,74.96377966538624
PB,Punjab,459,Gurdaspur,222,Batala APMC,31.76191638687833,75.21837605024852
PB,Punjab,459,Gurdaspur,1574,Dera Baba Nanak APMC,31.94850578010883,74.98646964978285
PB,Punjab,459,Gurdaspur,1430,Dhariwal APMC,31.984673515261058,75.45891715122278
PB,Punjab,459,Gurdaspur,1428,Dinanagar APMC,32.150282228858885,75.59016913373523
PB,Punjab,459,Gurdaspur,1575,F.G.Churian APMC,31.80728675847864,74.97882569630104
PB,Punjab,459,Gurdaspur,600,Gurdaspur APMC,31.865123646886993,75.12470410892058
PB,Punjab,459,Gurdaspur,1576,Kahnuwan APMC,31.94469174155678,75.36878513985039
PB,Punjab,459,Gurdaspur,1577,Kalanaur APMC,31.988906930663546,75.13827993838743
PB,Punjab,459,Gurdaspur,1429,Quadian APMC,31.9951118055091,75.1716998596055
PB,Punjab,459,Gurdaspur,1431,Sri Har Gobindpur APMC,31.586476512461946,75.42820924039415
PB,Punjab,459,Gurdaspur,2495,Sri Har Gobindpur(Harechowal) APMC,32.01840160620124,75.48752497035144
PB,Punjab,460,Hoshiarpur,1432,Dasuya APMC,31.73235798157298,75.68442651989427
PB,Punjab,460,Hoshiarpur,1433,Garh Shankar APMC,31.58986878110763,75.87923483310233
PB,Punjab,460,Hoshiarpur,2701,Garh Shankar(Mahalpur) APMC,31.33927309061977,76.090657404882
PB,Punjab,460,Hoshiarpur,3440,GarhShankar (Kotfatuhi) APMC,31.60258646013251,75.81410357126539
PB,Punjab,460,Hoshiarpur,2508,Garhshankar(Saila Khurd) APMC,31.26332733294679,76.10112659339991
PB,Punjab,460,Hoshiarpur,610,Hoshiarpur APMC,31.444899376249506,75.81997735844783
PB,Punjab,460,Hoshiarpur,2509,Hoshiarpur(Chara Mandi) APMC,31.462388534422182,75.75807509848772
PB,Punjab,460,Hoshiarpur,2702,Hoshiarpur(Sham Churasi) APMC,31.550039203703193,75.84077383414137
PB,Punjab,460,Hoshiarpur,611,Mukerian APMC,31.94619495339497,75.63768599913686
PB,Punjab,460,Hoshiarpur,2510,Mukerian(Talwara) APMC,31.882191787591278,75.81742598715995
PB,Punjab,460,Hoshiarpur,1434,Tanda Urmur APMC,31.68659750434646,75.55775872720933
PB,Punjab,461,Jalandhar,1435,Adampur APMC,31.565453955509213,75.75736937175066
PB,Punjab,461,Jalandhar,1436,Bhogpur APMC,31.527643069415237,75.68474579433928
PB,Punjab,461,Jalandhar,3409,Bilga (Talwan ) APMC,31.009672873561556,75.54248740431385
PB,Punjab,461,Jalandhar,1579,Bilga APMC,31.11371335458434,75.6767686256285
PB,Punjab,461,Jalandhar,1437,Goraya APMC,31.135748900548993,75.77378175997963
PB,Punjab,461,Jalandhar,2695,Jalandhar Cantt (Jamshedpur Dana Mandi) APMC,31.272805909420438,75.39011502075589
PB,Punjab,461,Jalandhar,2489,Jalandhar Cantt(Hoshiarpur Road) APMC,31.276842861893144,75.5355472341615
PB,Punjab,461,Jalandhar,1580,Jalandhar Cantt. APMC,31.281014435559577,75.62123039958496
PB,Punjab,461,Jalandhar,601,Jalandhar City APMC,31.41079974908682,75.61507120135728
PB,Punjab,461,Jalandhar,2488,Jalandhar City(Faintan Ganj) APMC,31.504147203422363,75.94123223000878
PB,Punjab,461,Jalandhar,2487,Jalandhar City(Jalandhar) APMC,31.292293140491886,75.60739665441268
PB,Punjab,461,Jalandhar,2694,Jalandhar City(Kartar Pur Dana mandi) APMC,31.32038853450432,75.61214488549858
PB,Punjab,461,Jalandhar,1438,Lohian Khas APMC,31.138729291273552,75.27624346496219
PB,Punjab,461,Jalandhar,3033,Mehatpur APMC,31.100264752768005,75.55242649412799
PB,Punjab,461,Jalandhar,622,Nakodar APMC,31.148322975244835,75.47303456937387
PB,Punjab,461,Jalandhar,3034,Nakodar(Sarih) APMC,31.072061877178204,75.55863228183824
PB,Punjab,461,Jalandhar,1581,Noor Mehal APMC,31.138211083192342,75.61029308701347
PB,Punjab,461,Jalandhar,3035,Noor Mehal(Kot Badal Khan) APMC,31.513400005070064,75.60910314641878
PB,Punjab,461,Jalandhar,602,Phillaur APMC,30.99689880199222,75.76093414014107
PB,Punjab,461,Jalandhar,2696,Phillaur(Apra Mandi) APMC,31.009555835360487,75.89505295662975
PB,Punjab,461,Jalandhar,1129,Shahkot APMC,31.022033609606535,75.35351913623155
PB,Punjab,461,Jalandhar,3418,Shakot (Malsian) APMC,31.160297704682478,75.34820084478501
PB,Punjab,462,Kapurthala,3415,Bhulath (Ibrahimaaaaval) APMC,31.376075491649857,75.53378589592124
PB,Punjab,462,Kapurthala,3408,Bhulath (Nadala) APMC,31.553203348936364,75.42888015793037
PB,Punjab,462,Kapurthala,1439,Bhulath APMC,31.648550541159896,75.54515552944268
PB,Punjab,462,Kapurthala,1440,Dhilwan APMC,31.574259913134927,75.40508448997994
PB,Punjab,462,Kapurthala,225,Kapurthala APMC,31.39316255972731,75.38813539449959
PB,Punjab,462,Kapurthala,614,Phagwara APMC,31.25018710206553,75.87090983579945
PB,Punjab,462,Kapurthala,223,Sultanpur APMC,31.086436843157642,75.13676564422813
PB,Punjab,462,Kapurthala,3407,Sultanpur Lodhi (Tibba) APMC,31.22072422882847,75.13544696072385
PB,Punjab,463,Ludhiana,1441,Doraha APMC,30.902071582850787,76.0392017388449
PB,Punjab,463,Ludhiana,1442,Hathur APMC,30.63271958810995,75.41488433193753
PB,Punjab,463,Ludhiana,227,Jagraon APMC,30.82022374314499,75.53209048506169
PB,Punjab,463,Ludhiana,226,Khanna APMC,30.718989263186874,76.36664807120465
PB,Punjab,463,Ludhiana,1582,Kila Raipur APMC,30.703086655387526,75.82010544311056
PB,Punjab,463,Ludhiana,3414,Killa Raipur (Jodhan) APMC,30.738828418921976,75.68735679193493
PB,Punjab,463,Ludhiana,1443,Ludhiana APMC,30.89742055304348,75.81717038001626
PB,Punjab,463,Ludhiana,2501,Ludhiana(Mandi gill Road) APMC,30.873128229042383,75.89218263829058
PB,Punjab,463,Ludhiana,2502,Ludhiana(Salem Tabri) APMC,30.965705031325033,75.40521894910736
PB,Punjab,463,Ludhiana,1444,Machhiwara APMC,30.97074146251651,76.2330976918796
PB,Punjab,463,Ludhiana,3420,Malaoud (Siar) APMC,30.765949090937713,75.90072041971534
PB,Punjab,463,Ludhiana,1445,Maloud APMC,30.622720691461478,76.0593599589113
PB,Punjab,463,Ludhiana,3691,Mansura APMC,30.80435698330504,75.74402602451939
PB,Punjab,463,Ludhiana,1583,Mullanpur APMC,30.87822189705153,75.73847912008455
PB,Punjab,463,Ludhiana,3406,Mullanpur Dakha (Sawadi) APMC,30.77830967697863,75.74773098262344
PB,Punjab,463,Ludhiana,3688,Nurpurbet APMC,30.970773371629186,76.14287139152998
PB,Punjab,463,Ludhiana,3693,Purain APMC,30.93891220681875,75.64384475536247
PB,Punjab,463,Ludhiana,3433,Raikot (Nathowal) APMC,30.6191409370205,75.63188924776735
PB,Punjab,463,Ludhiana,3425,Raikot (Talwandi rai) APMC,30.604456443850765,75.6279853404497
PB,Punjab,463,Ludhiana,612,Raikot APMC,30.635881216145663,75.62365258360823
PB,Punjab,463,Ludhiana,1446,Sahnewal APMC,30.948777000975323,75.97746725045957
PB,Punjab,463,Ludhiana,613,Samrala APMC,30.860857905412548,76.18056548439472
PB,Punjab,463,Ludhiana,3419,Sidhwan Bet (Lodhiwala) APMC,30.90603582346327,75.48608592409494
PB,Punjab,463,Ludhiana,1584,Sidhwan Bet APMC,30.841769266165954,75.49008205985994
PB,Punjab,463,Ludhiana,3689,kum Kalan APMC,30.763113492355636,75.55459110498272
PB,Punjab,463,Ludhiana,3690,lakhowal APMC,30.97001466695834,75.7476439434039
PB,Punjab,464,Mansa,3550,Ahemadpur APMC,29.884830589772026,75.56156733106428
PB,Punjab,464,Mansa,616,Bareta APMC,29.93921388253841,75.64492375523824
PB,Punjab,464,Mansa,1447,Bhikhi APMC,30.00195968138259,75.49990011703777
PB,Punjab,464,Mansa,2504,Boha APMC,29.81093784556085,75.45811459229765
PB,Punjab,464,Mansa,615,Budalada APMC,29.985454258756228,75.65834230800849
PB,Punjab,464,Mansa,3438,Budhlada (Phaphre Bhaike) APMC,29.95892393028123,75.48062962688701
PB,Punjab,464,Mansa,3549,Kankwal Chahlan APMC,30.002485649817125,75.67824950530003
PB,Punjab,464,Mansa,3443,Mansa (Bhamekalan) APMC,30.043684666423086,75.50213848877584
PB,Punjab,464,Mansa,3442,Mansa (Khiala kalan) APMC,30.051768588404098,75.13352297576463
PB,Punjab,464,Mansa,1130,Mansa APMC,29.810640312642185,75.48635655193661
PB,Punjab,464,Mansa,3023,Mansa(Ubha Buraj Dhilwan) APMC,30.083182935958675,75.35708153574168
PB,Punjab,464,Mansa,1131,Sardulgarh APMC,29.677452481603538,75.34513799671979
PB,Punjab,465,Moga,3430,Ajitwal (Chogawan) APMC,30.987824440682818,75.12864035579551
PB,Punjab,465,Moga,3436,Ajitwal (Dala) APMC,30.595929347421098,75.3030402157283
PB,Punjab,465,Moga,1451,Ajitwal APMC,30.761595986177248,75.3745527503931
PB,Punjab,465,Moga,1450,Badhni Kalan APMC,30.72240643926775,75.27737678003668
PB,Punjab,465,Moga,3432,Badhni Kallan (Bilaspur) APMC,30.668994720478185,75.16112359719398
PB,Punjab,465,Moga,228,Baghapurana APMC,30.500576373176106,75.10585374255386
PB,Punjab,465,Moga,1448,Dharamkot APMC,30.90717396047281,75.23946080704026
PB,Punjab,465,Moga,3368,Fatehgarh Panjtoor APMC,31.017332644016793,75.0672197632078
PB,Punjab,465,Moga,1571,Kot ise Khan APMC,30.874696969844024,75.19804652151082
PB,Punjab,465,Moga,229,Moga APMC,30.78199525861218,75.22066356893623
PB,Punjab,465,Moga,3426,Nihal Singh Wala (Himmatpura) APMC,30.569691298023187,75.29161365951585
PB,Punjab,465,Moga,3410,Nihal Singh Wala (Rautan) APMC,30.536236840199543,75.33491743669913
PB,Punjab,465,Moga,1449,Nihal Singh Wala APMC,30.622232431575934,75.2765935552278
PB,Punjab,466,Mohali,3435,Banur (Kheragaju) APMC,30.531493471731935,76.74351306457814
PB,Punjab,466,Mohali,1585,Banur APMC,30.39582703968268,76.66512541044303
PB,Punjab,466,Mohali,1587,Dera Bassi APMC,30.824149977035166,76.81126368545642
PB,Punjab,466,Mohali,1458,Kharar APMC,30.678957834461364,76.64909093323895
PB,Punjab,466,Mohali,1459,Kurali APMC,30.660189717907834,76.61221402584937
PB,Punjab,466,Mohali,793,Lalru APMC,30.400148900344146,76.62109954378023
PB,Punjab,467,Muktsar,1452,Bariwala APMC,30.561008792446856,74.60021833644805
PB,Punjab,467,Muktsar,617,Giddarbaha APMC,30.202356698420903,74.72437065198912
PB,Punjab,467,Muktsar,3422,Malout (Kilianwali) APMC,30.41049589628214,74.83205913089013
PB,Punjab,467,Muktsar,3417,Malout (Panniwala) APMC,30.260808755670027,74.30732653584148
PB,Punjab,467,Muktsar,231,Malout APMC,30.196658495797557,74.55894475449692
PB,Punjab,467,Muktsar,230,Muktsar APMC,30.22208219183274,74.45233775366147
PB,Punjab,468,Nawanshahr,1453,Balachaur APMC,31.365290414059174,76.34870077157962
PB,Punjab,468,Nawanshahr,3423,Banga (Kataria) APMC,31.250734578291723,75.96738448920877
PB,Punjab,468,Nawanshahr,1454,Banga APMC,31.202845801666566,75.97276808294193
PB,Punjab,468,Nawanshahr,2698,Nawan Shahar(Mandi Aur) APMC,30.930595165411717,75.93831478208396
PB,Punjab,468,Nawanshahr,2697,Nawan Shahar(Mandi Jadla) APMC,31.58945322240466,76.21625974387388
PB,Punjab,468,Nawanshahr,2491,Nawan Shahar(MandiRaho) APMC,30.83222789381379,75.92270396873883
PB,Punjab,468,Nawanshahr,2490,Nawan Shahar(Subzi Mandi) APMC,31.22983689340205,76.50543803286676
PB,Punjab,468,Nawanshahr,618,Nawanshahar APMC,31.13044539216724,76.06234564550503
PB,Punjab,469,Pathankot,1578,Narot J Singh APMC,32.301238319548425,75.42604322656749
PB,Punjab,469,Pathankot,3439,Pathankot (Kanwa) APMC,32.232525618050595,75.5080357516625
PB,Punjab,469,Pathankot,599,Pathankot APMC,32.24801286055876,75.68802652442237
PB,Punjab,470,Patiala,1455,Bhadson APMC,30.539436009296463,76.28051447879925
PB,Punjab,470,Patiala,1586,Dakala APMC,30.165721083079575,76.20924048461636
PB,Punjab,470,Patiala,619,Dudhansadhan APMC,30.480993895725202,76.12061714676992
PB,Punjab,470,Patiala,1588,Ghanaur APMC,30.360547831030235,76.65258167336306
PB,Punjab,470,Patiala,235,Nabha APMC,30.34878113477989,76.16189917979779
PB,Punjab,470,Patiala,232,Patiala APMC,30.360090431475534,76.34757430138208
PB,Punjab,470,Patiala,2699,Patiala(Anaj Mandi Sanaur Road) APMC,30.76860627579367,76.6143023784982
PB,Punjab,470,Patiala,2493,Patiala(New Anaj Mandi) APMC,30.361979184336562,76.34807159139169
PB,Punjab,470,Patiala,233,Patran APMC,29.847503547780896,76.00599210383986
PB,Punjab,470,Patiala,2492,Patran(Ghagga Mandi) APMC,30.044733545861416,76.1435331216627
PB,Punjab,470,Patiala,1456,Rajpura APMC,30.318545921252774,76.52087578632963
PB,Punjab,470,Patiala,234,Samana APMC,30.18174268623609,76.09420596704742
PB,Punjab,470,Patiala,3036,Samana(Gajewas) APMC,30.2509212455606,76.04738478357625
PB,Punjab,470,Patiala,3037,Samana(Kakrala) APMC,30.12065478160521,76.19825880905209
PB,Punjab,471,Ropar (Rupnagar),620,Anandpur Sahib APMC,31.27778512068727,76.5260305618253
PB,Punjab,471,Ropar (Rupnagar),1457,Chamkaur Sahib APMC,30.939626873579993,76.45276120865682
PB,Punjab,471,Ropar (Rupnagar),794,Morinda APMC,30.87821103851399,76.24042677063132
PB,Punjab,471,Ropar (Rupnagar),621,Ropar APMC,30.919524090413052,76.45745804028999
PB,Punjab,472,Sangrur,1460,Ahmedgarh APMC,30.62191044573579,75.78539845897545
PB,Punjab,472,Sangrur,1589,Amargarh APMC,30.5152484835047,75.93208121971787
PB,Punjab,472,Sangrur,240,Bhawanigarh APMC,30.299910320726653,76.07595986881235
PB,Punjab,472,Sangrur,3405,Cheema (Lonogal) APMC,30.247845450070855,75.65815883366847
PB,Punjab,472,Sangrur,1591,Cheema APMC,30.02578022491582,75.59551484629431
PB,Punjab,472,Sangrur,237,Dhuri APMC,30.433461830602685,75.8369535705861
PB,Punjab,472,Sangrur,3038,Dirba APMC,30.050552726418136,75.97252560938163
PB,Punjab,472,Sangrur,1461,Khanauri APMC,29.75943756837062,76.09941589547245
PB,Punjab,472,Sangrur,1593,Lehra Gaga APMC,29.884993146756553,75.84064201726656
PB,Punjab,472,Sangrur,238,Malerkotla APMC,30.463955899720432,75.8934172672984
PB,Punjab,472,Sangrur,1462,Moonak APMC,29.841580903235222,75.97040280765238
PB,Punjab,472,Sangrur,3906,Sandaur APMC,30.14209703193224,75.87607842928824
PB,Punjab,472,Sangrur,1595,Sangrur APMC,30.1649166998192,75.8347706892151
PB,Punjab,472,Sangrur,1596,Sherpur APMC,30.515493261096857,75.67592460647012
PB,Punjab,472,Sangrur,1597,Sulargharat APMC,30.295147927170284,75.5159219741973
PB,Punjab,472,Sangrur,239,Sunam APMC,30.07602678906555,75.758344814255
PB,Punjab,473,Tarntaran,3412,Bhikhiwind (Algo) APMC,31.51773576840511,75.05305969799733
PB,Punjab,473,Tarntaran,3413,Bhikhiwind (Basarke) APMC,31.718183823073016,74.50784895787244
PB,Punjab,473,Tarntaran,3424,Bhikhiwind (Marrimegha) APMC,31.329581791755647,74.67497303478507
PB,Punjab,473,Tarntaran,3428,Bhikhiwind (Sursingh) APMC,31.44650513884175,74.82389270363434
PB,Punjab,473,Tarntaran,1419,Bhikhiwind APMC,31.32241859571794,74.80203991353251
PB,Punjab,473,Tarntaran,2496,Bhikhiwind(Khalra) APMC,31.464899114548942,74.90232728568895
PB,Punjab,473,Tarntaran,1562,Chabhal APMC,31.46330954582481,75.24980370636443
PB,Punjab,473,Tarntaran,3364,Harike APMC,31.219122781820303,75.23314586182576
PB,Punjab,473,Tarntaran,1564,Khadur Sahib APMC,31.66869315442197,74.91143624976465
PB,Punjab,473,Tarntaran,2500,Khadur Sahib(Fetehabad) APMC,31.33343693382724,74.79482571077696
PB,Punjab,473,Tarntaran,1565,Khem karan APMC,31.458073655889528,75.13223887293205
PB,Punjab,473,Tarntaran,3404,Khemkaran (Amarkot) APMC,31.511099955947852,74.96945274932
PB,Punjab,473,Tarntaran,3437,Naushera Pannua (Dhotian) APMC,31.634891630669955,75.10263389192689
PB,Punjab,473,Tarntaran,1568,Naushera Pannuan APMC,31.521843233649175,74.8321370331034
PB,Punjab,473,Tarntaran,598,Patti APMC,31.756985691853586,74.92235095751262
PB,Punjab,473,Tarntaran,216,Tarantaran APMC,31.51712852677145,74.91627923955853
RJ,Rajasthan,475,Ajmer,243,Ajmer (Grain) APMC,26.427147281503192,74.58278731806877
RJ,Rajasthan,475,Ajmer,1610,Ajmer(F&V) APMC,26.326921092624495,74.7515928828632
RJ,Rajasthan,475,Ajmer,1132,Madanganj Kishangarh APMC,26.216044725343124,74.49667101585476
RJ,Rajasthan,476,Alwar,244,Alwar APMC,27.6157759191688,76.56960402425283
RJ,Rajasthan,476,Alwar,2742,Barodamev APMC,27.49097925998792,76.86294992386341
RJ,Rajasthan,476,Alwar,3567,Govindgarh APMC,27.539471331364833,77.00506772912324
RJ,Rajasthan,476,Alwar,246,Kherli APMC,27.128295387957863,77.02594967893235
RJ,Rajasthan,476,Alwar,2754,Laxmangarh - Barodamev  APMC,27.47286499850199,76.90901000273028
RJ,Rajasthan,476,Alwar,3560,Pahari APMC,27.243960889293255,76.98123774495075
RJ,Rajasthan,477,Anupgarh,256,Anupgarh APMC,29.21488293345826,73.26368444424924
RJ,Rajasthan,477,Anupgarh,1135,Gharsana APMC,28.953163147450155,73.02076086766262
RJ,Rajasthan,477,Anupgarh,1410,Jaitsar APMC,29.30714259703732,73.71999405214213
RJ,Rajasthan,477,Anupgarh,640,Raisingh Nagar APMC,29.628588263962975,73.36542827388327
RJ,Rajasthan,477,Anupgarh,1412,Rawla APMC,28.816480847212723,72.94108606430757
RJ,Rajasthan,477,Anupgarh,1414,Sri Vijayanagar APMC,29.207948116776315,72.74363354945923
RJ,Rajasthan,478,Balotra,1395,Balotra APMC,25.856603794940753,72.3186198515028
RJ,Rajasthan,479,Banswara,641,Banswara APMC,23.54644699955592,74.42375921582561
RJ,Rajasthan,480,Baran,2479,Anta APMC,25.1162900277976,76.36546960275098
RJ,Rajasthan,480,Baran,1400,Atru APMC,24.88224027063906,76.63348160428356
RJ,Rajasthan,480,Baran,247,Baran APMC,24.94592367692872,76.63144889188982
RJ,Rajasthan,480,Baran,1402,Chhabra APMC,24.675646337917772,76.83948905927849
RJ,Rajasthan,480,Baran,2747,Kawai Salpura - Atru APMC,24.779964848190087,76.62006856428438
RJ,Rajasthan,480,Baran,3888,Nahargarh APMC,24.903618997621695,76.87926808591183
RJ,Rajasthan,480,Baran,3889,Samraniyan APMC,25.10658995921218,77.07630009389037
RJ,Rajasthan,481,Barmer,629,Barmer APMC,25.510166610923648,71.14225725075765
RJ,Rajasthan,481,Barmer,3886,Chohtan APMC,25.468818783742112,70.91959158548426
RJ,Rajasthan,481,Barmer,3887,Dhorimanna APMC,25.243841228318356,71.36052344048808
RJ,Rajasthan,482,Beawar,623,Beawar APMC,26.156187265831868,74.26796212916217
RJ,Rajasthan,482,Beawar,1372,Bijaynagar APMC,26.035773827507615,74.59441570936241
RJ,Rajasthan,482,Beawar,1613,Jaitaran APMC,26.119751142940334,73.92729691840333
RJ,Rajasthan,483,Bharatpur,1377,Bayana APMC,26.975700103711162,77.3588763113661
RJ,Rajasthan,483,Bharatpur,248,Bharatpur APMC,27.013757218799885,77.19428832935984
RJ,Rajasthan,483,Bharatpur,4393,Bhusawar Bair APMC,26.786604984351627,77.26386199707686
RJ,Rajasthan,483,Bharatpur,1379,Nadwai APMC,27.178718298769354,77.25749082152059
RJ,Rajasthan,484,Bhilwara,250,Bhilwara APMC,25.552340839028535,74.33172494189985
RJ,Rajasthan,484,Bhilwara,2472,Bijolia APMC,25.144841743116128,75.38366742112088
RJ,Rajasthan,484,Bhilwara,2460,Gangapur APMC,25.261425763455442,74.26685623723645
RJ,Rajasthan,484,Bhilwara,2761,Gulabpura APMC,25.904333609417662,74.5653474128437
RJ,Rajasthan,484,Bhilwara,2459,Mandalgarh APMC,25.228689084954667,75.13867723176001
RJ,Rajasthan,485,Bikaner,3665,Bajju APMC,27.906314773296874,72.28561072426058
RJ,Rajasthan,485,Bikaner,1611,Bikaner (F&V) APMC,28.227251389338697,73.16846026266053
RJ,Rajasthan,485,Bikaner,626,Bikaner (Grain) APMC,27.778444004011977,72.5722674192411
RJ,Rajasthan,485,Bikaner,1381,Khajuwala APMC,28.74637324202924,72.61277025570335
RJ,Rajasthan,485,Bikaner,1382,Lunkaransar APMC,28.70369097068432,73.68860993218188
RJ,Rajasthan,485,Bikaner,1383,Nokha APMC,27.658775585277198,73.48984545298946
RJ,Rajasthan,485,Bikaner,3884,Pugal Road (Grain) APMC,28.21823263002169,73.23366841935052
RJ,Rajasthan,485,Bikaner,2463,Sridungargarh APMC,28.225521170004175,73.50376603880137
RJ,Rajasthan,486,Bundi,251,Bundi APMC,25.477524187582986,75.78028362898628
RJ,Rajasthan,486,Bundi,2480,Dei APMC,25.71918921515867,75.98050144902842
RJ,Rajasthan,486,Bundi,2466,Keshoraipatan APMC,25.352320005456995,76.02051901216657
RJ,Rajasthan,486,Bundi,2467,Sumerganj APMC,25.772805000903496,76.26754170499217
RJ,Rajasthan,487,Chittorgarh,2469,Barisadri APMC,24.88380244322715,74.6435858717434
RJ,Rajasthan,487,Chittorgarh,1415,Begu APMC,25.060493221843686,74.93194912998784
RJ,Rajasthan,487,Chittorgarh,1416,Chittorgarh APMC,24.86858453614337,74.6361565503835
RJ,Rajasthan,487,Chittorgarh,2471,Kapasan APMC,24.90458489495875,74.33355562146929
RJ,Rajasthan,487,Chittorgarh,252,Nimbahera APMC,24.61178250564843,74.66334405579613
RJ,Rajasthan,488,Churu,627,Churu APMC,28.141150512919054,74.67088703836477
RJ,Rajasthan,488,Churu,4674,Ratangarh APMC,28.040350650378308,74.69506248275238
RJ,Rajasthan,488,Churu,254,Sadulpur APMC,28.656429810533737,75.41286298217209
RJ,Rajasthan,488,Churu,2462,Sardar Shahar APMC,28.461690145526642,74.44035237834237
RJ,Rajasthan,488,Churu,1385,Sujangarh APMC,27.670167888922542,74.48161958497718
RJ,Rajasthan,489,Dausa,1392,Bandikui APMC,27.060938161126323,76.57609536435226
RJ,Rajasthan,489,Dausa,255,Dausa APMC,26.809930317303095,76.35910173383432
RJ,Rajasthan,489,Dausa,628,Lalsot APMC,26.551532377852187,76.3247606101982
RJ,Rajasthan,489,Dausa,2737,Mahuwa APMC,27.042245233278496,77.05702172606152
RJ,Rajasthan,489,Dausa,1394,Mandawar APMC,26.490841069928944,76.40060229133742
RJ,Rajasthan,489,Dausa,2733,Mandawari APMC,26.41419928484422,76.53673855726687
RJ,Rajasthan,490,Deedwana Kuchaman,272,Deedwana APMC,27.410600590494415,74.56771014760226
RJ,Rajasthan,490,Deedwana Kuchaman,271,Kuchaman City APMC,27.104645256533278,74.84771916966902
RJ,Rajasthan,491,Deeg,1378,Deeg APMC,27.436345288601924,77.37465088476111
RJ,Rajasthan,491,Deeg,249,Kama APMC,27.74841284341933,77.25357111042224
RJ,Rajasthan,491,Deeg,2741,Kumher APMC,27.27428825161731,77.3599689037853
RJ,Rajasthan,491,Deeg,1380,Nagar APMC,27.43518767395323,77.19397165878975
RJ,Rajasthan,491,Deeg,3561,Sikri APMC,27.63606606678589,77.05880877049742
RJ,Rajasthan,492,Dholpur,625,Dholpur APMC,26.533831061222276,75.03175632185724
RJ,Rajasthan,493,Dudu,4394,Dudu APMC,26.718653735288452,75.20647594115647
RJ,Rajasthan,494,Dungarpur,2470,Dungarpur APMC,23.88298135651945,73.72553905100843
RJ,Rajasthan,495,Ganganagar,1409,Gajsinghpur APMC,29.718729573759997,73.4650449988677
RJ,Rajasthan,495,Ganganagar,1411,Kesarisinghpur APMC,29.850409136002312,73.58482236262714
RJ,Rajasthan,495,Ganganagar,2484,Lalgarh Jatan - Sri Ganganagar Grain APMC,29.546735141411435,73.84453446374106
RJ,Rajasthan,495,Ganganagar,1136,Padampur APMC,29.620547188129287,73.62922881114214
RJ,Rajasthan,495,Ganganagar,3623,Ridmalsar APMC,29.565862969201977,73.76253158618836
RJ,Rajasthan,495,Ganganagar,1390,Sadulshahar APMC,29.891609564133514,74.27534628088517
RJ,Rajasthan,495,Ganganagar,1413,Sri Karanpur APMC,29.80736985400866,73.44649213795263
RJ,Rajasthan,495,Ganganagar,1614,Sriganganagar (F&V) APMC,29.41245845924592,73.68770503688695
RJ,Rajasthan,495,Ganganagar,257,Sriganganagar (Grain) APMC,29.134854945133007,74.04420927122949
RJ,Rajasthan,495,Ganganagar,1391,Suratgarh APMC,29.347591440481207,73.91589762260378
RJ,Rajasthan,496,Gangapur City,273,Gangapur City APMC,26.502237961200173,76.72634038620393
RJ,Rajasthan,497,Hanumangarh,1386,Bhadara APMC,29.104219656603597,75.12854766525231
RJ,Rajasthan,497,Hanumangarh,3626,Dablirathan APMC,29.5555338953046,74.1466216214254
RJ,Rajasthan,497,Hanumangarh,1387,Goluwala APMC,29.647975328516814,74.04309495107755
RJ,Rajasthan,497,Hanumangarh,258,Hanumangarh APMC,29.34163858904945,74.29786050967031
RJ,Rajasthan,497,Hanumangarh,2758,HanumangarhTown APMC,29.80267514753085,73.96244277930224
RJ,Rajasthan,497,Hanumangarh,1388,Nohar APMC,29.086910631431675,74.77533913000012
RJ,Rajasthan,497,Hanumangarh,260,Pilibanga APMC,29.478447285985222,74.02768782164536
RJ,Rajasthan,497,Hanumangarh,1389,Rawatsar APMC,29.223616214192145,74.39539248158111
RJ,Rajasthan,497,Hanumangarh,259,Sangriya APMC,29.75753145735324,74.48032098051084
RJ,Rajasthan,497,Hanumangarh,4675,Tibbi APMC,29.576440335689412,74.52375653626375
RJ,Rajasthan,498,Jaipur,261,Jaipur (F&V) APMC,26.897453207282005,75.81768727076134
RJ,Rajasthan,498,Jaipur,263,Jaipur (Grain) APMC,26.845844692820727,75.72948828773156
RJ,Rajasthan,498,Jaipur,3962,Rajdhanai Mandi (KukarKheda) APMC,27.017403263748623,75.722790398476
RJ,Rajasthan,499,Jaipur Rural,2475,Bagru APMC,27.25590862901756,75.47746719899142
RJ,Rajasthan,499,Jaipur Rural,2744,Bassi APMC,26.760815078414417,76.04225308614848
RJ,Rajasthan,499,Jaipur Rural,1612,Chaksu APMC,26.60573080272817,75.87416122527887
RJ,Rajasthan,499,Jaipur Rural,2739,Chomu (F&V) APMC,27.118913636254895,75.79943659276972
RJ,Rajasthan,499,Jaipur Rural,262,Chomu (Grain) APMC,27.253095132357622,75.7155529725332
RJ,Rajasthan,499,Jaipur Rural,264,Kishangarh Renwal APMC,27.161614942918824,75.3785952562963
RJ,Rajasthan,500,Jaisalmer,630,Jaisalmer APMC,26.95395942028629,70.93379520584632
RJ,Rajasthan,500,Jaisalmer,3661,Mohangarh APMC,27.33933445102774,71.21653799158635
RJ,Rajasthan,501,Jalore,1396,Bhinmal APMC,25.006848255788782,72.19401512360821
RJ,Rajasthan,501,Jalore,631,Jalore APMC,25.33807712720863,72.41578060796574
RJ,Rajasthan,502,Jhalawar,1401,Bhawani Mandi APMC,24.55783593992491,75.8683788845508
RJ,Rajasthan,502,Jhalawar,2751,Choumahla APMC,23.897578151179303,75.66185216740354
RJ,Rajasthan,502,Jhalawar,3890,Dag APMC,23.850486799155963,75.87057845683157
RJ,Rajasthan,502,Jhalawar,1403,Iklera APMC,24.346803304233006,76.5442247613513
RJ,Rajasthan,502,Jhalawar,633,Jhalarapatan APMC,24.51300402449796,76.1615924783521
RJ,Rajasthan,502,Jhalawar,1405,Khanpur APMC,24.704436882144446,76.2497055965301
RJ,Rajasthan,474,Jhunjhunu,1406,Chirawa APMC,28.265102793921315,75.6601976978917
RJ,Rajasthan,474,Jhunjhunu,3580,Gudhagorji APMC,27.877690477472687,75.49770052355767
RJ,Rajasthan,474,Jhunjhunu,636,Jhunjhunu APMC,28.090067356471764,75.42727837948927
RJ,Rajasthan,474,Jhunjhunu,265,Nawalgarh APMC,27.89770104296695,75.30210356218514
RJ,Rajasthan,474,Jhunjhunu,1408,Surajgarh APMC,28.30713482178935,75.87744184960849
RJ,Rajasthan,503,Jodhpur,2731,Bhagat Ki Kothi APMC,26.218160331091347,73.00323450676173
RJ,Rajasthan,503,Jodhpur,266,Jodhpur (F&V) APMC,26.182110441066786,73.01760578718516
RJ,Rajasthan,503,Jodhpur,267,Jodhpur (Grain) APMC,26.281037200252037,73.64406282206454
RJ,Rajasthan,504,Jodhpur Rural,1397,Bilara APMC,26.16125014428589,73.74500076034681
RJ,Rajasthan,504,Jodhpur Rural,2477,Osiyan Mathania APMC,26.63392609848155,72.8692011867284
RJ,Rajasthan,504,Jodhpur Rural,2464,Pipar City APMC,26.43563280254693,73.47753622915495
RJ,Rajasthan,505,Karauli,1133,Hindoun APMC,26.642355548504366,77.07694048530503
RJ,Rajasthan,506,Kekri,1374,Kekri APMC,26.013403400177186,75.14953062681614
RJ,Rajasthan,507,Khairthal Tijara,245,Khairthal APMC,27.74662997391483,76.7021720218071
RJ,Rajasthan,507,Khairthal Tijara,3882,Kishangarhbas APMC,27.822774845151596,76.8310924811685
RJ,Rajasthan,507,Khairthal Tijara,3568,Tijara APMC,27.95037496553638,76.8255449870006
RJ,Rajasthan,508,Kota,1404,Itawa APMC,25.54074409411556,76.43205008985963
RJ,Rajasthan,508,Kota,4395,Khatauli APMC,25.604752563279916,76.40567200435333
RJ,Rajasthan,508,Kota,2481,Kota (F&V) APMC,25.202247051107168,75.87341448007645
RJ,Rajasthan,508,Kota,268,Kota APMC,25.10210791866198,75.82031176100534
RJ,Rajasthan,508,Kota,3592,Manohararthana APMC,25.284442740346208,76.17159766221877
RJ,Rajasthan,508,Kota,634,Ramganjmandi APMC,25.139791285335384,76.05280342674713
RJ,Rajasthan,509,Kotputli- Behror,3566,Bansoor APMC,27.725462461641193,76.31953504058714
RJ,Rajasthan,509,Kotputli- Behror,3571,Behror APMC,27.645477807955757,76.27131613277955
RJ,Rajasthan,509,Kotputli- Behror,1393,Kotputli APMC,27.666721399714337,76.28589356580765
RJ,Rajasthan,510,Nagaur,270,Degana APMC,26.875360943976663,74.32008343355488
RJ,Rajasthan,510,Nagaur,3892,Jayal APMC,27.269099404839096,74.27416079634857
RJ,Rajasthan,510,Nagaur,637,Merta City APMC,26.568897771587995,73.9961679790991
RJ,Rajasthan,510,Nagaur,269,Nagaur APMC,27.027199472229043,73.7268474893421
RJ,Rajasthan,511,Neem Ka Thana,1407,Neem Ka Thana APMC,27.75586261300785,75.7961937917155
RJ,Rajasthan,511,Neem Ka Thana,639,Sri Madhopur APMC,27.460578055390148,75.65178325027551
RJ,Rajasthan,512,Pali,632,Pali APMC,25.47177903590335,73.42798806298357
RJ,Rajasthan,512,Pali,1398,Rani APMC,25.30698847526641,73.31955922963553
RJ,Rajasthan,512,Pali,2732,Sojat City APMC,25.15905667155931,73.24090937864436
RJ,Rajasthan,512,Pali,1399,Sojat Road APMC,25.989101985921643,73.73966539457716
RJ,Rajasthan,512,Pali,1134,Sumerpur APMC,25.31404605646835,73.09714990695743
RJ,Rajasthan,513,Phalodi,2745,Phalodi APMC,27.083630277808876,72.6228219469498
RJ,Rajasthan,514,Pratapgarh,4396,Arnod APMC,23.74372340298822,74.86979350015478
RJ,Rajasthan,514,Pratapgarh,3658,Chhotisadri APMC,24.17743290415569,74.92074544973306
RJ,Rajasthan,514,Pratapgarh,253,Pratapgarh APMC,24.014368222787038,74.53434749700716
RJ,Rajasthan,515,Rajsamand,1418,Rajsamand APMC,25.291197716588954,73.80945943351298
RJ,Rajasthan,516,Sanchore,2759,Raniwara APMC,24.773657480875958,72.24912893172954
RJ,Rajasthan,516,Sanchore,2465,Sanchore APMC,25.082967191858785,71.8632162522346
RJ,Rajasthan,517,Shahpura,3555,Shahpura APMC,25.55257610822246,74.91992416069243
RJ,Rajasthan,518,Sikar,2468,Fatehpur APMC,27.954066887012047,74.84717787154223
RJ,Rajasthan,518,Sikar,3963,Palsana APMC,27.54787420535168,75.35650863323164
RJ,Rajasthan,518,Sikar,638,Sikar APMC,27.60045242656393,75.03239816273538
RJ,Rajasthan,519,Sirohi,642,Abu Road APMC,24.614948503429712,72.72722160936756
RJ,Rajasthan,520,Swai Madhopur,4676,Khandar APMC,25.81072272212212,76.3263567105376
RJ,Rajasthan,520,Swai Madhopur,635,Sawai Madhopur APMC,26.07469741062023,76.37306764405736
RJ,Rajasthan,521,Tonk,1373,Deoli APMC,25.933861752352016,75.32434887477359
RJ,Rajasthan,521,Tonk,3791,Dooni APMC,25.837509168816503,75.66772198624591
RJ,Rajasthan,521,Tonk,1375,Malpura APMC,26.36609091582184,75.3488906498487
RJ,Rajasthan,521,Tonk,1376,Niwai APMC,26.403796447750107,75.84822789184824
RJ,Rajasthan,521,Tonk,624,Tonk APMC,26.064259046796874,75.86837870179886
RJ,Rajasthan,521,Tonk,2461,Uniyara APMC,25.957672003138903,75.641922112482
RJ,Rajasthan,522,Udaipur,1417,Fatehnagar APMC,24.76321717481904,74.11851480591551
RJ,Rajasthan,522,Udaipur,2738,Udaipur (F&V) APMC,25.84314770791662,75.85178740945446
RJ,Rajasthan,522,Udaipur,643,Udaipur (Grain) APMC,24.575295051900472,73.76291749148186
SK,Sikkim,523,East,2815,East Shikkim APMC,27.439909948914174,87.74620444650967
SK,Sikkim,523,East,274,Gangtok APMC,27.3303859096096,88.60100903271584
SK,Sikkim,523,East,275,Rangpo APMC,27.15403536108864,88.61930322017737
SK,Sikkim,523,East,1137,Rangpo Check Post APMC,27.63213976795259,87.64041941903588
SK,Sikkim,524,North Sikkim (Mangan),2797,Mangan APMC,27.828988532794572,88.63724173142157
SK,Sikkim,525,South Sikkim (Namchi),814,Kamling APMC,27.282269199579908,88.39053993163608
SK,Sikkim,525,South Sikkim (Namchi),815,Melli APMC,27.185618969840544,88.42448785018948
SK,Sikkim,525,South Sikkim (Namchi),2798,Namchi APMC,27.282881988201975,88.45829242401264
SK,Sikkim,526,West Sikkim (Gyalsing),2799,Gyalsing APMC,27.44842355907496,88.23924519341914
TN,Tamil Nadu,527,Ariyalur,2969,Andimadom APMC,11.432489690371003,79.36943004952863
TN,Tamil Nadu,527,Ariyalur,2967,Ariyalur Market APMC,11.136490980857062,79.02649317283768
TN,Tamil Nadu,527,Ariyalur,4055,Ariyalur(Uzhavar Sandhai) APMC,11.43854106940982,79.4003105342369
TN,Tamil Nadu,527,Ariyalur,284,Jayamkondam APMC,11.216991708681412,79.31691599615802
TN,Tamil Nadu,527,Ariyalur,4056,Jeyankondam (Uzhavar Sandhai ) APMC,11.016141357635465,79.42261383263927
TN,Tamil Nadu,527,Ariyalur,4874,Melanikuzhi APMC,11.31156507960158,79.50504914428893
TN,Tamil Nadu,528,Chengalpattu,4214,Chengalpet(Uzhavar Sandhai ) APMC,12.474251841043841,79.94845918272551
TN,Tamil Nadu,528,Chengalpattu,4220,Guduvancheri(Uzhavar Sandhai ) APMC,12.852139069010382,79.96573527313456
TN,Tamil Nadu,528,Chengalpattu,4219,Jameenrayapettai(Uzhavar Sandhai ) APMC,12.641720618066831,80.16646695506272
TN,Tamil Nadu,528,Chengalpattu,4218,Keelkattalai(Uzhavar Sandhai ) APMC,12.457637504595471,79.9251439325543
TN,Tamil Nadu,528,Chengalpattu,4217,Madhuranthagam(Uzhavar Sandhai ) APMC,12.507399828403637,79.93847332263987
TN,Tamil Nadu,528,Chengalpattu,4215,Medavakkam(Uzhavar Sandhai ) APMC,12.944224682347976,79.92522143288437
TN,Tamil Nadu,528,Chengalpattu,4216,Nanganallur(Uzhavar Sandhai ) APMC,12.859199270696006,79.90787577074927
TN,Tamil Nadu,528,Chengalpattu,4213,Pallavaram(Uzhavar Sandhai ) APMC,13.066075985967155,80.31399633265747
TN,Tamil Nadu,528,Chengalpattu,4221,Thirukalukundram(Uzhavar Sandhai ) APMC,12.468742380533648,79.99327938129193
TN,Tamil Nadu,530,Coimbatore,2417,Anaimalai APMC,10.589382529453466,76.95576220931196
TN,Tamil Nadu,530,Coimbatore,1675,Annur APMC,11.24775624468627,77.06061562554504
TN,Tamil Nadu,530,Coimbatore,277,Coimbatore APMC,11.061168297538018,76.91665679490859
TN,Tamil Nadu,530,Coimbatore,2429,Karamadai APMC,11.293936541377454,77.05951316109223
TN,Tamil Nadu,530,Coimbatore,2431,Kinathukadavu APMC,10.86186497504159,76.9689281777288
TN,Tamil Nadu,530,Coimbatore,4061,Kurichi(Uzhavar Sandhai ) APMC,11.090553338328647,76.9236286633296
TN,Tamil Nadu,530,Coimbatore,2432,Madathukulam APMC,11.256741390638464,76.75192245865601
TN,Tamil Nadu,530,Coimbatore,4060,Mettupalayam(Uzhavar Sandhai ) APMC,11.336092763106254,76.8851727058925
TN,Tamil Nadu,530,Coimbatore,2817,Negamam APMC,10.74295358317091,77.11349926395253
TN,Tamil Nadu,530,Coimbatore,2416,Palladam APMC,10.759806423369563,77.09433256906908
TN,Tamil Nadu,530,Coimbatore,2820,Pethappampatti APMC,11.018838184985862,76.71253623920332
TN,Tamil Nadu,530,Coimbatore,278,Pollachi APMC,10.654709464238014,76.99752469346191
TN,Tamil Nadu,530,Coimbatore,4059,Pollachi(Uzhavar Sandhai ) APMC,10.654593212403448,76.96265178193389
TN,Tamil Nadu,530,Coimbatore,2819,Pongalur APMC,11.229974230041314,77.06483638324681
TN,Tamil Nadu,530,Coimbatore,2428,Pudupalayam APMC,11.106270247519275,77.07242863302096
TN,Tamil Nadu,530,Coimbatore,4057,RSPuram(Uzhavar Sandhai ) APMC,11.019151004031707,76.96724319022329
TN,Tamil Nadu,530,Coimbatore,2821,Senjeri APMC,10.785565573928768,77.20911454814767
TN,Tamil Nadu,530,Coimbatore,1676,Sevur APMC,11.070201843873361,77.0757865069193
TN,Tamil Nadu,530,Coimbatore,4058,Singanallur(Uzhavar Sandhai ) APMC,11.079963796361586,77.04980136719344
TN,Tamil Nadu,530,Coimbatore,2430,Sulur APMC,11.056985820059055,77.14172074447892
TN,Tamil Nadu,530,Coimbatore,4062,Sulur(Uzhavar Sandhai ) APMC,11.002373153534597,76.90899787380883
TN,Tamil Nadu,530,Coimbatore,4064,Sundarapuram(Uzhavar Sandhai ) APMC,11.088359311106633,76.94319164797977
TN,Tamil Nadu,530,Coimbatore,276,Thiruppur APMC,11.177177417431249,76.7447242884362
TN,Tamil Nadu,530,Coimbatore,2818,Thondamuthur APMC,11.040476149141659,76.93933824161012
TN,Tamil Nadu,530,Coimbatore,1061,Udumalpet APMC,10.663542001875463,77.15867844076178
TN,Tamil Nadu,530,Coimbatore,4063,Vadavalli(Uzhavar Sandhai ) APMC,11.085305075700598,76.9332600348114
TN,Tamil Nadu,531,Cuddalore,3398,Bhuvanagiri APMC,11.547240511253317,79.7078416233747
TN,Tamil Nadu,531,Cuddalore,2932,Chidambaram APMC,11.372939757029107,79.721736872557
TN,Tamil Nadu,531,Cuddalore,4066,Chidambaram(Uzhavar Sandhai ) APMC,11.611712196785424,79.5310084726883
TN,Tamil Nadu,531,Cuddalore,645,Cuddalore APMC,11.767856821578839,79.73443283625359
TN,Tamil Nadu,531,Cuddalore,4065,Cuddalore(Uzhavar Sandhai ) APMC,11.732512447497463,79.78430198020457
TN,Tamil Nadu,531,Cuddalore,2424,Kattumaner koil APMC,11.270732184416547,79.53104420544378
TN,Tamil Nadu,531,Cuddalore,4847,Kattumannarkoil(Uzhavar Sandhai),11.28297720105531,79.59223889591173
TN,Tamil Nadu,531,Cuddalore,2423,Kurinchipadi APMC,11.689534570910414,79.64130389383308
TN,Tamil Nadu,531,Cuddalore,1217,Panruti APMC,11.836945184675946,79.60403409843475
TN,Tamil Nadu,531,Cuddalore,4068,Panruti(Uzhavar Sandhai ) APMC,11.594481693334485,79.72848525188402
TN,Tamil Nadu,531,Cuddalore,3399,Sethiathoppu APMC,11.473173785805967,79.63159325846716
TN,Tamil Nadu,531,Cuddalore,2933,Shrimushnam APMC,11.713660518540756,79.84900347927648
TN,Tamil Nadu,531,Cuddalore,2931,Tittakudi APMC,11.435709713038346,79.17317526432564
TN,Tamil Nadu,531,Cuddalore,4069,Vadalur(Uzhavar Sandhai ) APMC,11.572125372355002,79.84558122866952
TN,Tamil Nadu,531,Cuddalore,4894,Veppur APMC,11.541772176684956,79.06068501356926
TN,Tamil Nadu,531,Cuddalore,279,Virudhachalam APMC,11.494894123270916,79.41595588018671
TN,Tamil Nadu,531,Cuddalore,4067,Viruthachalam(Uzhavar Sandhai ) APMC,11.637011123050062,79.81031008549141
TN,Tamil Nadu,532,Dharmapuri,4074,AJattihalli(Uzhavar Sandhai ) APMC,12.256152467760613,78.1290042338371
TN,Tamil Nadu,532,Dharmapuri,1472,Dharampuri APMC,12.07871957218423,78.23830712530915
TN,Tamil Nadu,532,Dharmapuri,4070,Dharmapuri(Uzhavar Sandhai ) APMC,10.473147366345767,77.73068977929168
TN,Tamil Nadu,532,Dharmapuri,2038,Harur APMC,12.014250687141232,78.44369576755889
TN,Tamil Nadu,532,Dharmapuri,4073,Harur(Uzhavar Sandhai ) APMC,12.085274148669638,78.41652793546895
TN,Tamil Nadu,532,Dharmapuri,2985,Kambainallur APMC,12.283005847110845,78.30276516403285
TN,Tamil Nadu,532,Dharmapuri,4846,Karimangalam(Uzhavar Sandhai),12.305891398689177,78.15420126748754
TN,Tamil Nadu,532,Dharmapuri,4072,Palacode(Uzhavar Sandhai ) APMC,11.92370683908385,78.47313231432784
TN,Tamil Nadu,532,Dharmapuri,2418,Palakode APMC,12.341511470712973,78.07453578067249
TN,Tamil Nadu,532,Dharmapuri,2987,Papparapatti APMC,12.117322591791085,78.2105884131604
TN,Tamil Nadu,532,Dharmapuri,2984,Pappireddipatti APMC,11.939322824894726,78.35324939457341
TN,Tamil Nadu,532,Dharmapuri,2419,Pennagaram APMC,12.022371104081202,77.84627655029054
TN,Tamil Nadu,532,Dharmapuri,4071,Pennagaram(Uzhavar Sandhai ) APMC,12.144701806907182,78.58772675426282
TN,Tamil Nadu,533,Dindigul,4079,Batlagundu(Uzhavar Sandhai ) APMC,10.482865856231102,77.90036272818672
TN,Tamil Nadu,533,Dindigul,4077,Chinnalapatti(Uzhavar Sandhai ) APMC,10.379852211916797,77.91504520011958
TN,Tamil Nadu,533,Dindigul,1474,Dindigul APMC,10.458093320731448,77.98261676100337
TN,Tamil Nadu,533,Dindigul,4075,Dindigul(Uzhavar Sandhai ) APMC,10.40775981512605,77.50991328385014
TN,Tamil Nadu,533,Dindigul,2956,Gopalpatti APMC,10.212581602221382,78.10561442398402
TN,Tamil Nadu,533,Dindigul,4078,Kodaikkanal(Uzhavar Sandhai) APMC,10.118900533173456,78.00429111007479
TN,Tamil Nadu,533,Dindigul,2955,Natham APMC,10.338935562791297,77.96074923339962
TN,Tamil Nadu,533,Dindigul,2438,Oddunchairum APMC,10.119876879181747,77.76847768336546
TN,Tamil Nadu,533,Dindigul,2440,Palani APMC,10.428126633571873,77.56745938238213
TN,Tamil Nadu,533,Dindigul,4076,Palani(Uzhavar Sandhai ) APMC,10.41297907322532,77.5005215709751
TN,Tamil Nadu,533,Dindigul,3313,Vadamadurai  APMC,10.446964643700383,78.16419170116457
TN,Tamil Nadu,533,Dindigul,2954,Vathlagundu APMC,10.347440714024463,77.92470535792012
TN,Tamil Nadu,533,Dindigul,3312,Vedachandur APMC,10.578062033436588,77.87006071978169
TN,Tamil Nadu,533,Dindigul,4080,Vedasanthur(Uzhavar Sandhai ) APMC,10.43835354312296,78.06455610850611
TN,Tamil Nadu,534,Erode,2976,Alangeyam APMC,11.295025940895208,77.82176997388017
TN,Tamil Nadu,534,Erode,1223,Anthiyur APMC,11.759927655650875,77.68229449620814
TN,Tamil Nadu,534,Erode,1225,Avalpoonthurai APMC,11.19232730820922,77.76618998217663
TN,Tamil Nadu,534,Erode,2822,Bhavani APMC,11.509306655695605,77.29597296058971
TN,Tamil Nadu,534,Erode,281,Boothapadi APMC,11.530317919851287,77.859353679372
TN,Tamil Nadu,534,Erode,2823,Chithode APMC,11.467457868553758,77.70149803168083
TN,Tamil Nadu,534,Erode,2824,Dharapuram APMC,11.36697904714165,77.78436361834478
TN,Tamil Nadu,534,Erode,2835,Elumathur APMC,11.232943507967237,77.82469461293756
TN,Tamil Nadu,534,Erode,280,Erode APMC,11.324450739734608,77.73388146456134
TN,Tamil Nadu,534,Erode,2825,Gobichettipalayam APMC,11.409977803053692,77.49886117457388
TN,Tamil Nadu,534,Erode,4082,Gobichettipalayam(Uzhavar Sandhai ) APMC,11.468872833448364,77.62340463101093
TN,Tamil Nadu,534,Erode,2973,Gopichetty APMC,11.38975056817537,77.42987416839468
TN,Tamil Nadu,534,Erode,2826,Kangeyam APMC,11.057724451469948,77.58653178742213
TN,Tamil Nadu,534,Erode,1224,Kavunthapadi APMC,11.471030830794403,77.51184793499694
TN,Tamil Nadu,534,Erode,1065,Kodumudi APMC,11.187426015971251,77.75528085795234
TN,Tamil Nadu,534,Erode,2827,Kunnathur APMC,11.253942316145324,77.66761027924866
TN,Tamil Nadu,534,Erode,2828,Maylampadi APMC,11.358772607840192,77.5421204467401
TN,Tamil Nadu,534,Erode,1677,Moolanur APMC,11.586423983635093,77.6231414735102
TN,Tamil Nadu,534,Erode,2834,Muthur APMC,11.37725475911378,77.64118063008092
TN,Tamil Nadu,534,Erode,2974,Mylampadi APMC,11.524801645980322,77.70955245854958
TN,Tamil Nadu,534,Erode,2829,Nambiyur APMC,11.415334798298048,77.31719851112294
TN,Tamil Nadu,534,Erode,4084,Periyar Nagar(Uzhavar Sandhai ) APMC,11.620680865938036,77.8548429613514
TN,Tamil Nadu,534,Erode,2830,Perundurai APMC,11.241945162794185,77.61837978924724
TN,Tamil Nadu,534,Erode,4085,Perundurai(Uzhavar Sandhai ) APMC,11.188761885516325,77.56671240166283
TN,Tamil Nadu,534,Erode,4668,Punchaipuliyampatti APMC,11.486977999300791,77.64456873047514
TN,Tamil Nadu,534,Erode,4081,Sampath Nagar(Uzhavar Sandhai ) APMC,11.458420973760157,77.606053618657
TN,Tamil Nadu,534,Erode,4083,Sathiyamagalam(Uzhavar Sandhai ) APMC,11.377202113586211,77.18240972027822
TN,Tamil Nadu,534,Erode,3370,Sathyamangalam APMC,11.619567364271166,77.31476958866492
TN,Tamil Nadu,534,Erode,2427,Sivagiri APMC,11.2061638541236,77.85856793407588
TN,Tamil Nadu,534,Erode,2831,Thalavadi APMC,11.669243482467216,77.08527671691327
TN,Tamil Nadu,534,Erode,4086,Thalavadi(Uzhavar Sandhai ) APMC,11.476410224752918,78.02442602429758
TN,Tamil Nadu,534,Erode,2833,Vellankoil APMC,11.372016897552596,77.4885389219503
TN,Tamil Nadu,535,Kallakuruchi,4222,Kallakurichi(Uzhavar Sandhai ) APMC,11.871311287140498,78.33550823509957
TN,Tamil Nadu,535,Kallakuruchi,4224,Sankarapuram(Uzhavar Sandhai ) APMC,11.616911877625462,78.52717918396843
TN,Tamil Nadu,535,Kallakuruchi,4888,Thirunavalur APMC,11.761079777382651,79.3673372080769
TN,Tamil Nadu,535,Kallakuruchi,4223,Ulundurpettai(Uzhavar Sandhai ) APMC,12.099584635509235,78.11853646096819
TN,Tamil Nadu,536,Kancheepuram,1064,Acharapakkam APMC,12.367869390267616,79.77665752792592
TN,Tamil Nadu,536,Kancheepuram,3283,Chengalpattu APMC,12.766903477371189,80.19887243059149
TN,Tamil Nadu,536,Kancheepuram,2914,Gummidipoondy APMC,12.776379499201727,79.72863629023142
TN,Tamil Nadu,536,Kancheepuram,4087,Kancheepuram(Uzhavar Sandhai ) APMC,12.784496862729315,79.72005006320471
TN,Tamil Nadu,536,Kancheepuram,1467,Kanchipuram APMC,12.857354949305408,79.71243416667737
TN,Tamil Nadu,536,Kancheepuram,4090,Kundrathur(Uzhavar Sandhai ) APMC,13.069520888221557,79.85146638470589
TN,Tamil Nadu,536,Kancheepuram,1090,Maduranthagam APMC,12.438501456262442,79.84980780810486
TN,Tamil Nadu,536,Kancheepuram,2908,Nazerethpet APMC,13.038357829442495,80.02953866535702
TN,Tamil Nadu,536,Kancheepuram,4088,Padappai(Uzhavar Sandhai ) APMC,13.14810720864413,79.67831511675662
TN,Tamil Nadu,536,Kancheepuram,2912,Pallipattu APMC,12.906502168667778,79.95088710775758
TN,Tamil Nadu,536,Kancheepuram,2909,Ponner APMC,12.840314562751097,79.68755003008222
TN,Tamil Nadu,536,Kancheepuram,3153,Sunguvarchatram APMC,12.942766648394064,79.83964657003968
TN,Tamil Nadu,536,Kancheepuram,4089,Sunguvarchatram(Uzhavar Sandhai ) APMC,13.07689271620376,79.80382399515511
TN,Tamil Nadu,536,Kancheepuram,2911,Thirukkalukundram APMC,12.61547843267586,79.96527804801418
TN,Tamil Nadu,536,Kancheepuram,2420,Tiruttani APMC,13.144644624908723,79.69896427860189
TN,Tamil Nadu,536,Kancheepuram,1089,Uthiramerur APMC,12.653605944974684,79.80559545988156
TN,Tamil Nadu,536,Kancheepuram,2913,Uthukottai APMC,12.785272569341407,79.71280102208648
TN,Tamil Nadu,537,Karur,4860,Chinnadharapuram APMC,10.979929816118844,77.83722317569368
TN,Tamil Nadu,537,Karur,4855,Gandhigramam(Uzhavar Sandhai),12.707760093777702,77.70814503441494
TN,Tamil Nadu,537,Karur,4866,Irumboothipatty APMC,10.854127908246523,78.39185049006892
TN,Tamil Nadu,537,Karur,2966,Karur APMC,10.94282611198571,78.14568627266367
TN,Tamil Nadu,537,Karur,4091,Karur(Uzhavar Sandhai ) APMC,10.775402499087049,78.23359907327813
TN,Tamil Nadu,537,Karur,4872,Kulithalai APMC,10.832770293132082,78.50470176031342
TN,Tamil Nadu,537,Karur,4092,Kulithalai(Uzhavar Sandhai ) APMC,10.518038047139251,78.02849172191695
TN,Tamil Nadu,537,Karur,4094,Pallapatti (Uzhavar Sandhai ) APMC,10.887171056782977,78.21967104429322
TN,Tamil Nadu,537,Karur,4093,Velayuthampalayam(Uzhavar Sandhai ) APMC,10.81142348308499,78.31730146717105
TN,Tamil Nadu,537,Karur,4095,Vengamedu(Uzhavar Sandhai ) APMC,10.771874486495733,77.72179431618885
TN,Tamil Nadu,538,Krishnagiri,4100,Avallapalli(Uzhavar Sandhai ) APMC,12.660598062523034,77.74603269220528
TN,Tamil Nadu,538,Krishnagiri,2986,Bargur APMC,12.661740199240233,78.36405421396692
TN,Tamil Nadu,538,Krishnagiri,2988,Denkanikottai APMC,12.583749857120733,77.72302241276297
TN,Tamil Nadu,538,Krishnagiri,4099,Denkanikottai(Uzhavar Sandhai ) APMC,12.691599277059039,77.85612854670158
TN,Tamil Nadu,538,Krishnagiri,1674,Hosur APMC,12.732909617355208,77.83026438882771
TN,Tamil Nadu,538,Krishnagiri,4096,Hosur(Uzhavar Sandhai ) APMC,12.71455081244821,77.81573852930015
TN,Tamil Nadu,538,Krishnagiri,4098,Kaveripattinam(Uzhavar Sandhai ) APMC,12.749460775394056,77.92436996787906
TN,Tamil Nadu,538,Krishnagiri,4725,Kelamangalam APMC,12.62824410106913,77.90529419175333
TN,Tamil Nadu,538,Krishnagiri,1673,Krishnagiri APMC,12.466800347189736,77.89466864204977
TN,Tamil Nadu,538,Krishnagiri,4097,Krishnagiri(Uzhavar Sandhai ) APMC,12.79524889104967,77.8127156623501
TN,Tamil Nadu,538,Krishnagiri,1067,Pochampalli APMC,12.30091397846744,78.3976467724018
TN,Tamil Nadu,538,Krishnagiri,4774,Rayakottai APMC,12.542872053415227,78.0054580003505
TN,Tamil Nadu,538,Krishnagiri,2413,Uthangarai APMC,12.30335511126891,78.44068823080227
TN,Tamil Nadu,539,Madurai,4107,Anaiyur(Uzhavar Sandhai ) APMC,10.047113298011165,78.13473913550713
TN,Tamil Nadu,539,Madurai,4101,Anna nagar(Uzhavar Sandhai ) APMC,9.90789001465025,78.22355398847499
TN,Tamil Nadu,539,Madurai,4102,Chokkikulam(Uzhavar Sandhai ) APMC,9.929414440272687,78.06542193767835
TN,Tamil Nadu,539,Madurai,4721,Kallupatti RM APMC,9.729968073394286,77.85795608762102
TN,Tamil Nadu,539,Madurai,283,Madurai APMC,9.85138785693722,78.13579639543734
TN,Tamil Nadu,539,Madurai,2950,Melur APMC,10.055870846379003,78.31364347245328
TN,Tamil Nadu,539,Madurai,4106,Melur(Uzhavar Sandhai ) APMC,9.96474224681334,78.07279918991095
TN,Tamil Nadu,539,Madurai,4103,Palanganatham(Uzhavar Sandhai ) APMC,9.98547210330791,78.19558609040403
TN,Tamil Nadu,539,Madurai,1682,Thirumangalam APMC,9.79060241351734,77.92829594357153
TN,Tamil Nadu,539,Madurai,4105,Thirumangalam(Uzhavar Sandhai ) APMC,9.909451752698246,78.14199156260504
TN,Tamil Nadu,539,Madurai,4104,Usilampatti(Uzhavar Sandhai ) APMC,9.925116731815274,78.08363365842733
TN,Tamil Nadu,539,Madurai,2951,Usilampatty APMC,9.95774247672719,77.77853006266258
TN,Tamil Nadu,539,Madurai,4789,Vadipatti RM APMC,10.101169542572833,77.94134440482996
TN,Tamil Nadu,541,Nagapattinam,3750,Kilvelur APMC,10.708603295138202,79.79500835659381
TN,Tamil Nadu,541,Nagapattinam,2960,Kuttulam APMC,10.808533421272973,79.74725216111153
TN,Tamil Nadu,541,Nagapattinam,2961,Mailaduthurai APMC,11.096290947056842,79.60605400256138
TN,Tamil Nadu,541,Nagapattinam,4108,Mayiladuthurai(Uzhavar Sandhai ) APMC,10.799432852367381,79.82579992768564
TN,Tamil Nadu,541,Nagapattinam,2889,Nagapattinam APMC,10.745987757472825,79.91033823900709
TN,Tamil Nadu,541,Nagapattinam,4109,Nagapattinam(Uzhavar Sandhai ) APMC,10.802708061304248,79.85144176303392
TN,Tamil Nadu,541,Nagapattinam,1680,Sembanarkoil APMC,11.046730893022401,79.75521059202055
TN,Tamil Nadu,541,Nagapattinam,2962,Sirkali APMC,10.76688807800999,79.80497083023684
TN,Tamil Nadu,541,Nagapattinam,4110,Sirkali(Uzhavar Sandhai ) APMC,10.770008143000368,79.73793410479082
TN,Tamil Nadu,541,Nagapattinam,3751,Thirupoondi APMC,10.629832157175244,79.84834053214918
TN,Tamil Nadu,541,Nagapattinam,2963,Vedaranyam APMC,10.385475089153356,79.73797194867888
TN,Tamil Nadu,541,Nagapattinam,4854,Vedaranyam(Uzhavar Sandhai),10.398286623854528,79.75574953255588
TN,Tamil Nadu,542,Nagercoil (Kannyiakumari),3371,Eathamozhi APMC,8.220767521438736,77.43429727262955
TN,Tamil Nadu,542,Nagercoil (Kannyiakumari),3373,Kalliakavillai APMC,8.241303840621448,77.35879814323408
TN,Tamil Nadu,542,Nagercoil (Kannyiakumari),2890,Kanayakumari APMC,8.17291787981968,77.47708759962659
TN,Tamil Nadu,542,Nagercoil (Kannyiakumari),2989,Kulasekaram APMC,8.073478566304209,77.4047129855027
TN,Tamil Nadu,542,Nagercoil (Kannyiakumari),1685,Monday Market APMC,8.040037768713201,77.23740348516215
TN,Tamil Nadu,542,Nagercoil (Kannyiakumari),4212,Myladi(Uzhavar Sandhai ) APMC,7.883074517901056,77.3927392083912
TN,Tamil Nadu,542,Nagercoil (Kannyiakumari),3372,Thoduvetty APMC,8.26905634518936,77.40536507135332
TN,Tamil Nadu,542,Nagercoil (Kannyiakumari),681,Vadaseri APMC,8.21273467889948,77.46265732881093
TN,Tamil Nadu,542,Nagercoil (Kannyiakumari),4211,Vadaseri(Uzhavar Sandhai ) APMC,8.197090084359274,77.16428863454517
TN,Tamil Nadu,543,Namakkal,4114,Kumarapalayam(Uzhavar Sandhai ) APMC,11.361830271364143,77.76052490360506
TN,Tamil Nadu,543,Namakkal,4116,Mohanur(Uzhavar Sandhai ) APMC,11.291151447377974,78.01581256162686
TN,Tamil Nadu,543,Namakkal,2426,Namagiripettai APMC,11.432094187297183,78.2209501558141
TN,Tamil Nadu,543,Namakkal,646,Namakkal APMC,11.128048392960936,78.26144860245869
TN,Tamil Nadu,543,Namakkal,4111,Namakkal(Uzhavar Sandhai ) APMC,11.492648812903472,77.95958501830759
TN,Tamil Nadu,543,Namakkal,4115,Paramathivelur(Uzhavar Sandhai ) APMC,11.312839153141576,78.16478021332591
TN,Tamil Nadu,543,Namakkal,2939,Rasipuram APMC,11.2079618631114,78.17111248038543
TN,Tamil Nadu,543,Namakkal,4113,Rasipuram(Uzhavar Sandhai ) APMC,11.300182762589683,78.36767353908141
TN,Tamil Nadu,543,Namakkal,4884,Solakkadu APMC,11.31224532322422,78.35162721253596
TN,Tamil Nadu,543,Namakkal,2940,Tiruchengode APMC,11.338294163713524,77.94583216595173
TN,Tamil Nadu,543,Namakkal,4112,Tiruchengode(Uzhavar Sandhai ) APMC,11.456924675061392,78.0484299497559
TN,Tamil Nadu,544,Perambalur,4878,Perambalur APMC,11.321448081098339,78.89602965251444
TN,Tamil Nadu,544,Perambalur,4121,Perambalur(Uzhavar Sandhai ) APMC,10.951175709083309,78.88738250666026
TN,Tamil Nadu,544,Perambalur,4880,Poolambadi APMC,11.384635355028959,78.69987075414745
TN,Tamil Nadu,544,Perambalur,4122,Veppanthattai(Uzhavar Sandhai ) APMC,11.47649036867382,78.66685920298721
TN,Tamil Nadu,545,Pudukkottai,1681,Alangudi APMC,10.32600192788183,78.89080744446427
TN,Tamil Nadu,545,Pudukkottai,4125,Alangudi(Uzhavar Sandhai ) APMC,10.535764913108048,78.51400297208838
TN,Tamil Nadu,545,Pudukkottai,2957,Aranthangi APMC,10.145701027350771,78.9470171969215
TN,Tamil Nadu,545,Pudukkottai,4124,Aranthangi(Uzhavar Sandhai ) APMC,10.163716811857975,79.02156012444412
TN,Tamil Nadu,545,Pudukkottai,4685,Avudaiyarkovil APMC,10.066962126807606,79.11499426747731
TN,Tamil Nadu,545,Pudukkottai,4863,Gandarvakkottai APMC,10.567289997419527,78.96433986261272
TN,Tamil Nadu,545,Pudukkottai,4126,Gandarvakottai(Uzhavar Sandhai ) APMC,10.154965782251201,78.90601568518063
TN,Tamil Nadu,545,Pudukkottai,4715,Illuppur APMC,10.486024372772379,78.63308596094309
TN,Tamil Nadu,545,Pudukkottai,4127,Karambakkudi(Uzhavar Sandhai ) APMC,10.340308151843914,78.85666657704797
TN,Tamil Nadu,545,Pudukkottai,4870,Karambakudi APMC,10.419359736057135,79.15476342528476
TN,Tamil Nadu,545,Pudukkottai,4719,Keeramangalam APMC,10.238545450494644,79.02778548633438
TN,Tamil Nadu,545,Pudukkottai,4720,Keeranur APMC,10.581776393959005,78.73079004616365
TN,Tamil Nadu,545,Pudukkottai,4852,Ponnamaravathi(Uzhavar Sandhai),10.325431303389761,78.53373057690614
TN,Tamil Nadu,545,Pudukkottai,4752,Ponnamaravathy APMC,10.265144790888252,78.57719330023738
TN,Tamil Nadu,545,Pudukkottai,2891,Pudukottai APMC,10.349208973022266,78.75945045705116
TN,Tamil Nadu,545,Pudukkottai,4123,Pudukottai(Uzhavar Sandhai ) APMC,10.342100624225916,78.72447122853029
TN,Tamil Nadu,545,Pudukkottai,4128,Viralimalai(Uzhavar Sandhai ) APMC,10.066142256921022,78.78302726577787
TN,Tamil Nadu,546,Ramanathapuram,2981,Kamuthi APMC,9.333881628312167,78.41000921147806
TN,Tamil Nadu,546,Ramanathapuram,4131,Kamuthi(Uzhavar Sandhai ) APMC,9.630097050466413,78.75241782161555
TN,Tamil Nadu,546,Ramanathapuram,4744,Mudukulathur RM APMC,9.345045218552453,78.46669748121936
TN,Tamil Nadu,546,Ramanathapuram,2437,Paramakudi APMC,9.549859201241283,78.52195443540663
TN,Tamil Nadu,546,Ramanathapuram,4130,Paramakudi(Uzhavar Sandhai ) APMC,9.862682226716181,78.5814851689713
TN,Tamil Nadu,546,Ramanathapuram,2983,Rajasingamangalam APMC,9.611569604121572,78.42957557131272
TN,Tamil Nadu,546,Ramanathapuram,1475,Ramanathapuram APMC,9.385699131983682,78.57813738051021
TN,Tamil Nadu,546,Ramanathapuram,4129,Ramanathapuram(Uzhavar Sandhai ) APMC,9.668676079379102,78.65841255522642
TN,Tamil Nadu,546,Ramanathapuram,1684,Sivagangai APMC,9.435781988110262,78.80313882790517
TN,Tamil Nadu,546,Ramanathapuram,4785,Thiruvadanai RM APMC,9.917115642451618,79.10409329552499
TN,Tamil Nadu,547,Ranipet,4226,Arcot(Uzhavar Sandhai ) APMC,12.972629453311086,79.31238766145114
TN,Tamil Nadu,547,Ranipet,4225,Ranipettai(Uzhavar Sandhai ) APMC,12.936517937521563,79.28488760744595
TN,Tamil Nadu,548,Salem,4133,Ammapet(Uzhavar Sandhai ) APMC,11.758475197146586,78.24371424653812
TN,Tamil Nadu,548,Salem,4134,Athur(Uzhavar Sandhai ) APMC,11.969451449810878,77.77686096626886
TN,Tamil Nadu,548,Salem,4137,Attayampatti(Uzhavar Sandhai ) APMC,11.502249644690838,78.05887383629558
TN,Tamil Nadu,548,Salem,3361,Attur APMC,11.628152056173848,78.5942451134316
TN,Tamil Nadu,548,Salem,4142,Edapadi (Uzhavar Sandhai ) APMC,11.286182945250605,78.06812533868566
TN,Tamil Nadu,548,Salem,3967,Edappadi APMC,11.64616383513664,77.92854365447552
TN,Tamil Nadu,548,Salem,4139,Elampillai(Uzhavar Sandhai ) APMC,11.796003350429993,77.93082579536959
TN,Tamil Nadu,548,Salem,2947,Gangavalli APMC,11.321208200000024,78.58126106437393
TN,Tamil Nadu,548,Salem,4138,Hasthampatti(Uzhavar Sandhai ) APMC,11.649671243517544,77.9288113219712
TN,Tamil Nadu,548,Salem,4141,Jalagandapuram(Uzhavar Sandhai ) APMC,11.404235196686914,78.18048614579145
TN,Tamil Nadu,548,Salem,3966,Kadaiyampatti APMC,11.881868962961862,78.09416963986807
TN,Tamil Nadu,548,Salem,2948,Karumanturai APMC,11.82316850304194,78.7037919640469
TN,Tamil Nadu,548,Salem,2942,Kolathur APMC,11.725171625367746,77.74944384244652
TN,Tamil Nadu,548,Salem,2941,Konganapuram APMC,11.535685110192064,78.00601987031678
TN,Tamil Nadu,548,Salem,3965,Mecheri APMC,11.886542864148412,77.95797730945301
TN,Tamil Nadu,548,Salem,4848,Mecheri(Uzhavar Sandhai),11.814429245518886,77.85847357280977
TN,Tamil Nadu,548,Salem,4136,Mettur(Uzhavar Sandhai ) APMC,11.56831783661857,77.98083682627694
TN,Tamil Nadu,548,Salem,2946,Omalur APMC,11.743079205158176,78.13160762781332
TN,Tamil Nadu,548,Salem,1471,Salem APMC,11.725433246329693,78.18962477418201
TN,Tamil Nadu,548,Salem,3964,Sankagiri APMC,11.337004395510233,77.83266891757064
TN,Tamil Nadu,548,Salem,4132,Sooramangalam(Uzhavar Sandhai ) APMC,11.170666552334085,77.79177071886483
TN,Tamil Nadu,548,Salem,2945,Thalaivasal APMC,11.754833852786096,78.7171036524094
TN,Tamil Nadu,548,Salem,2425,Thammampati APMC,11.513678731868238,78.48980569183944
TN,Tamil Nadu,548,Salem,4140,Thammampatti (Uzhavar Sandhai ) APMC,11.62626748945505,78.02574914012563
TN,Tamil Nadu,548,Salem,4135,Thathakapatti(Uzhavar Sandhai ) APMC,11.539966699009616,78.07415393887655
TN,Tamil Nadu,548,Salem,2944,Vazhapadi APMC,11.729854201461949,78.3366201771165
TN,Tamil Nadu,548,Salem,4853,Vazhapadi(Uzhavar Sandhai),11.736155650597599,78.33581047146542
TN,Tamil Nadu,549,Sivaganga,4858,Ammapattai APMC,9.905162368439177,78.41961516207836
TN,Tamil Nadu,549,Sivaganga,4144,Devakottai (Uzhavar Sandhai ) APMC,10.065724448440424,78.77713101212959
TN,Tamil Nadu,549,Sivaganga,2982,Devakottai APMC,10.107992984969746,78.72623094754218
TN,Tamil Nadu,549,Sivaganga,4716,Ilaiyangudi APMC,9.635390597155258,78.64987476842431
TN,Tamil Nadu,549,Sivaganga,2980,Karaikudi APMC,10.086517933551828,78.83053384897427
TN,Tamil Nadu,549,Sivaganga,4145,Karaikudi(Uzhavar Sandhai ) APMC,9.92267640169249,78.22705920762002
TN,Tamil Nadu,549,Sivaganga,2978,Manamadurai  APMC,9.637091329003413,78.47488183244052
TN,Tamil Nadu,549,Sivaganga,4147,Singampunari(Uzhavar Sandhai ) APMC,9.640375246371544,78.33738128818356
TN,Tamil Nadu,549,Sivaganga,2979,Singampuneri APMC,10.246630598402525,78.44905311358723
TN,Tamil Nadu,549,Sivaganga,4143,Sivagangai (Uzhavar Sandhai ) APMC,9.981892959702,78.45687446768929
TN,Tamil Nadu,549,Sivaganga,4784,Thiruppuvanamrm APMC,9.771262206198399,78.18272029770316
TN,Tamil Nadu,549,Sivaganga,4146,Tirupatthur(Uzhavar Sandhai ) APMC,9.593611189887191,78.30743936884755
TN,Tamil Nadu,550,Tenkasi,4857,Alangulam APMC,8.812896835898329,77.5747107100037
TN,Tamil Nadu,550,Tenkasi,4868,Kadayanallur APMC,9.159498224403457,77.31592056477407
TN,Tamil Nadu,550,Tenkasi,4877,Pavoorchatram APMC,8.967518177497622,77.34549677744313
TN,Tamil Nadu,550,Tenkasi,4227,Sankarankoil(Uzhavar Sandhai ) APMC,9.24011583178397,77.31592358768748
TN,Tamil Nadu,550,Tenkasi,4228,Tenkasi(Uzhavar Sandhai ) APMC,8.892187949942166,77.31780970333193
TN,Tamil Nadu,550,Tenkasi,4891,Tiruvenkadam APMC,9.003453471897982,77.21286820669907
TN,Tamil Nadu,551,Thanjavur,4680,Adirampattinam APMC,10.317169192626714,79.3944274481337
TN,Tamil Nadu,551,Thanjavur,3752,Budalur APMC,10.785818785777629,79.09660459671842
TN,Tamil Nadu,551,Thanjavur,4149,Kumbakonam (Uzhavar Sandhai ) APMC,10.89432567570685,79.40607538566671
TN,Tamil Nadu,551,Thanjavur,286,Kumbakonam APMC,10.921060503734793,79.34725962389349
TN,Tamil Nadu,551,Thanjavur,4736,Madukkur APMC,10.559255402167905,79.39677574438228
TN,Tamil Nadu,551,Thanjavur,1679,Orathanadu APMC,10.568126022032837,79.26544353288742
TN,Tamil Nadu,551,Thanjavur,4750,Papanadu APMC,10.923952420584824,79.23065896148655
TN,Tamil Nadu,551,Thanjavur,3753,Papanasam APMC,10.988071066634241,79.26989061479807
TN,Tamil Nadu,551,Thanjavur,4152,Papanasam(Uzhavar Sandhai ) APMC,11.092268165913577,79.14368273956366
TN,Tamil Nadu,551,Thanjavur,2958,Pattukottai APMC,10.47256406094186,79.3321378741261
TN,Tamil Nadu,551,Thanjavur,4150,Pattukottai(Uzhavar Sandhai ) APMC,10.838054051346926,78.877979076581
TN,Tamil Nadu,551,Thanjavur,4751,Peravoorani APMC,10.247974198695912,79.13132904151254
TN,Tamil Nadu,551,Thanjavur,4851,Peravurani(Uzhavar Sandhai),10.240466523469111,79.21118689369834
TN,Tamil Nadu,551,Thanjavur,285,Thanjavur APMC,10.831710823157158,79.15270636969076
TN,Tamil Nadu,551,Thanjavur,4148,Thanjavur(Uzhavar Sandhai ) APMC,10.921389435369054,79.45411633375643
TN,Tamil Nadu,551,Thanjavur,3755,Thiruppananthal APMC,11.178235984806017,79.51059678770814
TN,Tamil Nadu,551,Thanjavur,4151,Tirukattupalli(Uzhavar Sandhai ) APMC,10.721137857882823,79.19138165043981
TN,Tamil Nadu,551,Thanjavur,3754,Vallam APMC,10.702313816075918,79.0222213774279
TN,Tamil Nadu,552,The Nilgiris,4861,Connoor APMC,11.343603642509319,76.80915827858813
TN,Tamil Nadu,552,The Nilgiris,4118,Coonoor(Uzhavar Sandhai ) APMC,11.666936923015427,76.51827174059927
TN,Tamil Nadu,552,The Nilgiris,4864,Gudalur APMC,11.468769633747259,76.48793273520187
TN,Tamil Nadu,552,The Nilgiris,4120,Gudalur(Uzhavar Sandhai ) APMC,11.2701737528717,76.68301438708117
TN,Tamil Nadu,552,The Nilgiris,4871,Kothagiri APMC,11.435794901426812,76.8998779289961
TN,Tamil Nadu,552,The Nilgiris,4119,Kothagiri(Uzhavar Sandhai ) APMC,11.453976123872252,76.72894133773272
TN,Tamil Nadu,552,The Nilgiris,4749,Ooty APMC,11.32028198503357,76.78575428169472
TN,Tamil Nadu,552,The Nilgiris,4117,Udhagamandalam(Uzhavar Sandhai ) APMC,11.520743868564379,76.71368752479917
TN,Tamil Nadu,553,Theni,4859,Andipatti APMC,9.835785497547135,77.5444338508938
TN,Tamil Nadu,553,Theni,4158,Andipatti(Uzhavar Sandhai ) APMC,9.765922669329463,77.51633284904378
TN,Tamil Nadu,553,Theni,4155,Bodinayakanur(Uzhavar Sandhai ) APMC,9.97719303001679,77.3134427953877
TN,Tamil Nadu,553,Theni,2953,Bodinayakkanur APMC,10.08426884257698,77.35510100846868
TN,Tamil Nadu,553,Theni,2952,Chinnamanur APMC,9.874035001413063,77.36605179463794
TN,Tamil Nadu,553,Theni,4159,Chinnamanur(Uzhavar Sandhai ) APMC,9.96516302104566,77.6089881745793
TN,Tamil Nadu,553,Theni,2439,Cumbum APMC,9.69990332386434,77.23342099906812
TN,Tamil Nadu,553,Theni,4157,Devaram(Uzhavar Sandhai ) APMC,9.823797217414787,77.10181990044967
TN,Tamil Nadu,553,Theni,4154,Kambam(Uzhavar Sandhai ) APMC,9.720447268449217,77.1565213045129
TN,Tamil Nadu,553,Theni,4879,Periyakulam APMC,10.144329767367186,77.5074976469204
TN,Tamil Nadu,553,Theni,4156,Periyakulam(Uzhavar Sandhai ) APMC,9.986774786047969,77.04464804711691
TN,Tamil Nadu,553,Theni,1473,Theni APMC,10.053743947167106,77.42489021676082
TN,Tamil Nadu,553,Theni,4153,Theni(Uzhavar Sandhai ) APMC,9.69716231196467,77.30148980703112
TN,Tamil Nadu,553,Theni,4787,Uthamapalayam APMC,9.827673907458939,77.33226357731164
TN,Tamil Nadu,554,Thiruchirappalli,4188,Anna Nagar(Uzhavar Sandhai ) APMC,9.864756206020868,78.13911909345362
TN,Tamil Nadu,554,Thiruchirappalli,4189,KKNagar(Uzhavar Sandhai ) APMC,11.323687912082265,78.36755302817018
TN,Tamil Nadu,554,Thiruchirappalli,2971,Lalgudi APMC,10.378074811379395,78.67542508765256
TN,Tamil Nadu,554,Thiruchirappalli,4194,Lalgudi(Uzhavar Sandhai ) APMC,10.924127289833121,78.91850589945096
TN,Tamil Nadu,554,Thiruchirappalli,2972,Manachanallur APMC,10.871874242816638,78.41935442037996
TN,Tamil Nadu,554,Thiruchirappalli,4195,Manachanallur(Uzhavar Sandhai ) APMC,10.739927066581952,78.41206372805942
TN,Tamil Nadu,554,Thiruchirappalli,2968,Manapparai APMC,10.934435040760986,78.50563461193053
TN,Tamil Nadu,554,Thiruchirappalli,4191,Manapparai(Uzhavar Sandhai ) APMC,10.938650779870565,78.58116091502853
TN,Tamil Nadu,554,Thiruchirappalli,4192,Musiri(Uzhavar Sandhai ) APMC,11.2384393338083,78.55098440238585
TN,Tamil Nadu,554,Thiruchirappalli,4882,Pullambadi APMC,10.97440993287545,78.46020792186088
TN,Tamil Nadu,554,Thiruchirappalli,4887,Thathaiyangarpettai APMC,11.033995212986397,77.84677508947739
TN,Tamil Nadu,554,Thiruchirappalli,4193,Thiruverumbur(Uzhavar Sandhai ) APMC,11.047823899575485,78.38463886775895
TN,Tamil Nadu,554,Thiruchirappalli,4889,Thottiam APMC,11.105589515474751,78.65958657603767
TN,Tamil Nadu,554,Thiruchirappalli,2970,Thuraiyur APMC,11.069913663183113,78.27263120222322
TN,Tamil Nadu,554,Thiruchirappalli,4190,Thuraiyur(Uzhavar Sandhai ) APMC,10.701944354048939,78.31172584122947
TN,Tamil Nadu,554,Thiruchirappalli,4890,Thuvarankurichy APMC,10.444825844373696,78.32089049733067
TN,Tamil Nadu,554,Thiruchirappalli,1678,Trichy APMC,10.972284669645607,78.48903037051966
TN,Tamil Nadu,555,Thirunelveli,2965,Ambasamudram APMC,11.223378041162931,77.97207571935841
TN,Tamil Nadu,555,Thirunelveli,4163,Ambasamudram(Uzhavar Sandhai ) APMC,11.061899489731326,78.14375424901854
TN,Tamil Nadu,555,Thirunelveli,4161,Kandiyaperi(Uzhavar Sandhai ) APMC,10.795025135287606,78.23049212712228
TN,Tamil Nadu,555,Thirunelveli,4162,Melapalayam(Uzhavar Sandhai ) APMC,10.81302258186862,78.41839851854678
TN,Tamil Nadu,555,Thirunelveli,4164,NGO Colony(Uzhavar Sandhai ) APMC,11.035665297154068,78.1163933066051
TN,Tamil Nadu,555,Thirunelveli,4160,Palayamkottai(Uzhavar Sandhai ) APMC,10.652505331144626,78.49461684154798
TN,Tamil Nadu,555,Thirunelveli,2892,Sankarankovil APMC,10.659129329161823,78.34716651648422
TN,Tamil Nadu,555,Thirunelveli,2964,Thenkasi APMC,11.23216615942242,78.44677195355135
TN,Tamil Nadu,555,Thirunelveli,1476,Tirunelvali APMC,10.60880072432618,79.61415008564936
TN,Tamil Nadu,555,Thirunelveli,4892,Tisayanvilai APMC,10.878127131849313,78.46682874728651
TN,Tamil Nadu,555,Thirunelveli,4893,Vallioor APMC,11.057136664259662,78.43823188080324
TN,Tamil Nadu,556,Thirupathur,4231,Natrampalli(Uzhavar Sandhai ) APMC,10.608584486640702,79.73250833533072
TN,Tamil Nadu,556,Thirupathur,4230,Tirupathur(Uzhavar Sandhai ) APMC,10.545855697056556,79.609524022786
TN,Tamil Nadu,556,Thirupathur,4229,Vaniyampadi(Uzhavar Sandhai ) APMC,10.899826901573126,79.07044634176874
TN,Tamil Nadu,557,Thirupur,4689,Avinashi APMC,11.192303830436732,77.31781923672318
TN,Tamil Nadu,557,Thirupur,4236,Dharapuram(Uzhavar Sandhai ) APMC,12.990689111812284,80.03931239358198
TN,Tamil Nadu,557,Thirupur,4237,Kangayam(Uzhavar Sandhai ) APMC,13.31259645527685,79.9937605167713
TN,Tamil Nadu,557,Thirupur,4232,Palladam(Uzhavar Sandhai ) APMC,12.655738471323557,79.68577050315487
TN,Tamil Nadu,557,Thirupur,4234,Tiruppur (North) (Uzhavar Sandhai ) APMC,13.061588356104755,80.00499355464314
TN,Tamil Nadu,557,Thirupur,4235,Tiruppur (South) (Uzhavar Sandhai ) APMC,13.022292195819059,79.9236880516321
TN,Tamil Nadu,557,Thirupur,4233,Udumalpet(Uzhavar Sandhai ) APMC,12.858374390645341,80.43342744483617
TN,Tamil Nadu,557,Thirupur,2832,Vellakoil APMC,11.076013289783774,78.74905561347724
TN,Tamil Nadu,558,Thiruvannamalai,4856,Adamangalam Pudhur APMC,9.475673122535898,77.67265323673462
TN,Tamil Nadu,558,Thiruvannamalai,1669,Arani APMC,9.638087765125812,77.32760427848154
TN,Tamil Nadu,558,Thiruvannamalai,4182,Arani(Uzhavar Sandhai ) APMC,8.978992279676465,77.82010531529255
TN,Tamil Nadu,558,Thiruvannamalai,2916,Chengam APMC,9.8207855609989,77.51810435367993
TN,Tamil Nadu,558,Thiruvannamalai,4184,Chengam(Uzhavar Sandhai ) APMC,9.507602709033739,77.73740890237873
TN,Tamil Nadu,558,Thiruvannamalai,282,Chetpet APMC,9.337492802002071,77.77833060082747
TN,Tamil Nadu,558,Thiruvannamalai,2436,Cheyyar APMC,9.28791117890903,77.72077889705372
TN,Tamil Nadu,558,Thiruvannamalai,4183,Cheyyar(Uzhavar Sandhai ) APMC,9.584109490979081,77.91764168823258
TN,Tamil Nadu,558,Thiruvannamalai,2919,Desur APMC,9.517488164241158,77.75537206473915
TN,Tamil Nadu,558,Thiruvannamalai,2918,Dusi APMC,9.47198964590368,77.56185934528521
TN,Tamil Nadu,558,Thiruvannamalai,4186,Keelpennathur(Uzhavar Sandhai ) APMC,9.465921084127187,77.93340968693951
TN,Tamil Nadu,558,Thiruvannamalai,2921,Kilpennathur APMC,12.132005492065183,79.16374124945482
TN,Tamil Nadu,558,Thiruvannamalai,3310,Mangala Mamandur APMC,9.42529457846054,77.58919423156615
TN,Tamil Nadu,558,Thiruvannamalai,4876,Naidumangalam APMC,9.577864581740517,77.72704400540634
TN,Tamil Nadu,558,Thiruvannamalai,2920,Pernamallur APMC,9.640435352442736,77.71355534109192
TN,Tamil Nadu,558,Thiruvannamalai,1069,Polur(Thiruvannamalai) APMC,9.49969873790048,77.52968992669018
TN,Tamil Nadu,558,Thiruvannamalai,4181,Polur(Uzhavar Sandhai ) APMC,9.721404563571493,77.8036761107552
TN,Tamil Nadu,558,Thiruvannamalai,4187,Tamarainagar(Uzhavar Sandhai ) APMC,9.683847131063061,77.8092649832588
TN,Tamil Nadu,558,Thiruvannamalai,2915,Thellar APMC,9.604479469062877,77.93449610611026
TN,Tamil Nadu,558,Thiruvannamalai,1470,Thiruvannamalai APMC,9.562356205914469,77.57266653526538
TN,Tamil Nadu,558,Thiruvannamalai,4180,Tiruvannamalai(Uzhavar Sandhai ) APMC,9.737200803167816,77.85543785606043
TN,Tamil Nadu,558,Thiruvannamalai,2917,Vanapuram APMC,9.358261445176447,78.0223986967222
TN,Tamil Nadu,558,Thiruvannamalai,287,Vandavasi APMC,9.469947129271544,77.299884886464
TN,Tamil Nadu,558,Thiruvannamalai,4185,Vandavasi(Uzhavar Sandhai ) APMC,9.423414914993979,77.68321431248188
TN,Tamil Nadu,558,Thiruvannamalai,2434,Vettavalam APMC,12.181039947890138,79.28285752429962
TN,Tamil Nadu,559,Thiruvarur,2256,Koradacheri APMC,10.718922187342796,79.53798008041693
TN,Tamil Nadu,559,Thiruvarur,2255,Kudavasal APMC,10.836434343581272,79.51988156641252
TN,Tamil Nadu,559,Thiruvarur,2259,Mannargudi APMC,10.719228149224323,79.45368766732632
TN,Tamil Nadu,559,Thiruvarur,4172,Mannargudi I(Uzhavar Sandhai ) APMC,10.700190746743255,79.37676248889031
TN,Tamil Nadu,559,Thiruvarur,4176,Mannargudi II(Uzhavar Sandhai ) APMC,10.947485636264348,79.71664676447017
TN,Tamil Nadu,559,Thiruvarur,4175,Muthupettai(Uzhavar Sandhai ) APMC,10.539331775268467,79.33389939676738
TN,Tamil Nadu,559,Thiruvarur,4174,Needamangalam(Uzhavar Sandhai ) APMC,11.155668143724599,79.95923460806115
TN,Tamil Nadu,559,Thiruvarur,2257,Poonthottam APMC,10.777215328208827,79.45697904139519
TN,Tamil Nadu,559,Thiruvarur,288,Thiruvarur APMC,10.730246831260466,79.62711485365934
TN,Tamil Nadu,559,Thiruvarur,1218,Tiruthuraipoondi APMC,10.578923836082645,79.67567268626108
TN,Tamil Nadu,559,Thiruvarur,4171,Tiruthuraipoondi(Uzhavar Sandhai ) APMC,10.79996869522805,79.29783172913383
TN,Tamil Nadu,559,Thiruvarur,4173,Tiruvarur(Uzhavar Sandhai ) APMC,13.12523499866685,79.92657216189242
TN,Tamil Nadu,559,Thiruvarur,2258,Vaduvur APMC,10.708433399755235,79.34059379413297
TN,Tamil Nadu,559,Thiruvarur,2254,Valangaiman APMC,10.917339164021152,79.3887779822911
TN,Tamil Nadu,559,Thiruvarur,4177,Valangaiman(Uzhavar Sandhai ) APMC,10.68100501349212,79.60405612151132
TN,Tamil Nadu,560,Thiruvellore,4167,Ambattur(Uzhavar Sandhai ) APMC,10.886854997929635,78.38711186231181
TN,Tamil Nadu,560,Thiruvellore,4169,Naravarikuppam(Uzhavar Sandhai ) APMC,10.579616166893835,78.34744072854893
TN,Tamil Nadu,560,Thiruvellore,4168,Paruthipattu(Uzhavar Sandhai ) APMC,11.030157932144506,78.65119856514923
TN,Tamil Nadu,560,Thiruvellore,4170,Perambakkam(Uzhavar Sandhai ) APMC,10.879334628402258,78.6662661230311
TN,Tamil Nadu,560,Thiruvellore,1468,Redhills APMC,10.890629246769887,78.29048412584622
TN,Tamil Nadu,560,Thiruvellore,4165,Tiruthani(Uzhavar Sandhai ) APMC,11.005473055591308,78.40090196156802
TN,Tamil Nadu,560,Thiruvellore,4166,Tiruvallur(Uzhavar Sandhai ) APMC,10.587714862433199,78.6922409804254
TN,Tamil Nadu,560,Thiruvellore,644,Tiruvellore APMC,10.90706799798092,78.381172905197
TN,Tamil Nadu,561,Tuticorin,4862,Ettayapuram APMC,9.081665108443607,77.96823227821102
TN,Tamil Nadu,561,Tuticorin,4867,Kadambur APMC,8.904401958225346,77.74912912652827
TN,Tamil Nadu,561,Tuticorin,4869,Kalugumalai APMC,8.92628104423698,77.8923427246393
TN,Tamil Nadu,561,Tuticorin,2415,Kovilpatti APMC,9.127379581311635,77.8211143202435
TN,Tamil Nadu,561,Tuticorin,4179,Kovilpatti(Uzhavar Sandhai ) APMC,8.768462831877192,77.87010440643205
TN,Tamil Nadu,561,Tuticorin,4881,Pudur APMC,8.784959708524347,78.04996482624131
TN,Tamil Nadu,561,Tuticorin,4883,Sathankulam APMC,9.023596855380609,78.40750542849483
TN,Tamil Nadu,561,Tuticorin,4885,Srivaikundam APMC,8.750859900993069,78.32034556994124
TN,Tamil Nadu,561,Tuticorin,1683,Thoothukudi APMC,8.707589824675521,78.09944807787048
TN,Tamil Nadu,561,Tuticorin,4178,Tuticorin(Uzhavar Sandhai ) APMC,8.30340660337579,78.14106867716511
TN,Tamil Nadu,561,Tuticorin,1066,Vilathikulam APMC,9.070209500304188,77.87634344299687
TN,Tamil Nadu,562,Vellore,3311,Ambur APMC,12.862018468499015,78.67796329092283
TN,Tamil Nadu,562,Vellore,1063,Ammoor APMC,12.983974220485477,79.42282253369152
TN,Tamil Nadu,562,Vellore,2923,Arcot APMC,12.827455091356574,79.1481649068355
TN,Tamil Nadu,562,Vellore,2927,Arkonam APMC,13.166307058736292,79.73025844694449
TN,Tamil Nadu,562,Vellore,2421,Gudiyatham APMC,12.98352483271829,78.87717918667116
TN,Tamil Nadu,562,Vellore,4198,Gudiyatham(Uzhavar Sandhai ) APMC,12.72078082817509,79.26872506100135
TN,Tamil Nadu,562,Vellore,4865,Head Office APMC,13.004265688008918,79.12785487261083
TN,Tamil Nadu,562,Vellore,4199,Kahithapattarai(Uzhavar Sandhai ) APMC,12.840717022735904,79.11791363425543
TN,Tamil Nadu,562,Vellore,1668,Kalavai APMC,12.71704246951455,79.27345493842442
TN,Tamil Nadu,562,Vellore,4197,Katpadi (Uzhavar Sandhai ) APMC,12.798665237179796,78.9178595720846
TN,Tamil Nadu,562,Vellore,2930,Katpadi APMC,12.999570473775373,79.05498059353906
TN,Tamil Nadu,562,Vellore,2993,Katpadi(Uzhavar Santhai) APMC,12.995052084646021,79.16047583068988
TN,Tamil Nadu,562,Vellore,2929,Kaveripakkam APMC,12.89653891231308,79.47477518935528
TN,Tamil Nadu,562,Vellore,4849,Pallikonda(Uzhavar Sandhai),12.820417364716516,78.96515030788758
TN,Tamil Nadu,562,Vellore,4850,Perampet(Uzhavar Sandhai),12.74330067007403,77.81143285636657
TN,Tamil Nadu,562,Vellore,2922,Thimiri APMC,12.884087528905077,79.13249994218847
TN,Tamil Nadu,562,Vellore,2422,Thirupathur APMC,12.985533841267149,79.0780509954445
TN,Tamil Nadu,562,Vellore,2928,Vaniyambadi APMC,12.743573408589647,78.9420198633426
TN,Tamil Nadu,562,Vellore,1469,Vellore APMC,12.956066548380976,79.129360690709
TN,Tamil Nadu,562,Vellore,4196,Vellore(Uzhavar Sandhai ) APMC,12.828225517335326,79.45118665000888
TN,Tamil Nadu,563,Villupuram,2936,Ananthapuram APMC,12.085993466540986,79.39024335963275
TN,Tamil Nadu,563,Villupuram,1062,Avalurpet APMC,12.43726550376538,79.1435749977193
TN,Tamil Nadu,563,Villupuram,2414,Chinnasalem APMC,11.525672188211049,78.88919185789923
TN,Tamil Nadu,563,Villupuram,289,Gingee APMC,12.292254663881938,79.42564637765746
TN,Tamil Nadu,563,Villupuram,4202,Gingee(Uzhavar Sandhai ) APMC,11.910201911338767,79.459966670103
TN,Tamil Nadu,563,Villupuram,1216,Kallakurichi APMC,11.710167721124668,78.8603608848216
TN,Tamil Nadu,563,Villupuram,2837,Manalurpet APMC,12.122075323639718,79.1885202180775
TN,Tamil Nadu,563,Villupuram,1671,Marakkanam APMC,12.195323668197888,80.03108567849925
TN,Tamil Nadu,563,Villupuram,4875,Melsithamur APMC,12.368441487672316,79.55772596444632
TN,Tamil Nadu,563,Villupuram,2938,Moongilthuraipattu APMC,11.96958820714491,78.98085095702535
TN,Tamil Nadu,563,Villupuram,1215,Sangarapuram APMC,11.914278217458007,79.30548876876311
TN,Tamil Nadu,563,Villupuram,290,Thirukovilur APMC,11.974088796807248,79.38291894018181
TN,Tamil Nadu,563,Villupuram,2836,Thiruvennainallur APMC,11.85089936186062,79.40603173423946
TN,Tamil Nadu,563,Villupuram,1670,Thiryagadurgam APMC,11.823151219635733,79.02738226290265
TN,Tamil Nadu,563,Villupuram,1214,Tindivanam APMC,12.147228069689529,79.65931432286284
TN,Tamil Nadu,563,Villupuram,4200,Tindivanam(Uzhavar Sandhai ) APMC,11.85290320764376,79.50648024996107
TN,Tamil Nadu,563,Villupuram,292,Ulundurpettai APMC,12.01557577155776,79.37646453258407
TN,Tamil Nadu,563,Villupuram,2937,Valathi APMC,12.329963085737866,79.4482497702906
TN,Tamil Nadu,563,Villupuram,1672,Vikkiravandi APMC,12.102594082782034,79.39977808607203
TN,Tamil Nadu,563,Villupuram,291,Villupuram APMC,12.075353982027107,79.64850919197157
TN,Tamil Nadu,563,Villupuram,4201,Villupuram(Uzhavar Sandhai ) APMC,11.719754522180462,78.24641774311907
TN,Tamil Nadu,564,Virudhunagar,1068,Aruppukottai APMC,9.516038882566408,78.13692190612544
TN,Tamil Nadu,564,Virudhunagar,4203,Aruppukottai(Uzhavar Sandhai ) APMC,9.532709069852968,78.08634741797002
TN,Tamil Nadu,564,Virudhunagar,4209,Kariyapatti(Uzhavar Sandhai ) APMC,9.539901325749433,78.12828306255722
TN,Tamil Nadu,564,Virudhunagar,293,Rajapalayam APMC,9.435637235429851,77.64125992463252
TN,Tamil Nadu,564,Virudhunagar,4204,Rajapalayam(Uzhavar Sandhai ) APMC,9.550106860344263,78.1822406820736
TN,Tamil Nadu,564,Virudhunagar,2977,Sathur APMC,9.316883606025193,77.95593438429289
TN,Tamil Nadu,564,Virudhunagar,4208,Sathur(Uzhavar Sandhai ) APMC,9.45492939322296,78.1299390117166
TN,Tamil Nadu,564,Virudhunagar,4207,Sivakasi(Uzhavar Sandhai ) APMC,9.531841449297715,78.14257897403856
TN,Tamil Nadu,564,Virudhunagar,4886,Srivilliputhur APMC,9.466048717066178,77.59000324077066
TN,Tamil Nadu,564,Virudhunagar,4205,Srivilliputhur(Uzhavar Sandhai ) APMC,9.487687785070362,78.1148217978397
TN,Tamil Nadu,564,Virudhunagar,4210,Thalavaipuram(Uzhavar Sandhai ) APMC,9.570858116389182,78.09000616521979
TN,Tamil Nadu,564,Virudhunagar,4793,Vembakottai APMC,9.33602635395293,77.73655996737337
TN,Tamil Nadu,564,Virudhunagar,648,Virudhunagar APMC,9.479093942281287,77.82248321280613
TN,Tamil Nadu,564,Virudhunagar,4206,Virudhunagar(Uzhavar Sandhai ) APMC,9.503236082417445,78.09071663983518
TN,Tamil Nadu,564,Virudhunagar,4795,Watrab APMC,9.611769243082433,77.70409236505684
TL,Telangana,565,Adilabad,827,Adilabad APMC,19.678556853589523,78.51408114449487
TL,Telangana,565,Adilabad,3317,Adilabad(Rythu Bazar) APMC,19.49728653324225,78.35312267562776
TL,Telangana,565,Adilabad,840,Asifabad APMC,19.494987671455693,78.51033340055083
TL,Telangana,565,Adilabad,3476,Bellampally APMC,19.791357243819487,78.41579140984807
TL,Telangana,565,Adilabad,846,Bhainsa APMC,19.02768562972214,77.95639209543533
TL,Telangana,565,Adilabad,851,Boath APMC,19.350625471259836,78.27728315458519
TL,Telangana,565,Adilabad,858,Chinnoar APMC,19.339574382102363,78.44911874131074
TL,Telangana,565,Adilabad,4704,Echoda APMC,19.37919986493809,78.40862114221706
TL,Telangana,565,Adilabad,893,Ichoda APMC,19.421307382160837,78.47600463520332
TL,Telangana,565,Adilabad,1044,Indravelly(Utnoor) APMC,19.49078756080933,78.65322591360326
TL,Telangana,565,Adilabad,899,Jainath APMC,19.75984524721536,78.58582860040683
TL,Telangana,565,Adilabad,898,Jainoor APMC,19.52095096260159,78.4966507547715
TL,Telangana,565,Adilabad,903,Kagaznagar APMC,19.651926571339818,78.0736805478246
TL,Telangana,565,Adilabad,915,Khanapur APMC,19.33487746241851,78.82948554281535
TL,Telangana,565,Adilabad,929,Kuber APMC,19.21823064121376,77.875435489982
TL,Telangana,565,Adilabad,934,Laxettipet APMC,19.868714734052638,78.50249934018444
TL,Telangana,565,Adilabad,945,Mancharial APMC,18.893605987389964,79.507183399756
TL,Telangana,565,Adilabad,350,Nirmal APMC,19.76210447770455,78.58589965305264
TL,Telangana,565,Adilabad,1014,Sarangapur APMC,19.25254350931981,78.69065954701638
TL,Telangana,704,Bhadradri Kothagudem,4748,Nuguru Charla APMC,17.96348490060766,80.83575491062601
TL,Telangana,701,Hanmakonda,4722,Kamalapur APMC,18.11150390795208,79.56492490411154
TL,Telangana,566,Hyderabad,1868,Bowenpally APMC,17.4876271412205,78.51256634779523
TL,Telangana,566,Hyderabad,3321,Erragadda(Rythu Bazar) APMC,17.503093141637862,78.62523378655408
TL,Telangana,566,Hyderabad,1200,"Erragadda,RBZ APMC",16.9352208545896,78.58740509019938
TL,Telangana,566,Hyderabad,1199,"Falaknama,RBZ APMC",17.43534164546947,78.46665328565844
TL,Telangana,566,Hyderabad,377,Gaddiannaram APMC,17.282903157225004,78.57716970357141
TL,Telangana,566,Hyderabad,1078,Gudimalkapur APMC,17.345899621498802,78.38952202327275
TL,Telangana,566,Hyderabad,2,Hyderabad (F&V) APMC,17.53061777522791,78.30867802468224
TL,Telangana,566,Hyderabad,3018,L B Nagar APMC,17.339392517100027,78.54739367787195
TL,Telangana,566,Hyderabad,3760,Mahboob Manison APMC,17.17968788753654,78.42807983785022
TL,Telangana,566,Hyderabad,1201,Secunderabad APMC,17.399172805490675,78.44510418522806
TL,Telangana,567,Jagityal,3761,Mallapur APMC,18.96447338438485,78.7451033914064
TL,Telangana,567,Jagityal,4765,Raikal APMC,18.85447435776499,78.84690126199864
TL,Telangana,567,Jagityal,4792,Velgatoor APMC,18.80642715511747,79.223366562686
TL,Telangana,702,Jangaon,4727,Kodakandla APMC,17.480367527334575,79.50358148028486
TL,Telangana,702,Jangaon,4753,Palakurthy APMC,17.678240365322846,79.35694924325985
TL,Telangana,703,Jayashankar Bhupalapally,4695,Bhupalapally APMC,18.490847929820603,80.0045597102316
TL,Telangana,569,Karimnagar,862,Choppadandi APMC,18.58629173881692,79.17199521004885
TL,Telangana,569,Karimnagar,868,Dharmapuri APMC,18.88984303769203,79.19107811177994
TL,Telangana,569,Karimnagar,867,Dharmaram APMC,18.33088685858032,79.45900284046652
TL,Telangana,569,Karimnagar,876,Gangadhara APMC,18.488480890477085,78.9394208676587
TL,Telangana,569,Karimnagar,881,Gollapally APMC,18.913002677124723,79.01451890307897
TL,Telangana,569,Karimnagar,3498,Gopalraopet APMC,18.593138879315976,79.09508990714424
TL,Telangana,569,Karimnagar,775,Husnabad APMC,18.092789351470177,79.24870841700579
TL,Telangana,569,Karimnagar,890,Huzzurabad APMC,18.196854605009637,79.47004763470694
TL,Telangana,569,Karimnagar,3483,Ibrahimpatnam APMC,18.888180000316336,78.58538025787446
TL,Telangana,569,Karimnagar,896,Jagtial APMC,18.7414726551553,78.93156426976178
TL,Telangana,569,Karimnagar,4,Jammikunta APMC,18.290523260007543,79.40422321160631
TL,Telangana,569,Karimnagar,3,Karimnagar APMC,18.380759291946802,79.14808866999881
TL,Telangana,569,Karimnagar,3322,Karimnagar(Rythu Bazar) APMC,17.58370314234116,78.52261653328365
TL,Telangana,569,Karimnagar,1189,"Kashmir Gadda Area,RBZ APMC",18.62852187834857,79.25375406614293
TL,Telangana,569,Karimnagar,913,Kataram APMC,18.43775215536252,79.2081563137392
TL,Telangana,569,Karimnagar,3015,Kathalapur APMC,18.142365104312553,79.52717283736135
TL,Telangana,569,Karimnagar,921,Koratla APMC,18.805000847251943,78.85471635929912
TL,Telangana,569,Karimnagar,3017,Mallial(Cheppial) APMC,18.510699022674483,78.90157024875153
TL,Telangana,569,Karimnagar,3762,Manakodur APMC,18.37728949283604,79.15583319840864
TL,Telangana,569,Karimnagar,946,Manthani APMC,18.218467446254895,79.18569653570582
TL,Telangana,569,Karimnagar,3016,Medipally APMC,18.24394040981843,79.31594349051453
TL,Telangana,569,Karimnagar,951,Metpally APMC,18.22693844250349,79.34971806399446
TL,Telangana,569,Karimnagar,989,Peddapalli APMC,18.567348104142315,79.3410856184662
TL,Telangana,569,Karimnagar,3479,Pegadapally APMC,18.611596497564182,79.3044318038613
TL,Telangana,569,Karimnagar,4672,Pothgal APMC,18.36864435256182,79.11099647275857
TL,Telangana,569,Karimnagar,2813,Pudur APMC,18.419599154045752,78.87439245521743
TL,Telangana,569,Karimnagar,3473,Racharla(Boppapur) APMC,18.104948648409657,79.07851071169792
TL,Telangana,569,Karimnagar,3480,Rudrangi APMC,18.688020535619028,79.21614337100696
TL,Telangana,569,Karimnagar,1021,Sircilla APMC,18.4783572742888,79.05592073555066
TL,Telangana,569,Karimnagar,1026,Sultanabad APMC,18.471273929940168,79.10628330480239
TL,Telangana,569,Karimnagar,4788,V.Saidapur APMC,18.21524426381958,79.38809318112644
TL,Telangana,569,Karimnagar,1046,Vemulawada APMC,18.296979090448076,79.20948075898308
TL,Telangana,569,Karimnagar,1188,"Weekly Market Area,RBZ APMC",18.247611228829,78.98898774323919
TL,Telangana,570,Khammam,369,Bhadrachalam APMC,17.655073441845776,80.8618881126127
TL,Telangana,570,Khammam,853,Burgampadu APMC,17.28349006948218,80.89589691508766
TL,Telangana,570,Khammam,1222,Charla APMC,17.553794505979326,80.34022829198574
TL,Telangana,570,Khammam,865,Dammapet APMC,17.20411409170691,80.32352466978814
TL,Telangana,570,Khammam,1993,Enkoor APMC,17.312334624885867,80.44162090516807
TL,Telangana,570,Khammam,4711,"Ground,Khammam,  RBZ APMC",17.260624031619802,80.16914789425654
TL,Telangana,570,Khammam,906,Kallur APMC,17.198200300003315,80.50690424661242
TL,Telangana,570,Khammam,5,Khammam APMC,17.255839332500297,80.22336620931543
TL,Telangana,570,Khammam,368,Kothagudem APMC,17.21715996274244,80.21478407713748
TL,Telangana,570,Khammam,4737,Maddulapally APMC,17.333038106278345,80.30973374168825
TL,Telangana,570,Khammam,940,Madhira APMC,16.950595046924466,80.39906499778704
TL,Telangana,570,Khammam,959,Nagur APMC,17.20200914253587,80.18139082568689
TL,Telangana,570,Khammam,974,Nelakondapally APMC,17.061283018592103,80.10116101376721
TL,Telangana,570,Khammam,2877,"Pavilion Ground,Khammam,RBZ APMC",17.47080706856186,80.23454021492304
TL,Telangana,570,Khammam,3323,Sathupalli(Rythu Bazar) APMC,17.246337128785655,80.15083891173444
TL,Telangana,570,Khammam,2879,"Sattupalli (ramalayam),RBZ APMC",17.205856568475006,80.84325434021734
TL,Telangana,570,Khammam,1017,Sattupalli APMC,17.30398980992899,80.84579601050022
TL,Telangana,570,Khammam,1057,Wyra APMC,17.195961041206953,80.3689679861002
TL,Telangana,570,Khammam,774,Yellandu APMC,17.25853329051308,80.17539255788563
TL,Telangana,571,Mahbubnagar,824,Achampet APMC,16.38994133104249,78.58607145179924
TL,Telangana,571,Mahbubnagar,2402,Achampet(Amrabad) APMC,16.570649450632914,77.74561247756091
TL,Telangana,571,Mahbubnagar,830,Alampur APMC,16.417664758538518,77.88627181113819
TL,Telangana,571,Mahbubnagar,834,Amangal APMC,16.73468323000458,78.56619597582107
TL,Telangana,571,Mahbubnagar,370,Atmakur APMC,16.916019749849458,77.98690778203893
TL,Telangana,571,Mahbubnagar,6,Badepalli APMC,16.744943360597958,78.2418034646298
TL,Telangana,571,Mahbubnagar,4691,Balanagar APMC,16.976481149608937,78.21894203381206
TL,Telangana,571,Mahbubnagar,1221,Devarakadra APMC,16.66081355851698,77.90200513751996
TL,Telangana,571,Mahbubnagar,3496,Enkoor APMC,16.783393176178407,78.13796919944889
TL,Telangana,571,Mahbubnagar,7,Gadwal APMC,16.231101889002453,77.8837884485854
TL,Telangana,571,Mahbubnagar,2399,Gadwal(Lezza) APMC,16.696069451156625,77.89208293557198
TL,Telangana,571,Mahbubnagar,907,Kalwakurthy APMC,16.69852014412918,78.4709846388785
TL,Telangana,571,Mahbubnagar,919,Kollapur APMC,16.91423216147811,77.9462693149869
TL,Telangana,571,Mahbubnagar,922,Kosgi APMC,16.978473385645305,77.82768105565047
TL,Telangana,571,Mahbubnagar,3490,Madhira APMC,16.811338473929517,77.88794296829784
TL,Telangana,571,Mahbubnagar,3327,Mahabubnagar(Rythu Bazar) APMC,16.741751105181415,78.00573391521479
TL,Telangana,571,Mahbubnagar,8,Mahbubnagar APMC,16.728285537573463,77.98957031796017
TL,Telangana,571,Mahbubnagar,2398,Mahbubnagar(Nawabpet) APMC,16.923487418164108,78.01218973453362
TL,Telangana,571,Mahbubnagar,943,Makthal APMC,16.482925684344536,77.461145674937
TL,Telangana,571,Mahbubnagar,771,Nagarkurnool APMC,16.4914758626688,78.29562054855171
TL,Telangana,571,Mahbubnagar,2401,Nagarkurnool(Talkapalli) APMC,16.657152810283783,77.71522143499736
TL,Telangana,571,Mahbubnagar,967,Narayanpet APMC,16.668547839484244,77.47824849628496
TL,Telangana,571,Mahbubnagar,3491,Nelakondapally APMC,16.69878367705293,78.13145106925612
TL,Telangana,571,Mahbubnagar,3497,Sathupally APMC,16.960700481660034,77.73042373101472
TL,Telangana,571,Mahbubnagar,9,Shadnagar APMC,17.073749853617425,78.16125818033198
TL,Telangana,571,Mahbubnagar,1054,Wanaparthy Road APMC,17.16436765293944,77.55995056437212
TL,Telangana,571,Mahbubnagar,2400,Wanaparthy Road(Prbbair) APMC,16.953702990755758,78.01696832470259
TL,Telangana,571,Mahbubnagar,1055,Wanaparthy town APMC,16.700514575680355,78.19627952011109
TL,Telangana,706,Mancherial,4718,Jannaram APMC,19.17239771677651,78.90968177838516
TL,Telangana,572,Medak,4699,Chegunta APMC,17.93176187032051,78.43120671661275
TL,Telangana,572,Medak,1220,Dubbak APMC,18.12483183685626,78.10709265627216
TL,Telangana,572,Medak,875,Gajwel APMC,17.801731838826047,78.63325262105576
TL,Telangana,572,Medak,772,Jogipet APMC,17.934272792004926,78.04607110468119
TL,Telangana,572,Medak,374,Medak APMC,17.969781626100453,78.1551183663362
TL,Telangana,572,Medak,970,Narayankhed APMC,18.045041424082886,77.82659615107261
TL,Telangana,572,Medak,968,Narsapur APMC,17.812686489014194,78.34270609612327
TL,Telangana,572,Medak,4756,Papannapet APMC,18.112118205045967,78.09779968472976
TL,Telangana,572,Medak,1005,Ramayampet APMC,18.158786463125963,78.35236039508553
TL,Telangana,572,Medak,1203,"Ramchandrapuram,RBZ APMC",17.763366454919517,78.15353322070929
TL,Telangana,572,Medak,11,Sadasivpet APMC,17.53861870596797,78.23242341199025
TL,Telangana,572,Medak,2412,Sadasivpet(Sangareddy) APMC,17.534399516568737,78.36782355733718
TL,Telangana,572,Medak,1202,Sangareddy APMC,18.081504664511193,78.03281450289442
TL,Telangana,572,Medak,10,Siddipet APMC,18.057546148591943,78.86988087801633
TL,Telangana,572,Medak,2874,"Siddipet Town,RBZ APMC",17.816567384239704,78.18785871384574
TL,Telangana,572,Medak,3328,Siddipet(Rythu Bazar) APMC,18.102391710107355,77.99870640251122
TL,Telangana,572,Medak,2002,Togguta APMC,18.32986213408098,77.95228788926593
TL,Telangana,572,Medak,4786,Toopran APMC,17.768453906410787,78.54327897694846
TL,Telangana,572,Medak,3401,Vantamamidi APMC,17.907150945822938,77.96999252588155
TL,Telangana,572,Medak,375,Zaheerabad APMC,17.73919090728415,77.53395831464805
TL,Telangana,573,Nalgonda,1994,Aler APMC,16.89228996108188,79.46954006966817
TL,Telangana,573,Nalgonda,850,Bhongir APMC,16.820574229449548,79.49862101539937
TL,Telangana,573,Nalgonda,854,Chandur APMC,17.060440164204525,79.0136568360791
TL,Telangana,573,Nalgonda,2403,Chandur(Mungodu) APMC,16.969669055139516,79.062144878096
TL,Telangana,573,Nalgonda,376,Chityal APMC,17.23849773282318,79.17149390862706
TL,Telangana,573,Nalgonda,1667,Choutuppal APMC,17.17911475107154,79.04846033729338
TL,Telangana,573,Nalgonda,866,Devarakonda APMC,16.745507545943646,78.93775849333656
TL,Telangana,573,Nalgonda,2405,Devarkonda(Dindi) APMC,16.487459931957122,78.67256682430117
TL,Telangana,573,Nalgonda,2404,Devarkonda(Mallepalli) APMC,16.74895864252791,78.9942918307311
TL,Telangana,573,Nalgonda,887,Halia APMC,16.87744151223015,79.29685798362543
TL,Telangana,573,Nalgonda,3477,Huzumnagar(Garidepally) APMC,17.190082192438748,79.19937189504874
TL,Telangana,573,Nalgonda,891,Huzurnagar APMC,17.32585572003367,78.8540144058673
TL,Telangana,573,Nalgonda,3478,Huzurnagar(Matampally) APMC,16.854418869428628,79.14533409323381
TL,Telangana,573,Nalgonda,773,Kodad APMC,16.970047664846376,79.95966194285353
TL,Telangana,573,Nalgonda,12,Miryalaguda APMC,16.947910495675327,79.56013365712965
TL,Telangana,573,Nalgonda,3329,Miryalguda(Rythu Bazar) APMC,16.533392629638588,79.25766190952992
TL,Telangana,573,Nalgonda,952,Mothkur APMC,17.49381360349093,79.19898683862921
TL,Telangana,573,Nalgonda,962,Nakrekal APMC,17.142267404183382,79.4205297533661
TL,Telangana,573,Nalgonda,963,Nalgonda APMC,17.011509319346533,79.26606999233996
TL,Telangana,573,Nalgonda,1995,Neredcherla APMC,16.76458503954282,79.65498335062681
TL,Telangana,573,Nalgonda,4663,Nidamanoor APMC,16.77513858294382,79.3978816130806
TL,Telangana,573,Nalgonda,1006,Ramannapet APMC,16.82719505416798,79.54855235896503
TL,Telangana,573,Nalgonda,4780,Shaligowraram APMC,17.293169383487378,79.43068651762894
TL,Telangana,573,Nalgonda,13,Suryapeta APMC,17.159536836467154,79.59007465527978
TL,Telangana,573,Nalgonda,1037,Thungathurthy APMC,17.445452717223137,79.56875291247769
TL,Telangana,573,Nalgonda,1867,Tirumalagiri APMC,16.72097614974396,79.29634039372169
TL,Telangana,573,Nalgonda,1996,Valigonda APMC,17.327464793868565,79.00731603448749
TL,Telangana,573,Nalgonda,1048,Venkateswarnagar APMC,17.087810488424534,79.27529084073542
TL,Telangana,573,Nalgonda,2407,Venkateswarnagar(Chintapalli) APMC,17.13231469467687,79.35244725905552
TL,Telangana,573,Nalgonda,1051,Voligonda APMC,16.77759237139673,79.30610750440184
TL,Telangana,573,Nalgonda,2406,Voligonda(Ramannapet) APMC,17.07720835194611,79.2442663681957
TL,Telangana,574,Nizamabad,371,Armoor APMC,18.74443287945423,78.33220116125051
TL,Telangana,574,Nizamabad,17,Banswada APMC,18.416694718045743,77.82747244987192
TL,Telangana,574,Nizamabad,2408,Bhiknoor APMC,18.20231066299446,78.40708653351223
TL,Telangana,574,Nizamabad,2409,Bichkunda APMC,18.381438754546735,77.72207520771897
TL,Telangana,574,Nizamabad,3508,Birkur APMC,18.48122956197494,77.79693549275454
TL,Telangana,574,Nizamabad,15,Bodhan APMC,18.67203521284237,77.89436438552288
TL,Telangana,574,Nizamabad,877,Gandhari APMC,18.40587561991225,78.12369778206535
TL,Telangana,574,Nizamabad,16,Kamareddy APMC,18.29044461437938,78.33538239044393
TL,Telangana,574,Nizamabad,3397,Kammarpally APMC,18.848332194442467,78.58279486014767
TL,Telangana,574,Nizamabad,3507,Kotagiri APMC,18.58092605738414,77.81359112804108
TL,Telangana,574,Nizamabad,941,Madnoor APMC,18.83833715126647,78.16161531270542
TL,Telangana,574,Nizamabad,1191,"NGOs Colony,RBZ APMC",18.736886172539133,78.17477877641608
TL,Telangana,574,Nizamabad,14,Nizamabad APMC,18.67508672382531,78.05918028558825
TL,Telangana,574,Nizamabad,991,Pitlam APMC,18.592533399406005,78.14303122268663
TL,Telangana,574,Nizamabad,1190,"Pullanga X Road,RBZ APMC",18.477908663367465,78.17278653461436
TL,Telangana,574,Nizamabad,3509,Sadashivnagar APMC,18.489477594648495,78.40347316192468
TL,Telangana,574,Nizamabad,2814,Varni APMC,18.510449548609838,77.85856120626607
TL,Telangana,574,Nizamabad,3510,Velpur APMC,18.749559309170944,78.44085690610619
TL,Telangana,574,Nizamabad,372,Yellareddy APMC,18.539196858104205,78.33153250467777
TL,Telangana,705,Rajanna Siricilla,4696,Boinpalli APMC,18.490788743368242,78.96411240831745
TL,Telangana,705,Rajanna Siricilla,4705,Ellanthakunta APMC,18.344465017962,78.93080517758254
TL,Telangana,705,Rajanna Siricilla,4708,Gambhiraopet APMC,18.302032618488823,78.53379321234782
TL,Telangana,705,Rajanna Siricilla,4730,Konaraopet APMC,18.496275045456198,78.60354089116328
TL,Telangana,705,Rajanna Siricilla,4791,Veernapalli APMC,18.445075807084734,78.55978088946281
TL,Telangana,575,Ranga Reddy,1197,"Alwal,RBZ APMC",17.02219473135079,78.29681467493165
TL,Telangana,575,Ranga Reddy,2907,Chevella APMC,17.35256332393144,78.1339517415859
TL,Telangana,575,Ranga Reddy,892,Ibrahimputnam APMC,17.153031765117756,78.6461913519155
TL,Telangana,575,Ranga Reddy,3331,Kukatpally(Rythu Bazar) APMC,17.45555263613588,78.39190876230285
TL,Telangana,575,Ranga Reddy,1193,"Kukatpally,RBZ APMC",17.389371759060555,78.4237947068103
TL,Telangana,575,Ranga Reddy,4739,Maheshwaram APMC,17.126700195997252,78.39421090982268
TL,Telangana,575,Ranga Reddy,949,Marapally APMC,17.25707237490505,78.5299172540752
TL,Telangana,575,Ranga Reddy,950,Medchal APMC,17.33794701193571,78.59407407064538
TL,Telangana,575,Ranga Reddy,1192,"Mehdipatnam,RBZ APMC",17.57997668925736,78.42889204310326
TL,Telangana,575,Ranga Reddy,3332,Mehndipatnam(Rythu Bazar) APMC,17.493184605722213,78.28402056601223
TL,Telangana,575,Ranga Reddy,966,Narsingi APMC,17.415306680169305,78.31752273234609
TL,Telangana,575,Ranga Reddy,3472,Narsingi(Babbuguda) APMC,17.35848388040455,78.34458056459836
TL,Telangana,575,Ranga Reddy,985,Pargi APMC,17.039941760344412,78.19208635196432
TL,Telangana,575,Ranga Reddy,1196,"Qutubullahpur,RBZ APMC",17.510315919425796,78.45814711501356
TL,Telangana,575,Ranga Reddy,1198,"Ramakrisnapuram,RBZ APMC",17.47430580832793,78.39706523831848
TL,Telangana,575,Ranga Reddy,1015,Sardarnagar APMC,17.137953093641098,78.06923953542798
TL,Telangana,575,Ranga Reddy,1194,"Saroornagar,RBZ APMC",17.32582715425441,78.56634844084842
TL,Telangana,575,Ranga Reddy,1019,Shankarapally APMC,17.35668591757012,78.15654791403117
TL,Telangana,575,Ranga Reddy,1030,Tanduru APMC,17.457567237213773,78.18774572569374
TL,Telangana,575,Ranga Reddy,1195,"Vanasthalipuram,RBZ APMC",17.33428335013765,78.59128607384218
TL,Telangana,575,Ranga Reddy,3763,Vatpally APMC,17.31537029742144,78.36990024338242
TL,Telangana,575,Ranga Reddy,373,Vikarabad APMC,17.494333067779603,78.07808929324844
TL,Telangana,700,Sangareddy,4757,Patancheru APMC,17.537058372006275,78.21334431153282
TL,Telangana,700,Sangareddy,4766,Raikode APMC,17.892794957750894,77.77604525325445
TL,Telangana,576,Siddipet,4693,Bejjenki APMC,18.156013263866143,79.0236164901986
TL,Telangana,576,Siddipet,4700,Chinnakodur APMC,18.082657104871405,78.85034672891733
TL,Telangana,576,Siddipet,4702,Doulthabad APMC,17.903928163453553,78.57901060742995
TL,Telangana,576,Siddipet,4729,Koheda APMC,18.18509193342328,79.02538763407352
TL,Telangana,576,Siddipet,4731,Kondapaka APMC,17.88875033881996,78.88674602945723
TL,Telangana,576,Siddipet,4742,Mirdoddi APMC,18.12082600096334,78.76014047485981
TL,Telangana,576,Siddipet,4746,Nangunoor APMC,18.03863751617435,79.08174405173322
TL,Telangana,708,Vikarabad,4692,Basheerabad APMC,17.232282540347402,77.41148218185889
TL,Telangana,708,Vikarabad,4701,Dharur APMC,17.2808624257974,77.67158790472179
TL,Telangana,708,Vikarabad,4732,Kotipally APMC,17.43974419154521,77.75308958646967
TL,Telangana,708,Vikarabad,4734,Kulkacherla APMC,17.064240192527777,77.82353792175314
TL,Telangana,707,Wanaparthy,4759,Pebbair APMC,16.048256847457232,77.98440378317052
TL,Telangana,577,Warangal,856,Cherial APMC,17.993692824843794,78.98582300482471
TL,Telangana,577,Warangal,871,Dornakal APMC,17.91867496452198,79.60343649502872
TL,Telangana,577,Warangal,1185,"Excise Colony,RBZ APMC",18.359063704186863,79.58201655537152
TL,Telangana,577,Warangal,879,Ghanpur APMC,17.809318177024167,79.43875577746958
TL,Telangana,577,Warangal,3335,Hanmarkonda(Rythu Bazar) APMC,18.11620854181755,79.76241111272367
TL,Telangana,577,Warangal,901,Jangaon APMC,17.903238168481533,79.40785931479107
TL,Telangana,577,Warangal,378,Kesamudram APMC,17.63125058024424,79.85913054771211
TL,Telangana,577,Warangal,917,Kodakandal APMC,17.614286405724833,79.56902194680548
TL,Telangana,577,Warangal,942,Mahabubabad APMC,17.626963019347595,80.00988029317682
TL,Telangana,577,Warangal,954,Mulugu APMC,17.76174914694814,78.53190436964962
TL,Telangana,577,Warangal,971,Narsampet APMC,17.84847653383692,79.90550670355597
TL,Telangana,577,Warangal,2410,Narsampet(Nekonda) APMC,17.744204605579856,79.89680795020438
TL,Telangana,577,Warangal,986,Parkal APMC,18.27953245232298,79.61325931087207
TL,Telangana,577,Warangal,1187,"Pochamma Maidan,RBZ APMC",18.26430855534439,79.40496167083425
TL,Telangana,577,Warangal,1186,"Railway Over Bridge./Fatima,RBZ APMC",17.908710690694974,79.71077335467106
TL,Telangana,577,Warangal,1036,Thorrur APMC,18.033117456550034,79.74205601527609
TL,Telangana,577,Warangal,19,Warangal APMC,17.993613353023996,79.54462867350087
TL,Telangana,577,Warangal,1056,Wardhannapet APMC,17.762206010956767,79.5698750405335
TR,Tripura,578,Dhalai,3101,Chowmanu APMC,23.860193155090116,92.00837217549807
TR,Tripura,578,Dhalai,3102,Gandacharra APMC,23.591106462018626,91.82738322399405
TR,Tripura,578,Dhalai,3675,Halahali,24.07210557891197,91.78310944991169
TR,Tripura,578,Dhalai,684,Kulai APMC,23.882131184337005,91.82750963369539
TR,Tripura,578,Dhalai,3679,Masli,24.03584039563053,92.01114292085948
TR,Tripura,579,Gomati,1702,Garjee APMC,23.43024433999654,91.61238033061701
TR,Tripura,579,Gomati,1703,Nutanbazar APMC,23.458529653722564,91.20580763063221
TR,Tripura,579,Gomati,3104,Silachhari APMC,23.202141663234404,91.76361745383714
TR,Tripura,580,Khowai,680,Bachaibari APMC,23.782885023113128,91.77134257263141
TR,Tripura,580,Khowai,3098,Kalyanpur APMC,23.96331512374598,91.61014293767015
TR,Tripura,580,Khowai,296,Teliamura APMC,23.861793682941194,91.68881862384588
TR,Tripura,581,North Tripura,1704,Dasda APMC,23.899693862748535,92.10886171259686
TR,Tripura,581,North Tripura,3680,Kadamtala,24.453450358844385,92.19091960972871
TR,Tripura,581,North Tripura,3677,Kanchanpur,24.009481616766333,92.29753401731581
TR,Tripura,581,North Tripura,683,Panisagar APMC,24.210359177911155,92.13550425138965
TR,Tripura,582,Sepahijala,295,Bishalgarh APMC,23.695401054022355,91.30190807867577
TR,Tripura,582,Sepahijala,3672,Bishramganj,23.561448576088935,91.30343603936558
TR,Tripura,582,Sepahijala,3673,Boxonagar,23.57585867260169,91.24503450912349
TR,Tripura,582,Sepahijala,3099,Jampuijala APMC,23.78560838904941,91.06065443951093
TR,Tripura,582,Sepahijala,679,Melaghar APMC,23.917406401572485,91.05880718087455
TR,Tripura,582,Sepahijala,3100,Sonamura APMC,23.435100150573156,91.31883870486968
TR,Tripura,583,South Tripura,3105,Barpathari APMC,23.374041567271448,91.38372576270999
TR,Tripura,583,South Tripura,3671,Biokhora,23.17974113540038,91.59029497095658
TR,Tripura,583,South Tripura,3103,Kalsi APMC,23.16483360918895,91.56141253759785
TR,Tripura,583,South Tripura,3670,Manubazar,23.073914062685738,91.642175694021
TR,Tripura,583,South Tripura,294,Santir Bazar APMC,23.122157287254556,91.5933872446778
TR,Tripura,584,Unokoti,3678,Machmara,24.187360822259215,91.98843598213945
TR,Tripura,584,Unokoti,678,Pabiacherra APMC,24.377735471892617,91.92265137398185
TR,Tripura,584,Unokoti,3676,Panichowki,24.23168999211592,92.02231161199678
TR,Tripura,585,West District,1700,Champaknagar APMC,24.074243153588156,91.83929332565798
TR,Tripura,585,West District,3674,Kamalghat,23.947768883799668,91.98213117575462
TR,Tripura,585,West District,1701,Mohanpur APMC,24.013287211700735,92.24436842449595
UP,Uttar Pradesh,586,Agra,2194,Achnera APMC,27.16158536867323,77.81849638295257
UP,Uttar Pradesh,586,Agra,297,Agra APMC,27.11579603132707,78.06005215827999
UP,Uttar Pradesh,586,Agra,2193,Fatehabad APMC,27.02293393936217,78.1734185900779
UP,Uttar Pradesh,586,Agra,2197,Fatehpur Sikri APMC,27.019238471606393,77.79218920395161
UP,Uttar Pradesh,586,Agra,2196,Jagnair APMC,26.887465379108885,77.69105812330457
UP,Uttar Pradesh,586,Agra,2195,Khairagarh APMC,26.91031402914297,77.66619454410454
UP,Uttar Pradesh,586,Agra,2198,Samsabad APMC,27.534966949283113,79.46888921841878
UP,Uttar Pradesh,587,Aligarh,1720,Aligarh APMC,27.88960372924862,78.16447849524427
UP,Uttar Pradesh,587,Aligarh,2199,Atrauli APMC,27.9295445628708,78.40588105036711
UP,Uttar Pradesh,587,Aligarh,1755,Charra APMC,27.82952677009365,78.36877443846447
UP,Uttar Pradesh,587,Aligarh,1759,Khair APMC,27.94762680172832,77.83637686414411
UP,Uttar Pradesh,588,Ambedkarnagar,1721,Akbarpur APMC,27.353687909111887,80.71771273997433
UP,Uttar Pradesh,589,Amethi,1761,Jafarganj APMC,26.39560475786909,81.57785066337941
UP,Uttar Pradesh,589,Amethi,659,Sultanpur APMC,26.739889707313676,81.19587060947833
UP,Uttar Pradesh,590,Amroha,1140,Amroha APMC,28.824541152080553,78.29262898084527
UP,Uttar Pradesh,590,Amroha,2209,Dhanaura APMC,28.885343086313465,78.20511690098095
UP,Uttar Pradesh,590,Amroha,1787,Hasanpur APMC,28.66436629493216,78.32369707339224
UP,Uttar Pradesh,591,Auraiya,2223,Achalda APMC,26.735386451279822,79.40551898794845
UP,Uttar Pradesh,591,Auraiya,796,Auraiya APMC,26.622538779677228,79.59990466680374
UP,Uttar Pradesh,591,Auraiya,1765,Dibiapur APMC,26.65962516547848,79.53238965440967
UP,Uttar Pradesh,592,Ayodhya,4681,Ayodhya APMC,26.812022980698007,82.16477511140732
UP,Uttar Pradesh,592,Ayodhya,2239,Rudauli APMC,26.766641003350472,81.705913369555
UP,Uttar Pradesh,593,Azamgarh,663,Azamgarh APMC,25.953068021356714,82.9520839208737
UP,Uttar Pradesh,594,Badaun,2215,Babrala APMC,28.201745817886074,79.38411048606571
UP,Uttar Pradesh,594,Badaun,655,Badayoun APMC,28.049833115054636,78.98667825217207
UP,Uttar Pradesh,594,Badaun,1790,Bilsi APMC,28.20955084676901,78.9584425060413
UP,Uttar Pradesh,594,Badaun,2213,Bisoli APMC,28.327763520115788,78.86815925653978
UP,Uttar Pradesh,594,Badaun,1792,Dataganj APMC,27.93858165699977,79.24978748483257
UP,Uttar Pradesh,594,Badaun,4812,Islam Nagar APMC,28.226228519095795,78.75076752383944
UP,Uttar Pradesh,594,Badaun,2216,Shahaswan APMC,28.168065691000372,79.3455018619363
UP,Uttar Pradesh,594,Badaun,1744,Ujhani APMC,28.02018896819336,78.95806372402085
UP,Uttar Pradesh,594,Badaun,2214,Wazirganj APMC,28.148210510407004,79.14910177526025
UP,Uttar Pradesh,595,Baghpat,2809,Bagpat APMC,28.998827791792237,77.27548076581536
UP,Uttar Pradesh,595,Baghpat,649,Baraut APMC,29.220808646706118,77.26720337888187
UP,Uttar Pradesh,595,Baghpat,2181,Khekda APMC,28.812292050999513,77.19635520219879
UP,Uttar Pradesh,596,Bahraich,299,Bahraich APMC,27.681545992377405,81.46887267924602
UP,Uttar Pradesh,596,Bahraich,1763,Naanpara APMC,28.01712585578611,81.39615009675794
UP,Uttar Pradesh,597,Ballia,300,Ballia APMC,25.931025060108194,84.06567865414982
UP,Uttar Pradesh,597,Ballia,2246,Chitwadagaon APMC,28.154971621399074,79.3615829376357
UP,Uttar Pradesh,597,Ballia,2245,Rasda APMC,25.885597586752937,84.00821877524554
UP,Uttar Pradesh,597,Ballia,2247,Vilthararoad APMC,28.126981000605312,79.32952741197818
UP,Uttar Pradesh,598,Balrampur,1722,Balrampur APMC,27.434264365189758,82.41324822593005
UP,Uttar Pradesh,598,Balrampur,2251,Panchpedwa APMC,27.54989790125752,82.72089752643268
UP,Uttar Pradesh,598,Balrampur,1772,Tulsipur APMC,27.481092671099834,82.42521827128559
UP,Uttar Pradesh,599,Banda,1747,Atarra APMC,25.23610825406038,80.54694923854161
UP,Uttar Pradesh,599,Banda,1801,Baberu APMC,25.537142340943518,80.72498257969718
UP,Uttar Pradesh,599,Banda,1725,Banda APMC,25.378020504777588,80.62967386993422
UP,Uttar Pradesh,600,Barabanki,301,Barabanki APMC,26.903907574860924,81.46336947471916
UP,Uttar Pradesh,600,Barabanki,1760,Safdarganj APMC,26.876246380784885,81.22761647916931
UP,Uttar Pradesh,601,Bareilly,2212,Anwala APMC,28.320310495691732,79.20797432883751
UP,Uttar Pradesh,601,Bareilly,1745,Baheri APMC,28.796827203516788,79.49502716146867
UP,Uttar Pradesh,601,Bareilly,302,Bareilly APMC,28.5690889540274,79.4023244757044
UP,Uttar Pradesh,601,Bareilly,2805,Richha APMC,28.597193007331494,79.53428670123381
UP,Uttar Pradesh,602,Basti,662,Basti APMC,26.84972727281881,82.48025586763934
UP,Uttar Pradesh,603,Bhadohi(Sant Ravi Nagar),1966,Gopiganj APMC,25.437378031064277,82.50518262171727
UP,Uttar Pradesh,604,Bijnor,1138,Bijnaur APMC,29.307388139384518,78.43953541900692
UP,Uttar Pradesh,604,Bijnor,1742,Chaandpur APMC,29.281420451530497,78.30529654322764
UP,Uttar Pradesh,604,Bijnor,2208,Haldaur APMC,29.209606452869874,78.29063541607839
UP,Uttar Pradesh,604,Bijnor,2206,Kiratpur APMC,29.386225009096105,78.1406393022873
UP,Uttar Pradesh,604,Bijnor,2207,Nagina APMC,29.574488515102857,78.47299174408805
UP,Uttar Pradesh,604,Bijnor,1791,Najibabad APMC,29.50159782385328,78.31983234359198
UP,Uttar Pradesh,605,Bulandshahar,2185,Anoop Shahar APMC,28.34943228529842,78.16992513197572
UP,Uttar Pradesh,605,Bulandshahar,647,Buland Shahr APMC,28.401242185923785,77.90384831840719
UP,Uttar Pradesh,605,Bulandshahar,1781,Divai APMC,28.20289131826973,78.21136753236527
UP,Uttar Pradesh,605,Bulandshahar,1783,Gulavati APMC,28.598713101223275,77.8059583573937
UP,Uttar Pradesh,605,Bulandshahar,2182,Jahangirabad APMC,28.351559906046504,78.08317111019905
UP,Uttar Pradesh,605,Bulandshahar,1753,Khurja APMC,28.16742347677349,77.79730783807892
UP,Uttar Pradesh,605,Bulandshahar,2184,Sikanderabad APMC,28.559274661277687,77.7693109597775
UP,Uttar Pradesh,605,Bulandshahar,2186,Sikarpur APMC,28.332918676403274,77.98354043796834
UP,Uttar Pradesh,605,Bulandshahar,2183,Siyana APMC,28.609558909943324,78.02165882090965
UP,Uttar Pradesh,606,Chandauli,1723,Chandoli APMC,25.099772884962647,83.22694064066046
UP,Uttar Pradesh,607,Chitrakut,1967,Karvi APMC,25.164788361944087,80.9716577291431
UP,Uttar Pradesh,607,Chitrakut,2233,Mau(Chitrakut) APMC,25.215410130593376,81.10589342567324
UP,Uttar Pradesh,608,Deoria,2802,Barhaj APMC,26.21814310546288,83.76516437698376
UP,Uttar Pradesh,608,Deoria,661,Devariya APMC,26.340884164553504,83.7514454493334
UP,Uttar Pradesh,609,Etah,2202,Aliganj APMC,27.49492713077866,79.00978280561826
UP,Uttar Pradesh,609,Etah,2203,Awagarh APMC,27.423700467578495,78.46773061519023
UP,Uttar Pradesh,609,Etah,652,Etah APMC,27.632307780202698,78.5878997088516
UP,Uttar Pradesh,610,Etawah,1741,Bharthna APMC,26.753970150863854,79.26123614560855
UP,Uttar Pradesh,610,Etawah,309,Etawah APMC,26.67583069437109,79.04515221709087
UP,Uttar Pradesh,610,Etawah,1770,Jasvantnagar APMC,26.85520050938786,78.82699989498103
UP,Uttar Pradesh,611,Farukhabad,305,Farukhabad APMC,27.51320838791769,79.57592575000808
UP,Uttar Pradesh,611,Farukhabad,2221,Kamlaganj APMC,27.210427464993636,79.56306612953469
UP,Uttar Pradesh,611,Farukhabad,1737,Kayamganj APMC,27.564051484198146,79.31462332416429
UP,Uttar Pradesh,611,Farukhabad,2222,Mohamadabad APMC,27.30049704694942,79.39094694045353
UP,Uttar Pradesh,612,Fatehpur,1748,Bindki APMC,26.039506183306255,80.56817653347467
UP,Uttar Pradesh,612,Fatehpur,795,Fatehpur APMC,25.84506391069855,80.80501376548848
UP,Uttar Pradesh,612,Fatehpur,1769,Jahanabad APMC,26.09670647807681,80.32309791556882
UP,Uttar Pradesh,612,Fatehpur,2238,Khaga APMC,25.609629723539335,81.09457963261629
UP,Uttar Pradesh,612,Fatehpur,1767,Kishunpur APMC,25.62702602414322,81.03598567424568
UP,Uttar Pradesh,613,Firozabad,816,Firozabad APMC,27.234337986944805,78.49151066577906
UP,Uttar Pradesh,613,Firozabad,1758,Shikohabad APMC,27.13677416071724,78.55935410464893
UP,Uttar Pradesh,613,Firozabad,2204,Sirsaganj APMC,27.033889675350057,78.67819586836141
UP,Uttar Pradesh,613,Firozabad,2205,Tundla APMC,27.136127598123576,78.22608412854407
UP,Uttar Pradesh,614,Gautam Budh Nagar,1729,Dadri APMC,28.4449917211457,77.52136565506726
UP,Uttar Pradesh,614,Gautam Budh Nagar,2187,Dankaur APMC,28.49156333150225,77.6474960460082
UP,Uttar Pradesh,615,Ghaziabad,306,Ghaziabad APMC,28.805783207682143,77.37322233280997
UP,Uttar Pradesh,615,Ghaziabad,1726,Hapur APMC,28.763566262431713,77.80546356715993
UP,Uttar Pradesh,615,Ghaziabad,2180,Muradnagar APMC,28.75625719435017,77.44416021295868
UP,Uttar Pradesh,615,Ghaziabad,2803,Noida APMC,28.618414845047493,77.46131196765512
UP,Uttar Pradesh,616,Ghazipur,665,Gazipur APMC,25.85365984707957,80.6390934961717
UP,Uttar Pradesh,616,Ghazipur,2242,Jamanian APMC,25.726514382668952,83.3711874047806
UP,Uttar Pradesh,616,Ghazipur,2801,Jangipura APMC,25.83186202039091,80.7244299391114
UP,Uttar Pradesh,616,Ghazipur,2241,Yusufpur APMC,25.639492844277733,83.83523304398425
UP,Uttar Pradesh,617,Gonda,658,Gonda APMC,27.082632974063277,81.88564266427858
UP,Uttar Pradesh,617,Gonda,1762,Karnailganj APMC,27.27429760944044,81.74479631321734
UP,Uttar Pradesh,617,Gonda,2240,Nawabganj APMC,26.793556644652995,82.02975121297183
UP,Uttar Pradesh,618,Gorakhpur,2248,Chorichora APMC,26.288760758760038,83.62502249138045
UP,Uttar Pradesh,618,Gorakhpur,307,Gorakhpur APMC,26.760181668954196,83.3801497689725
UP,Uttar Pradesh,618,Gorakhpur,1751,Sehjanwa APMC,26.797311780056077,83.74399819428731
UP,Uttar Pradesh,619,Hamirpur,1795,Bharuasumerpur APMC,25.60350770234695,79.95463459501377
UP,Uttar Pradesh,619,Hamirpur,2810,Hamirpur APMC,25.820793467724958,79.95781574669826
UP,Uttar Pradesh,619,Hamirpur,2237,Kurara APMC,25.974759487359854,80.01255023637243
UP,Uttar Pradesh,619,Hamirpur,1794,Maudaha APMC,25.672468337772543,80.09949869980882
UP,Uttar Pradesh,619,Hamirpur,2236,Muskara APMC,25.707036739899877,79.82767187710523
UP,Uttar Pradesh,619,Hamirpur,1728,Raath APMC,25.5739735682429,79.53050036822732
UP,Uttar Pradesh,620,Hardoi,308,Hardoi APMC,27.239073192636315,80.04500661129381
UP,Uttar Pradesh,620,Hardoi,1777,Madhoganj APMC,27.082241837490297,80.11271976087232
UP,Uttar Pradesh,620,Hardoi,2230,Sandi APMC,27.296096726170624,80.03923517750539
UP,Uttar Pradesh,620,Hardoi,1775,Sandila APMC,27.086931538477717,80.5783121859764
UP,Uttar Pradesh,620,Hardoi,1776,Shahabad(New Mandi) APMC,27.598701882151218,80.16972028783178
UP,Uttar Pradesh,621,Hathras,1730,Haathras APMC,27.585423631377438,78.08759938819918
UP,Uttar Pradesh,621,Hathras,2200,Shadabad APMC,27.229365932919418,78.48733194571676
UP,Uttar Pradesh,621,Hathras,1756,Sikandraraau APMC,27.620477949879664,78.3702873734301
UP,Uttar Pradesh,622,Jalaun (Orai),1797,Ait APMC,25.914137288240397,79.4532872234614
UP,Uttar Pradesh,622,Jalaun (Orai),1793,Jalaun APMC,26.033948457769668,79.412030680962
UP,Uttar Pradesh,622,Jalaun (Orai),2235,Kadaura APMC,25.862715697974664,79.47814510988754
UP,Uttar Pradesh,622,Jalaun (Orai),1802,Kalpi APMC,26.18480107048209,79.75432859313872
UP,Uttar Pradesh,622,Jalaun (Orai),1738,Konch APMC,25.930477256330462,79.46179299617985
UP,Uttar Pradesh,622,Jalaun (Orai),2234,Madhogarh APMC,26.22730612404048,79.15836622208788
UP,Uttar Pradesh,622,Jalaun (Orai),1717,Orai APMC,25.973551252701032,79.43418953603533
UP,Uttar Pradesh,623,Jaunpur,310,Jaunpur APMC,25.735821368975422,82.73343237049451
UP,Uttar Pradesh,623,Jaunpur,1780,Mugrabaadshahpur APMC,25.658926416441254,82.28620925794367
UP,Uttar Pradesh,623,Jaunpur,1779,Shahganj APMC,25.969157202906292,82.60044495545647
UP,Uttar Pradesh,624,Jhansi,2232,Baruwasagar APMC,25.457012754208822,78.72830611111905
UP,Uttar Pradesh,624,Jhansi,1799,Chirgaon APMC,25.581155965930847,78.77164540874158
UP,Uttar Pradesh,624,Jhansi,1750,Gurusarai APMC,25.601280548951955,79.15321733240684
UP,Uttar Pradesh,624,Jhansi,4392,Jhansi (Grain) APMC,25.417979942499272,78.64310737220781
UP,Uttar Pradesh,624,Jhansi,666,Jhansi APMC,25.36152253585914,78.51693128249208
UP,Uttar Pradesh,624,Jhansi,1739,Mauranipur APMC,25.265941374183072,79.15364829764394
UP,Uttar Pradesh,624,Jhansi,1800,Moth APMC,25.79861748648937,78.87651982140842
UP,Uttar Pradesh,625,Kannuj,4665,Chhibramau APMC,27.120960143603682,79.54749135107475
UP,Uttar Pradesh,625,Kannuj,1718,Kannauj APMC,27.006498045135604,79.7298372306676
UP,Uttar Pradesh,626,Kanpur,2218,Choubepur APMC,26.585546108757374,80.26746648755802
UP,Uttar Pradesh,626,Kanpur,311,Kanpur(Grain) APMC,26.46058385822683,80.29541190253514
UP,Uttar Pradesh,626,Kanpur,2219,Uttaripura APMC,26.659962772323635,80.1185813422154
UP,Uttar Pradesh,626,Kanpur,1768,Varipaal APMC,26.320279231303477,80.29050487575559
UP,Uttar Pradesh,627,Kanpur Dehat,1752,Jhijhank APMC,26.42629268669553,79.84146171793337
UP,Uttar Pradesh,627,Kanpur Dehat,1141,Pukharayan APMC,26.419032335984244,79.81605328882618
UP,Uttar Pradesh,627,Kanpur Dehat,2220,Rura APMC,26.489580056010407,79.86628368185866
UP,Uttar Pradesh,628,Kasganj,1139,Kasganj APMC,27.749035175145327,78.83082290499081
UP,Uttar Pradesh,629,Kaushambi,1766,Bharwari APMC,25.469503757652085,81.46140593063933
UP,Uttar Pradesh,629,Kaushambi,4390,Manjhanpur APMC,25.463240949622623,81.23823296380742
UP,Uttar Pradesh,630,Khiri (Lakhimpur),2231,Maigalganj APMC,28.23706848706869,80.73682448911072
UP,Uttar Pradesh,630,Khiri (Lakhimpur),1968,Mohammdi APMC,28.020648994656632,80.2110974977459
UP,Uttar Pradesh,630,Khiri (Lakhimpur),1969,Tikonia APMC,28.24425787135474,80.71061888447856
UP,Uttar Pradesh,631,Kushinagar,1965,Tamkuhi road APMC,26.782611782884587,84.2043786420397
UP,Uttar Pradesh,632,Lakhimpur,1731,Golagokarnath APMC,28.05868970918977,80.83317172441554
UP,Uttar Pradesh,632,Lakhimpur,313,Lakhimpur APMC,28.21680111537569,80.71535127939225
UP,Uttar Pradesh,632,Lakhimpur,1746,Paliakala APMC,28.176164098289362,80.68902686391752
UP,Uttar Pradesh,633,Lalitpur,314,Lalitpur APMC,24.70336431686991,78.57745506107977
UP,Uttar Pradesh,633,Lalitpur,1798,Mehrauni APMC,24.855156931857714,78.28963952933466
UP,Uttar Pradesh,634,Lucknow,2224,Banthara APMC,26.727738314640014,80.83539447627116
UP,Uttar Pradesh,634,Lucknow,315,Lucknow APMC,26.863504915299806,80.9299380282104
UP,Uttar Pradesh,635,Maharajganj,1773,Anandnagar APMC,26.945471485180864,83.28213189471472
UP,Uttar Pradesh,635,Maharajganj,2250,Gadaura APMC,27.121325671680577,83.52801072281491
UP,Uttar Pradesh,635,Maharajganj,2807,Maharajganj APMC,27.137894805533453,83.50954694103915
UP,Uttar Pradesh,635,Maharajganj,1771,Nautnava APMC,27.519794345791723,83.39996273070614
UP,Uttar Pradesh,635,Maharajganj,1716,Partaval APMC,27.01890421016587,83.56323016336306
UP,Uttar Pradesh,636,Mahoba,1796,Charkhari APMC,25.251390750564223,79.87593744230256
UP,Uttar Pradesh,636,Mahoba,797,Mahoba APMC,25.364155063550673,79.76271960374412
UP,Uttar Pradesh,637,Mainpuri,2201,Bewar APMC,27.25628131235474,79.32114896263002
UP,Uttar Pradesh,637,Mainpuri,1757,Ghiraur APMC,27.22606763061729,78.84264756036583
UP,Uttar Pradesh,637,Mainpuri,316,Mainpuri APMC,27.22930690595157,79.00038606611143
UP,Uttar Pradesh,638,Mathura,1142,Kosikalan APMC,27.906160682788343,77.45098641821654
UP,Uttar Pradesh,638,Mathura,653,Mathura APMC,27.568214003276573,77.6689631795738
UP,Uttar Pradesh,639,Mau(Maunathbhanjan),2244,Doharighat APMC,26.30003180208759,83.49168641891141
UP,Uttar Pradesh,639,Mau(Maunathbhanjan),1715,Kopaganj APMC,26.12713258765742,83.5974611080807
UP,Uttar Pradesh,640,Meerut,2178,Mawana APMC,29.08947953633516,77.90862163805576
UP,Uttar Pradesh,640,Meerut,317,Meerut APMC,28.978088243749628,77.72903525100705
UP,Uttar Pradesh,640,Meerut,2179,Parikshitgarh APMC,28.909129393632888,77.95663540117462
UP,Uttar Pradesh,640,Meerut,1784,Sardhana APMC,28.982448472627635,77.75652262939326
UP,Uttar Pradesh,641,Mirzapur,2243,Ahirora APMC,25.100397605920687,83.07619192440521
UP,Uttar Pradesh,641,Mirzapur,664,Mirzapur APMC,24.911099521810172,82.57138309352679
UP,Uttar Pradesh,642,Muzaffarnagar,651,Khatauli APMC,29.22591904523402,77.75401267276973
UP,Uttar Pradesh,642,Muzaffarnagar,682,Muzzafarnagar APMC,29.480627525977056,77.77865756419197
UP,Uttar Pradesh,642,Muzaffarnagar,2192,Shahpur APMC,29.286340314523514,77.58276592979628
UP,Uttar Pradesh,644,Pillibhit,2806,Billsadda APMC,28.194013234414115,79.97940650083022
UP,Uttar Pradesh,644,Pillibhit,1735,Bishalpur APMC,28.310641886647666,79.82448830189671
UP,Uttar Pradesh,644,Pillibhit,320,Pilibhit APMC,28.506577020612077,80.11341751651001
UP,Uttar Pradesh,644,Pillibhit,1732,Puranpur APMC,28.511874666054315,80.11361235719045
UP,Uttar Pradesh,645,Pratapgarh,660,Pratapgarh APMC,25.71083904604378,81.78866044409394
UP,Uttar Pradesh,646,Prayagraj,1724,Ajuha APMC,25.51940779263701,81.71165951976631
UP,Uttar Pradesh,646,Prayagraj,1764,Jasra APMC,25.28367043483172,81.79409556029573
UP,Uttar Pradesh,646,Prayagraj,4389,Lediyari APMC,25.03112377797782,81.89065546017225
UP,Uttar Pradesh,646,Prayagraj,298,Prayagraj APMC,25.406241034792323,81.87902458410265
UP,Uttar Pradesh,646,Prayagraj,1749,Sirsa APMC,25.42046429973555,81.82886945369604
UP,Uttar Pradesh,647,Raebarelli,2226,Bachranwa APMC,26.483469812258118,81.19040737908784
UP,Uttar Pradesh,647,Raebarelli,1743,Jayas APMC,26.554837268884846,80.96606288212895
UP,Uttar Pradesh,647,Raebarelli,2225,Lalganj APMC,26.20170775017947,80.84753014203905
UP,Uttar Pradesh,647,Raebarelli,657,Raibareilly APMC,26.18037682315121,80.95183467234348
UP,Uttar Pradesh,647,Raebarelli,2227,Salon APMC,26.17509104253779,81.50455809019749
UP,Uttar Pradesh,648,Rampur,1734,Bilaspur APMC,28.88656971883656,79.29893022423903
UP,Uttar Pradesh,648,Rampur,2808,Milak APMC,28.63887350703251,79.2715421342465
UP,Uttar Pradesh,648,Rampur,654,Rampur APMC,28.77504638728768,79.13346530483585
UP,Uttar Pradesh,648,Rampur,2211,Shahabad APMC,28.536809637781122,79.03540942005536
UP,Uttar Pradesh,648,Rampur,2210,Tanda(Rampur) APMC,28.783586572673226,79.15833522628182
UP,Uttar Pradesh,649,Saharanpur,2188,Chutmalpur APMC,30.03407276879018,77.67082887186272
UP,Uttar Pradesh,649,Saharanpur,1782,Deoband APMC,29.737887468082562,77.65552141565655
UP,Uttar Pradesh,649,Saharanpur,1754,Gangoh APMC,29.826616150643044,77.22790574249157
UP,Uttar Pradesh,649,Saharanpur,1785,Rampurmaniharan APMC,29.675913546424205,77.52107298039576
UP,Uttar Pradesh,649,Saharanpur,321,Saharanpur APMC,29.86554091403584,77.50480520175182
UP,Uttar Pradesh,649,Saharanpur,2189,Sultanpurchilkana APMC,29.905844313048377,77.17805389906741
UP,Uttar Pradesh,650,Sambhal,1786,Bhehjoi APMC,28.441098614615626,78.64627017853273
UP,Uttar Pradesh,650,Sambhal,656,Chandausi APMC,28.447087152711152,78.79081258949242
UP,Uttar Pradesh,650,Sambhal,318,Muradabad APMC,28.448358747698617,78.59497038125265
UP,Uttar Pradesh,650,Sambhal,1788,Sambhal APMC,28.560617720828244,78.47828008597125
UP,Uttar Pradesh,651,Sant Kabir Nagar,2249,Khalilabad APMC,26.839981132427333,82.97477438309029
UP,Uttar Pradesh,652,Shahjahanpur,2804,Badda APMC,28.22912079656213,80.10442664495805
UP,Uttar Pradesh,652,Shahjahanpur,1789,Jalalabad APMC,27.62246966212267,79.60827779411753
UP,Uttar Pradesh,652,Shahjahanpur,4684,Powayan APMC,28.126685851912104,80.12069012233425
UP,Uttar Pradesh,652,Shahjahanpur,322,Shahjahanpur APMC,27.889722938024242,79.7835695053782
UP,Uttar Pradesh,652,Shahjahanpur,1736,Tilhar APMC,28.087801072413736,79.67046845125523
UP,Uttar Pradesh,653,Shamli,2190,Kairana APMC,29.421395678069253,77.1015590338547
UP,Uttar Pradesh,653,Shamli,2800,Khandhla APMC,28.99688226957728,77.35653131060211
UP,Uttar Pradesh,653,Shamli,650,Shamli APMC,29.506068270241308,77.27849694363918
UP,Uttar Pradesh,653,Shamli,2191,Thanabhavan APMC,29.522473013444905,77.39363057874994
UP,Uttar Pradesh,654,Shravasti,4391,Bhinga APMC,27.76355587007439,81.91457294329987
UP,Uttar Pradesh,654,Shravasti,2252,Payagpur APMC,27.886340169309268,81.69588840572621
UP,Uttar Pradesh,655,Siddharth Nagar,2253,Bansi APMC,27.4163423460503,83.09363674608936
UP,Uttar Pradesh,655,Siddharth Nagar,1727,Naugarh APMC,27.456094341857067,83.19100108923764
UP,Uttar Pradesh,655,Siddharth Nagar,1740,Sahiyapur APMC,27.462098588796287,83.09117592251168
UP,Uttar Pradesh,656,Sitapur,2229,Hargaon (Laharpur) APMC,27.744607254181403,80.98508404796307
UP,Uttar Pradesh,656,Sitapur,1774,Mehmoodabad APMC,27.54288502423838,80.8812237470991
UP,Uttar Pradesh,656,Sitapur,324,Sitapur APMC,27.484714315975427,80.82119445214329
UP,Uttar Pradesh,656,Sitapur,2228,Viswan APMC,27.251840889628074,81.24318558585328
UP,Uttar Pradesh,657,Sonbhadra,1778,Dudhi APMC,24.080648879355607,82.9389346354815
UP,Uttar Pradesh,657,Sonbhadra,1719,Robertsganj APMC,24.572742923858094,83.22480494775469
UP,Uttar Pradesh,658,Unnao,1733,Bangarmau APMC,26.94425488231194,80.32786149734471
UP,Uttar Pradesh,658,Unnao,2217,Purwa APMC,26.457130709402506,80.86774446341563
UP,Uttar Pradesh,658,Unnao,1143,Unnao APMC,26.51451752982387,80.54565663138453
UP,Uttar Pradesh,659,Varanasi,327,Varanasi APMC,25.33588810565446,83.01772864188746
UP,Uttar Pradesh,659,Varanasi,1209,Varanasi(F&V) APMC,25.404969729077713,82.94812921623928
UC,Uttarakhand,662,Chamoli (Gopeshwar),4697,Chamoli APMC,30.410151695088583,79.32597846224857
UC,Uttarakhand,663,Champawat,1662,Tanakpur APMC,29.135333693167368,80.11811951465735
UC,Uttarakhand,664,Dehradoon,1666,Chakrata APMC,30.640244613195918,77.82555951962661
UC,Uttarakhand,664,Dehradoon,303,Dehradoon APMC,30.381924770481817,77.97084918226439
UC,Uttarakhand,664,Dehradoon,667,Rishikesh APMC,29.97602141584358,78.29090398181421
UC,Uttarakhand,664,Dehradoon,668,Vikasnagar APMC,30.485677583029577,77.94956504856886
UC,Uttarakhand,665,Garhwal (Pauri),1074,Kotadwara APMC,29.781929341339538,78.510803134788
UC,Uttarakhand,667,Haridwar,3338,Bhagwanpur(Naveen Mandi Sthal) APMC,29.906189048785752,77.9063205754912
UC,Uttarakhand,667,Haridwar,1071,Haridwar Union APMC,29.8537220544136,78.30718030018173
UC,Uttarakhand,667,Haridwar,1665,Lakshar APMC,29.80372064845791,78.04951390238946
UC,Uttarakhand,667,Haridwar,1077,Manglaur APMC,29.805213357522447,77.88446936509806
UC,Uttarakhand,667,Haridwar,1073,Roorkee APMC,29.854909948743163,77.92547832358723
UC,Uttarakhand,668,Nanital,1070,Haldwani APMC,29.267248474909305,79.53740748149549
UC,Uttarakhand,668,Nanital,1072,Ramnagar APMC,29.386244894794217,79.17139052240144
UC,Uttarakhand,672,Udhamsinghnagar,1075,Bazpur APMC,30.31929937160215,79.13214703644793
UC,Uttarakhand,672,Udhamsinghnagar,1076,Gadarpur APMC,30.28498707777981,78.54032925404907
UC,Uttarakhand,672,Udhamsinghnagar,1664,Jaspur(UC) APMC,29.51456665193832,79.37013139045803
UC,Uttarakhand,672,Udhamsinghnagar,319,Kashipur APMC,29.620613598307628,78.39545390235125
UC,Uttarakhand,672,Udhamsinghnagar,669,Khateema APMC,29.629708230463667,79.35484862489598
UC,Uttarakhand,672,Udhamsinghnagar,325,Kicchha APMC,29.591757410055674,79.22104314970073
UC,Uttarakhand,672,Udhamsinghnagar,3043,Nanakmatta APMC,29.937476094948188,79.12576165743181
UC,Uttarakhand,672,Udhamsinghnagar,326,Rudrapur APMC,30.137687437744738,79.12558713359353
UC,Uttarakhand,672,Udhamsinghnagar,1663,Sitarganj APMC,30.18959466872566,80.01408697600462
WB,West Bengal,674,Alipurduar,676,Alipurduar APMC,26.4229815351091,89.62395919212099
WB,West Bengal,674,Alipurduar,3339,Falakata APMC,26.59984984337245,89.0872939431441
WB,West Bengal,675,Bankura,329,Bankura Sadar APMC,23.10320550056346,87.17193751413386
WB,West Bengal,675,Bankura,801,Bishnupur(Bankura) APMC,23.289932087274668,87.0841051968698
WB,West Bengal,675,Bankura,3351,Indus(Bankura Sadar) APMC,23.17763380985692,87.61723929079726
WB,West Bengal,675,Bankura,2898,Khatra APMC,23.01117880194049,86.87041443207504
WB,West Bengal,676,Birbhum,672,Birbhum APMC,24.11830212918154,87.72940011750256
WB,West Bengal,676,Birbhum,330,Bolpur APMC,23.590318867606417,87.75640926616546
WB,West Bengal,676,Birbhum,4666,Rampurhat APMC,24.116472052931158,87.74682067409015
WB,West Bengal,676,Birbhum,3355,Sainthia APMC,24.031241117057622,87.7043533330637
WB,West Bengal,678,Coochbehar,4670,Baxirhat APMC,26.255558388411195,89.56397622984751
WB,West Bengal,678,Coochbehar,333,Coochbehar APMC,26.27809786005264,89.48640952265461
WB,West Bengal,678,Coochbehar,817,Dinhata APMC,26.342023636524534,89.0455669163593
WB,West Bengal,678,Coochbehar,2535,Haldibari APMC,26.60491291583207,89.68206091242709
WB,West Bengal,678,Coochbehar,2534,Mathabhanga APMC,26.145006760889974,89.43245956454363
WB,West Bengal,678,Coochbehar,4671,Mekhliganj APMC,26.368422222109245,88.94888838884837
WB,West Bengal,678,Coochbehar,2901,Pundibari APMC,26.509366917847643,89.7751963624052
WB,West Bengal,678,Coochbehar,819,Toofanganj APMC,26.291414929307287,89.84833872532623
WB,West Bengal,679,Dakshin Dinajpur,4667,Balurghat APMC,25.21899804642274,88.78740661614945
WB,West Bengal,679,Dakshin Dinajpur,3344,Gangarampur(Dakshin Dinajpur) APMC,25.36401437750847,88.48155687309394
WB,West Bengal,680,Darjeeling,3342,Darjeeling APMC,27.007154490466625,88.15570968778813
WB,West Bengal,680,Darjeeling,3341,Karsiyang(Matigara) APMC,26.576444321681727,88.40691422292451
WB,West Bengal,680,Darjeeling,2537,Siliguri APMC,26.719456083039816,88.39603142976696
WB,West Bengal,681,Hooghly,821,Champadanga APMC,22.935879425258236,87.94879906349351
WB,West Bengal,681,Hooghly,3347,Kalipur APMC,22.66869750419135,88.29304293612608
WB,West Bengal,681,Hooghly,334,Pandua APMC,23.078267159833235,88.36715199944867
WB,West Bengal,681,Hooghly,2270,Sheoraphuly APMC,22.754876420824857,88.31262568393866
WB,West Bengal,682,Howrah,799,Ramkrishanpur(Howrah) APMC,22.541365956531205,88.33358277889562
WB,West Bengal,682,Howrah,2269,Uluberia APMC,22.554454654101065,88.14402795049168
WB,West Bengal,683,Jalpaiguri,2536,Belacoba APMC,26.65050327766878,88.54880947802403
WB,West Bengal,683,Jalpaiguri,335,Dhupguri APMC,26.562001319816027,89.06192467394715
WB,West Bengal,683,Jalpaiguri,675,Jalpaiguri Sadar APMC,26.53575502127439,88.72406055983741
WB,West Bengal,683,Jalpaiguri,3340,Moynaguri APMC,26.684467879980005,88.67007218604557
WB,West Bengal,684,Jhargram,2903,Jhargram APMC,22.421844550145092,86.97392947795105
WB,West Bengal,685,Kalimpong,677,Kalimpong APMC,27.068123489611278,88.49509930040901
WB,West Bengal,686,Kolkata,2894,Bara Bazar (Posta Bazar) APMC,22.523969482843963,88.38752225708436
WB,West Bengal,686,Kolkata,2895,Mechua APMC,22.445309160659303,88.3092171907769
WB,West Bengal,686,Kolkata,2896,Sealdah Koley Market APMC,22.56567212027351,88.34593531169939
WB,West Bengal,687,Malda,337,English Bazar APMC,25.060082506159468,88.16663108501326
WB,West Bengal,687,Malda,2902,Gajol APMC,25.188760739878,88.17668166978606
WB,West Bengal,687,Malda,336,Samsi APMC,25.29183959430294,88.04632967009623
WB,West Bengal,688,Medinipur(E),2272,Egra/contai APMC,21.963332612534863,87.63160719065631
WB,West Bengal,688,Medinipur(E),3353,Kolaghat APMC,22.39643977259409,87.95751854286985
WB,West Bengal,688,Medinipur(E),338,Tamluk (Medinipur E) APMC,21.946774759930204,87.5671870852712
WB,West Bengal,689,Medinipur(W),3352,Garbeta(Medinipur) APMC,22.467509054597965,87.33910027944395
WB,West Bengal,689,Medinipur(W),820,Ghatal APMC,22.464595080649485,87.29529114957765
WB,West Bengal,689,Medinipur(W),671,Medinipur(West) APMC,22.34748505488827,87.33981511960204
WB,West Bengal,690,Murshidabad,2904,Beldanga APMC,23.87465275780962,88.23994765045468
WB,West Bengal,690,Murshidabad,822,Jangipur APMC,24.48179058318416,88.0778459459342
WB,West Bengal,690,Murshidabad,3345,Jiaganj APMC,24.17020411675515,88.21572531895342
WB,West Bengal,690,Murshidabad,2265,Kandi APMC,24.000112317915402,88.03953087788759
WB,West Bengal,690,Murshidabad,340,Kasimbazar APMC,24.62775466887862,87.92453309852746
WB,West Bengal,690,Murshidabad,818,Lalbagh APMC,24.130043497809602,88.26430906379488
WB,West Bengal,691,Nadia,342,Bethuadahari APMC,23.477843348745225,88.53039053565553
WB,West Bengal,691,Nadia,3350,Chakdah APMC,23.09095454420409,88.57376510688354
WB,West Bengal,691,Nadia,2266,Kalyani APMC,23.051174482167248,88.40158577028538
WB,West Bengal,691,Nadia,341,Karimpur APMC,24.003132666774555,88.54076447142728
WB,West Bengal,691,Nadia,674,Nadia APMC,23.560808300332685,88.60872136588678
WB,West Bengal,691,Nadia,3349,Ranaghat APMC,23.244177650690926,88.55024264330733
WB,West Bengal,692,North 24 Parganas,328,Barasat APMC,22.6795476671197,88.5378435479721
WB,West Bengal,692,North 24 Parganas,2897,Habra APMC,22.712720848900403,88.75431133551885
WB,West Bengal,693,Paschim Bardhaman,3117,Asansol APMC,23.663186211238955,86.88821822313388
WB,West Bengal,693,Paschim Bardhaman,2899,Durgapur APMC,23.54375600369121,87.24296673559148
WB,West Bengal,694,Purba Bardhaman,670,Burdwan APMC,23.21484898905011,87.79044044200174
WB,West Bengal,694,Purba Bardhaman,3348,Guskara APMC,23.320633815869634,87.87658955560111
WB,West Bengal,694,Purba Bardhaman,331,Kalna APMC,23.23786191182693,87.84717606210492
WB,West Bengal,694,Purba Bardhaman,332,Katwa APMC,23.299486536928036,87.92356986369272
WB,West Bengal,694,Purba Bardhaman,2900,Memari APMC,23.23972718753733,87.78426199778463
WB,West Bengal,695,Puruliya,2905,Balarampur APMC,23.156134691467937,86.16161936335384
WB,West Bengal,695,Puruliya,3354,Kasipur APMC,23.420661999620535,86.6452203603431
WB,West Bengal,695,Puruliya,673,Purulia APMC,23.304785055365006,86.41844570167628
WB,West Bengal,696,Sounth 24 Parganas,2268,Baruipur(Canning) APMC,22.388742548733575,88.32099426306479
WB,West Bengal,696,Sounth 24 Parganas,3346,Diamond Harbour(South 24-pgs) APMC,22.18663626517996,88.12921377658583
WB,West Bengal,697,Uttar Dinajpur,343,Islampur APMC,26.250048659792903,88.14843745714515
WB,West Bengal,697,Uttar Dinajpur,344,Kaliaganj APMC,25.94335978798509,87.99717302278366
WB,West Bengal,697,Uttar Dinajpur,3343,Raiganj APMC,25.63414978578751,88.12262234237168
